trade_date,exp_date,underlying,dte_entry,width_sigma,structure,spot_entry,spot_exit,call_atm,call_lo,call_up,total_credit,vix_entry,iv_atm_pct,expected_move,pnl_usd,pnl_tp25,pnl_tp50,pnl_tp75,result,exit_method,mfe,mae,pnl_exit21,pnl_exit14,pnl_exit10,pnl_exit7,pnl_exit5,pnl_exit3
2021-01-08,2021-02-05,SPX,28,0.40,Inverse Butterfly 1-2-1 (calls),3817.5,3886.82,3815.0,3740.0,3890.0,1400.0,21.7,17.26,182.5,1082.0,350.0,700.0,1050.0,WIN,expiration,1237.5,-2820.0,-250.0,-285.0,-90.0,-850.0,-1145.0,-1460.0
2021-01-15,2021-02-12,SPX,28,0.40,Inverse Butterfly 1-2-1 (calls),3783.61,3935.04,3785.0,3710.0,3860.0,1180.0,23.61,18.39,192.7,1180.0,295.0,590.0,885.0,WIN,expiration,1180.0,-4330.0,95.0,-115.0,-160.0,480.0,665.0,730.0
2021-01-22,2021-02-19,SPX,28,0.40,Inverse Butterfly 1-2-1 (calls),3841.06,3906.87,3840.0,3765.0,3915.0,1415.0,21.9,17.46,185.8,602.0,353.75,707.5,1061.25,WIN,expiration,1155.0,-3070.0,-165.0,-490.0,30.0,240.0,725.0,725.0
2021-01-29,2021-02-26,SPX,28,0.40,Inverse Butterfly 1-2-1 (calls),3763.09,3810.81,3765.0,3665.0,3865.0,1415.0,30.67,23.58,245.7,-4004.0,353.75,707.5,-4004.0,LOSS,expiration,1050.0,-10535.0,290.0,575.0,800.0,525.0,165.0,-1120.0
2021-02-05,2021-03-05,SPX,28,0.40,Inverse Butterfly 1-2-1 (calls),3881.32,3841.58,3880.0,3805.0,3955.0,1485.0,21.73,17.38,186.8,-2173.0,371.25,742.5,1113.75,LOSS,expiration,1207.5,-3840.0,175.0,-20.0,-670.0,-375.0,-1135.0,-1195.0
2021-02-12,2021-03-12,SPX,28,0.40,Inverse Butterfly 1-2-1 (calls),3912.37,3943.11,3910.0,3835.0,3985.0,1245.0,20.93,17.07,185.0,-2944.0,-2944.0,-2944.0,-2944.0,LOSS,expiration,195.0,-5215.0,-210.0,-475.0,-1095.0,-327.5,-1332.5,-1760.0
2021-02-19,2021-03-19,SPX,28,0.40,Inverse Butterfly 1-2-1 (calls),3926.98,3911.67,3925.0,3850.0,4000.0,1450.0,21.63,16.99,184.8,-4717.0,-4717.0,-4717.0,-4717.0,LOSS,expiration,340.0,-5285.0,-85.0,-42.5,-795.0,-725.0,-1330.0,-545.0
2021-02-26,2021-03-26,SPX,28,0.40,Inverse Butterfly 1-2-1 (calls),3826.31,3974.28,3825.0,3725.0,3925.0,1530.0,28.61,23.44,248.4,1530.0,382.5,765.0,1147.5,WIN,expiration,1295.0,-6420.0,-800.0,320.0,655.0,-155.0,-130.0,240.0
2021-03-05,2021-04-01,SPX,27,0.40,Inverse Butterfly 1-2-1 (calls),3776.04,4019.79,3775.0,3680.0,3870.0,1450.0,28.34,23.35,239.8,1450.0,362.5,725.0,1087.5,WIN,expiration,1490.0,-2540.0,715.0,930.0,590.0,130.0,1140.0,1110.0
2021-03-12,2021-04-09,SPX,28,0.40,Inverse Butterfly 1-2-1 (calls),3932.31,4127.76,3930.0,3855.0,4005.0,1195.0,22.16,17.67,192.4,1195.0,298.75,597.5,896.25,WIN,expiration,1335.0,-3490.0,-485.0,-1075.0,-740.0,215.0,750.0,940.0
2021-03-19,2021-04-16,SPX,28,0.40,Inverse Butterfly 1-2-1 (calls),3900.36,4184.71,3900.0,3825.0,3975.0,1295.0,22.34,17.71,191.3,1295.0,323.75,647.5,971.25,WIN,expiration,1365.0,-2450.0,-175.0,710.0,995.0,1140.0,1245.0,1260.0
2021-03-26,2021-04-23,SPX,28,0.40,Inverse Butterfly 1-2-1 (calls),3927.31,4179.49,3925.0,3860.0,3990.0,1025.0,18.98,14.97,162.9,1025.0,256.25,512.5,768.75,WIN,expiration,1085.0,-2520.0,380.0,805.0,815.0,985.0,1010.0,950.0
2021-04-09,2021-05-07,SPX,28,0.40,Inverse Butterfly 1-2-1 (calls),4103.29,4231.53,4105.0,4045.0,4165.0,1145.0,17.14,13.0,147.7,1145.0,286.25,572.5,858.75,WIN,expiration,1210.0,-1900.0,350.0,190.0,395.0,805.0,655.0,-140.0
2021-04-16,2021-05-14,SPX,28,0.40,Inverse Butterfly 1-2-1 (calls),4173.23,4172.9,4175.0,4115.0,4235.0,985.0,16.77,12.62,145.9,-4805.0,-4805.0,-4805.0,-4805.0,LOSS,expiration,240.0,-5995.0,-230.0,-600.0,-600.0,-580.0,-95.0,-1045.0
2021-04-23,2021-05-21,SPX,28,0.40,Inverse Butterfly 1-2-1 (calls),4153.09,4156.18,4155.0,4090.0,4220.0,1100.0,18.03,14.09,162.0,-5282.0,275.0,-5282.0,-5282.0,LOSS,expiration,365.0,-5555.0,255.0,5.0,-300.0,-925.0,-945.0,-1200.0
2021-04-30,2021-05-28,SPX,28,0.40,Inverse Butterfly 1-2-1 (calls),4196.6,4204.6,4195.0,4125.0,4265.0,1500.0,17.98,15.24,177.1,-4540.0,375.0,-4540.0,-4540.0,LOSS,expiration,445.0,-6215.0,-5.0,-245.0,-825.0,-1115.0,-1815.0,-1887.5
2021-05-07,2021-06-04,SPX,28,0.40,Inverse Butterfly 1-2-1 (calls),4219.5,4229.55,4220.0,4160.0,4280.0,1090.0,18.02,12.91,150.8,-3955.0,272.5,-3955.0,-3955.0,LOSS,expiration,310.0,-4635.0,-75.0,-540.0,-1000.0,-1690.0,-1760.0,-1760.0
2021-05-14,2021-06-11,SPX,28,0.40,Inverse Butterfly 1-2-1 (calls),4156.78,4247.4,4155.0,4080.0,4230.0,1170.0,19.7,16.2,186.5,1170.0,292.5,585.0,877.5,WIN,expiration,1190.0,-4100.0,-330.0,-450.0,-65.0,-835.0,-250.0,-335.0
2021-05-21,2021-06-18,SPX,28,0.40,Inverse Butterfly 1-2-1 (calls),4188.5,4165.59,4190.0,4125.0,4255.0,1140.0,19.92,14.47,167.9,-2919.0,-2919.0,-2919.0,-2919.0,LOSS,expiration,160.0,-3950.0,-555.0,-400.0,-545.0,-480.0,-355.0,-10.0
2021-05-28,2021-06-25,SPX,28,0.40,Inverse Butterfly 1-2-1 (calls),4215.32,4280.68,4215.0,4155.0,4275.0,1035.0,16.49,12.79,149.4,1035.0,258.75,517.5,776.25,WIN,expiration,945.0,-3100.0,-345.0,-465.0,-270.0,-1040.0,-1367.5,-1652.5
2021-06-25,2021-07-23,SPX,28,0.40,Inverse Butterfly 1-2-1 (calls),4274.57,4411.1,4275.0,4225.0,4325.0,1080.0,15.71,10.3,121.9,1080.0,270.0,540.0,810.0,WIN,expiration,1130.0,-2020.0,515.0,675.0,815.0,765.0,15.0,25.0
2021-07-02,2021-07-30,SPX,28,0.40,Inverse Butterfly 1-2-1 (calls),4333.06,4395.97,4335.0,4290.0,4380.0,855.0,14.52,9.68,116.2,855.0,213.75,427.5,641.25,WIN,expiration,870.0,-1630.0,195.0,245.0,-145.0,125.0,485.0,305.0
2021-07-09,2021-08-06,SPX,28,0.40,Inverse Butterfly 1-2-1 (calls),4349.82,4436.2,4350.0,4295.0,4405.0,945.0,16.97,11.72,141.1,945.0,236.25,472.5,708.75,WIN,expiration,980.0,-1550.0,-5.0,-70.0,145.0,360.0,50.0,-320.0
2021-07-16,2021-08-13,SPX,28,0.40,Inverse Butterfly 1-2-1 (calls),4365.01,4467.97,4365.0,4305.0,4425.0,1110.0,16.42,12.39,149.8,1110.0,277.5,555.0,832.5,WIN,expiration,1245.0,-1630.0,-70.0,225.0,-205.0,245.0,200.0,395.0
2021-07-23,2021-08-20,SPX,28,0.40,Inverse Butterfly 1-2-1 (calls),4382.7,4400.27,4385.0,4330.0,4440.0,965.0,17.21,11.61,141.0,-3008.0,241.25,482.5,723.75,LOSS,expiration,890.0,-2080.0,130.0,85.0,100.0,420.0,210.0,275.0
2021-07-30,2021-08-27,SPX,28,0.40,Inverse Butterfly 1-2-1 (calls),4406.6,4508.71,4405.0,4340.0,4470.0,1265.0,17.89,13.62,166.2,1265.0,316.25,632.5,948.75,WIN,expiration,1260.0,-2910.0,60.0,235.0,-75.0,-380.0,475.0,805.0
2021-08-06,2021-09-03,SPX,28,0.40,Inverse Butterfly 1-2-1 (calls),4431.13,4535.22,4430.0,4365.0,4495.0,1330.0,16.94,12.79,157.0,1330.0,332.5,665.0,997.5,WIN,expiration,1520.0,-1910.0,55.0,-210.0,210.0,65.0,1130.0,760.0
2021-08-13,2021-09-10,SPX,28,0.40,Inverse Butterfly 1-2-1 (calls),4464.73,4459.16,4465.0,4415.0,4515.0,935.0,15.33,10.13,125.3,-3481.0,233.75,467.5,-3481.0,LOSS,expiration,545.0,-4445.0,-55.0,-35.0,260.0,480.0,265.0,265.0
2021-08-20,2021-09-17,SPX,28,0.40,Inverse Butterfly 1-2-1 (calls),4400.27,4433.19,4400.0,4335.0,4465.0,875.0,21.57,13.22,161.1,-2306.0,218.75,437.5,-2306.0,LOSS,expiration,635.0,-3460.0,245.0,580.0,535.0,115.0,105.0,-135.0
2021-08-27,2021-09-24,SPX,28,0.40,Inverse Butterfly 1-2-1 (calls),4484.57,4455.58,4485.0,4430.0,4540.0,750.0,17.59,11.41,141.7,-1808.0,187.5,-1808.0,-1808.0,LOSS,expiration,345.0,-4285.0,70.0,-360.0,-670.0,-975.0,-272.5,-225.0
2021-09-03,2021-10-01,SPX,28,0.40,Inverse Butterfly 1-2-1 (calls),4529.59,4355.01,4530.0,4475.0,4585.0,940.0,16.6,11.04,138.5,940.0,235.0,470.0,705.0,WIN,expiration,945.0,-1990.0,-305.0,-520.0,252.5,-332.5,20.0,712.5
2021-09-10,2021-10-08,SPX,28,0.40,Inverse Butterfly 1-2-1 (calls),4502.2,4390.96,4500.0,4435.0,4565.0,1135.0,17.69,13.31,166.0,1135.0,283.75,567.5,851.25,WIN,expiration,1130.0,-2420.0,-405.0,-635.0,-475.0,820.0,780.0,970.0
2021-09-17,2021-10-15,SPX,28,0.40,Inverse Butterfly 1-2-1 (calls),4451.54,4471.01,4450.0,4375.0,4525.0,1270.0,19.5,14.8,182.5,-4129.0,317.5,-4129.0,-4129.0,LOSS,expiration,320.0,-5615.0,-455.0,-492.5,-395.0,-1225.0,-1885.0,-570.0
2021-09-24,2021-10-22,SPX,28,0.40,Inverse Butterfly 1-2-1 (calls),4452.18,4545.08,4450.0,4380.0,4520.0,1225.0,18.68,14.36,177.0,1225.0,306.25,612.5,918.75,WIN,expiration,1450.0,-2350.0,-415.0,-535.0,-707.5,-1640.0,-1435.0,-680.0
2021-10-01,2021-10-29,SPX,28,0.40,Inverse Butterfly 1-2-1 (calls),4309.7,4604.75,4310.0,4220.0,4400.0,1180.0,22.91,19.01,226.9,1180.0,295.0,590.0,885.0,WIN,expiration,1355.0,-6090.0,175.0,405.0,860.0,1060.0,1100.0,1210.0
2021-10-08,2021-11-05,SPX,28,0.40,Inverse Butterfly 1-2-1 (calls),4398.49,4696.4,4400.0,4325.0,4475.0,1190.0,18.92,15.13,184.3,1190.0,297.5,595.0,892.5,WIN,expiration,1590.0,-2370.0,-115.0,940.0,880.0,1000.0,1000.0,1105.0
2021-10-15,2021-11-12,SPX,28,0.40,Inverse Butterfly 1-2-1 (calls),4465.65,4682.96,4465.0,4405.0,4525.0,975.0,15.9,12.35,152.7,975.0,243.75,487.5,731.25,WIN,expiration,1265.0,-4110.0,430.0,770.0,735.0,910.0,965.0,930.0
2021-10-22,2021-11-19,SPX,28,0.40,Inverse Butterfly 1-2-1 (calls),4552.15,4697.95,4550.0,4490.0,4610.0,1150.0,15.06,12.09,152.4,1150.0,287.5,575.0,862.5,WIN,expiration,1545.0,-2040.0,335.0,825.0,980.0,515.0,905.0,710.0
2021-10-29,2021-11-26,SPX,28,0.40,Inverse Butterfly 1-2-1 (calls),4585.1,4596.63,4585.0,4515.0,4655.0,1340.0,17.06,13.32,169.2,-4497.0,335.0,670.0,1005.0,LOSS,expiration,1270.0,-12965.0,580.0,325.0,760.0,870.0,1190.0,925.0
2021-11-05,2021-12-03,SPX,28,0.40,Inverse Butterfly 1-2-1 (calls),4713.96,4577.1,4715.0,4660.0,4770.0,1015.0,15.07,10.29,134.3,1015.0,253.75,507.5,761.25,WIN,expiration,1017.5,-1700.0,-210.0,-355.0,-520.0,-630.0,-530.0,-250.0
2021-11-12,2021-12-10,SPX,28,0.40,Inverse Butterfly 1-2-1 (calls),4653.64,4711.65,4655.0,4590.0,4720.0,1105.0,17.08,12.32,158.8,270.0,276.25,552.5,270.0,WIN,expiration,770.0,-2600.0,185.0,20.0,-250.0,-485.0,-622.5,-635.0
2021-11-19,2021-12-17,SPX,28,0.40,Inverse Butterfly 1-2-1 (calls),4710.65,4620.26,4710.0,4640.0,4780.0,1310.0,17.87,13.7,178.7,1310.0,1310.0,1310.0,1310.0,WIN,expiration,1310.0,-2820.0,-225.0,-245.0,-625.0,-885.0,-1150.0,-1017.5
2021-11-26,2021-12-23,SPX,27,0.40,Inverse Butterfly 1-2-1 (calls),4624.37,4725.29,4625.0,4530.0,4720.0,1300.0,25.77,19.13,240.6,1300.0,325.0,650.0,975.0,WIN,expiration,1260.0,-4495.0,-545.0,-430.0,-430.0,-285.0,-1870.0,-1975.0
2021-12-03,2021-12-31,SPX,28,0.40,Inverse Butterfly 1-2-1 (calls),4577.1,4766.1,4575.0,4455.0,4695.0,1985.0,28.99,23.67,300.1,1985.0,496.25,992.5,1488.75,WIN,expiration,2015.0,-3860.0,185.0,-150.0,-1250.0,610.0,1165.0,1745.0
2021-12-10,2022-01-07,SPX,28,0.40,Inverse Butterfly 1-2-1 (calls),4687.31,4676.51,4685.0,4605.0,4765.0,1325.0,20.18,15.19,197.2,-5826.0,331.25,662.5,-5826.0,LOSS,expiration,825.0,-6605.0,-110.0,-280.0,565.0,515.0,-185.0,825.0
2021-12-17,2022-01-14,SPX,28,0.40,Inverse Butterfly 1-2-1 (calls),4624.26,4661.92,4625.0,4535.0,4715.0,1385.0,22.2,17.56,224.9,-3923.0,346.25,692.5,1038.75,LOSS,expiration,1120.0,-5955.0,410.0,400.0,1120.0,-270.0,-1680.0,-1465.0
2021-12-31,2022-01-31,SPX,31,0.40,Inverse Butterfly 1-2-1 (calls),4775.22,4515.44,4775.0,4700.0,4850.0,1385.0,17.72,13.11,182.4,1385.0,346.25,692.5,1038.75,WIN,expiration,1385.0,-2080.0,-85.0,285.0,1282.5,1337.5,1327.5,1385.0
2022-01-07,2022-02-04,SPX,28,0.40,Inverse Butterfly 1-2-1 (calls),4703.29,4499.81,4705.0,4625.0,4785.0,1255.0,19.15,14.89,194.0,1255.0,313.75,627.5,941.25,WIN,expiration,1260.0,-2560.0,-335.0,457.5,1077.5,1202.5,1045.0,835.0
2022-01-14,2022-02-11,SPX,28,0.40,Inverse Butterfly 1-2-1 (calls),4659.03,4416.86,4660.0,4575.0,4745.0,1220.0,20.24,16.69,215.3,1220.0,305.0,610.0,915.0,WIN,expiration,1227.5,-1710.0,-165.0,922.5,-322.5,57.5,15.0,742.5
2022-01-21,2022-02-18,SPX,28,0.40,Inverse Butterfly 1-2-1 (calls),4450.74,4348.67,4450.0,4335.0,4565.0,1750.0,27.11,23.42,288.7,383.0,383.0,383.0,383.0,WIN,expiration,420.0,-6830.0,-690.0,-405.0,-1240.0,-1000.0,-1960.0,-2660.0
2022-01-28,2022-02-28,SPX,31,0.40,Inverse Butterfly 1-2-1 (calls),4297.45,4373.75,4295.0,4160.0,4430.0,1960.0,31.85,26.92,337.2,-3665.0,490.0,980.0,-3665.0,LOSS,expiration,1225.0,-8005.0,680.0,-130.0,-670.0,-1435.0,-2460.0,-4620.0
2022-02-04,2022-03-04,SPX,28,0.40,Inverse Butterfly 1-2-1 (calls),4484.16,4363.49,4485.0,4385.0,4585.0,1505.0,24.54,20.07,249.3,1505.0,376.25,752.5,1128.75,WIN,expiration,1527.5,-2380.0,-170.0,-945.0,-950.0,-7.5,-1555.0,-1282.5
2022-02-11,2022-03-11,SPX,28,0.40,Inverse Butterfly 1-2-1 (calls),4503.19,4203.91,4505.0,4410.0,4600.0,1485.0,24.25,19.4,241.9,1485.0,371.25,742.5,1113.75,WIN,expiration,1482.5,-2820.0,-510.0,-52.5,-770.0,-950.0,400.0,1292.5
2022-02-18,2022-03-18,SPX,28,0.40,Inverse Butterfly 1-2-1 (calls),4392.71,4462.85,4395.0,4285.0,4505.0,1565.0,27.85,22.84,277.8,-2650.0,-2650.0,-2650.0,-2650.0,LOSS,expiration,385.0,-6675.0,-645.0,-580.0,-470.0,-1177.5,-335.0,-110.0
2022-02-25,2022-03-25,SPX,28,0.40,Inverse Butterfly 1-2-1 (calls),4288.7,4543.05,4290.0,4170.0,4410.0,1845.0,29.85,25.32,300.8,1845.0,461.25,922.5,1383.75,WIN,expiration,2005.0,-3800.0,470.0,-665.0,-1255.0,-90.0,400.0,915.0
2022-03-04,2022-04-01,SPX,28,0.40,Inverse Butterfly 1-2-1 (calls),4363.49,4544.79,4365.0,4255.0,4475.0,1465.0,32.94,22.68,274.1,1465.0,366.25,732.5,1098.75,WIN,expiration,1450.0,-2960.0,-650.0,-790.0,-175.0,165.0,505.0,1280.0
2022-03-11,2022-04-08,SPX,28,0.40,Inverse Butterfly 1-2-1 (calls),4274.69,4489.24,4275.0,4155.0,4395.0,1695.0,29.79,25.61,303.2,1695.0,423.75,847.5,1271.25,WIN,expiration,1750.0,-4910.0,485.0,720.0,1375.0,935.0,1615.0,1670.0
2022-03-18,2022-04-14,SPX,27,0.40,Inverse Butterfly 1-2-1 (calls),4407.41,4392.44,4405.0,4300.0,4510.0,1770.0,25.55,21.8,261.3,-7474.0,442.5,885.0,-7474.0,LOSS,expiration,1215.0,-9075.0,230.0,845.0,705.0,-505.0,-680.0,-1510.0
2022-04-01,2022-04-29,SPX,28,0.40,Inverse Butterfly 1-2-1 (calls),4537.52,4132.17,4540.0,4455.0,4625.0,1330.0,20.2,16.42,206.4,1330.0,332.5,665.0,997.5,WIN,expiration,1327.5,-3070.0,-650.0,-435.0,-782.5,487.5,1237.5,1235.0
2022-04-08,2022-05-06,SPX,28,0.40,Inverse Butterfly 1-2-1 (calls),4476.48,4146.87,4475.0,4380.0,4570.0,1430.0,22.27,19.12,237.0,1430.0,357.5,715.0,1072.5,WIN,expiration,1427.5,-3030.0,-690.0,-950.0,97.5,-50.0,1185.0,1205.0
2022-04-22,2022-05-20,SPX,28,0.40,Inverse Butterfly 1-2-1 (calls),4355.15,3901.55,4355.0,4250.0,4460.0,1470.0,23.9,21.48,259.1,1470.0,367.5,735.0,1102.5,WIN,expiration,1470.0,-2090.0,-565.0,-565.0,605.0,1292.5,1380.0,1402.5
2022-04-29,2022-05-27,SPX,28,0.40,Inverse Butterfly 1-2-1 (calls),4267.85,4158.34,4270.0,4160.0,4380.0,1600.0,28.98,23.66,279.6,1600.0,400.0,800.0,1200.0,WIN,expiration,1597.5,-5800.0,-390.0,355.0,-140.0,1400.0,1452.5,1545.0
2022-05-06,2022-06-03,SPX,28,0.40,Inverse Butterfly 1-2-1 (calls),4146.87,4108.23,4145.0,3970.0,4320.0,3710.0,35.09,37.82,434.4,-10113.0,927.5,-10113.0,-10113.0,LOSS,expiration,1455.0,-11575.0,-970.0,190.0,100.0,-3575.0,-4812.5,-4812.5
2022-05-13,2022-06-10,SPX,28,0.40,Inverse Butterfly 1-2-1 (calls),3993.95,3900.16,3995.0,3880.0,4110.0,1670.0,29.71,26.54,293.6,-346.0,-346.0,-346.0,-346.0,LOSS,expiration,335.0,-6480.0,-595.0,-625.0,-200.0,335.0,50.0,-910.0
2022-05-20,2022-06-17,SPX,28,0.40,Inverse Butterfly 1-2-1 (calls),3933.8,3673.63,3935.0,3825.0,4045.0,1765.0,28.22,25.2,274.6,1765.0,441.25,882.5,1323.75,WIN,expiration,1760.0,-4240.0,130.0,660.0,330.0,-445.0,-540.0,-217.5
2022-05-27,2022-06-24,SPX,28,0.40,Inverse Butterfly 1-2-1 (calls),4115.44,3912.21,4115.0,4005.0,4225.0,1815.0,26.13,24.38,277.9,1815.0,453.75,907.5,1361.25,WIN,expiration,1815.0,-3110.0,45.0,-600.0,1215.0,1725.0,1757.5,1757.5
2022-06-03,2022-07-01,SPX,28,0.40,Inverse Butterfly 1-2-1 (calls),4134.22,3825.03,4135.0,4030.0,4240.0,1610.0,25.29,22.74,260.4,1610.0,402.5,805.0,1207.5,WIN,expiration,1605.0,-2750.0,-320.0,1430.0,1367.5,1442.5,1000.0,930.0
2022-06-10,2022-07-08,SPX,28,0.40,Inverse Butterfly 1-2-1 (calls),3935.06,3899.18,3935.0,3820.0,4050.0,1735.0,27.92,26.35,287.1,-6183.0,433.75,-6183.0,-6183.0,LOSS,expiration,450.0,-8555.0,215.0,-745.0,-1650.0,275.0,255.0,255.0
2022-06-17,2022-07-15,SPX,28,0.40,Inverse Butterfly 1-2-1 (calls),3698.69,3861.56,3700.0,3590.0,3810.0,1700.0,31.44,27.44,281.2,1700.0,425.0,850.0,1275.0,WIN,expiration,1665.0,-7360.0,155.0,-130.0,-520.0,810.0,80.0,75.0
2022-06-24,2022-07-22,SPX,28,0.40,Inverse Butterfly 1-2-1 (calls),3852.1,3962.24,3850.0,3740.0,3960.0,2135.0,28.4,26.3,280.6,2135.0,533.75,1067.5,1601.25,WIN,expiration,2435.0,-7920.0,790.0,-40.0,-640.0,-1435.0,-1440.0,-2010.0
2022-07-01,2022-07-29,SPX,28,0.40,Inverse Butterfly 1-2-1 (calls),3800.64,4130.48,3800.0,3690.0,3910.0,1745.0,27.94,26.62,280.3,1745.0,436.25,872.5,1308.75,WIN,expiration,1750.0,-8740.0,275.0,-545.0,-255.0,1240.0,255.0,-180.0
2022-07-08,2022-08-05,SPX,28,0.40,Inverse Butterfly 1-2-1 (calls),3874.9,4144.66,3875.0,3775.0,3975.0,1500.0,25.76,23.51,252.4,1500.0,375.0,750.0,1125.0,WIN,expiration,1515.0,-3190.0,-430.0,160.0,-350.0,740.0,1220.0,1005.0
2022-07-15,2022-08-12,SPX,28,0.40,Inverse Butterfly 1-2-1 (calls),3826.81,4279.35,3825.0,3720.0,3930.0,1635.0,25.31,24.34,258.0,1635.0,408.75,817.5,1226.25,WIN,expiration,1750.0,-5080.0,460.0,920.0,1065.0,1480.0,1600.0,1510.0
2022-07-22,2022-08-19,SPX,28,0.40,Inverse Butterfly 1-2-1 (calls),3991.17,4228.37,3990.0,3895.0,4085.0,1680.0,23.25,21.09,233.1,1680.0,420.0,840.0,1260.0,WIN,expiration,1870.0,-5040.0,310.0,690.0,380.0,1180.0,1595.0,1645.0
2022-07-29,2022-08-26,SPX,28,0.40,Inverse Butterfly 1-2-1 (calls),4102.69,4058.29,4105.0,4020.0,4190.0,1410.0,21.72,18.37,208.8,-2419.0,352.5,705.0,-2419.0,LOSS,expiration,930.0,-6185.0,105.0,250.0,725.0,900.0,-625.0,-945.0
2022-08-05,2022-09-02,SPX,28,0.40,Inverse Butterfly 1-2-1 (calls),4131.1,3925.29,4130.0,4035.0,4225.0,1670.0,21.7,20.45,234.0,1670.0,417.5,835.0,1252.5,WIN,expiration,1675.0,-2460.0,155.0,535.0,-580.0,-480.0,-1012.5,-697.5
2022-08-12,2022-09-09,SPX,28,0.40,Inverse Butterfly 1-2-1 (calls),4234.43,4067.62,4235.0,4160.0,4310.0,1170.0,19.84,16.36,191.9,1170.0,292.5,585.0,877.5,WIN,expiration,1172.5,-1900.0,110.0,-335.0,550.0,1035.0,1152.5,1152.5
2022-08-19,2022-09-16,SPX,28,0.40,Inverse Butterfly 1-2-1 (calls),4237.6,3872.56,4240.0,4155.0,4325.0,1320.0,20.72,17.72,208.0,1320.0,330.0,660.0,990.0,WIN,expiration,1322.5,-2470.0,-225.0,860.0,1110.0,940.0,-132.5,1025.0
2022-08-26,2022-09-23,SPX,28,0.40,Inverse Butterfly 1-2-1 (calls),4197.3,3695.23,4195.0,4100.0,4290.0,1540.0,22.06,20.63,239.9,1540.0,385.0,770.0,1155.0,WIN,expiration,1542.5,-1720.0,285.0,265.0,232.5,1230.0,1420.0,1437.5
2022-09-02,2022-09-30,SPX,28,0.40,Inverse Butterfly 1-2-1 (calls),3983.57,3589.7,3985.0,3890.0,4080.0,1515.0,24.16,21.19,233.8,1515.0,378.75,757.5,1136.25,WIN,expiration,1510.0,-2810.0,-195.0,-535.0,-465.0,645.0,1235.0,1345.0
2022-09-09,2022-10-07,SPX,28,0.40,Inverse Butterfly 1-2-1 (calls),4045.35,3640.38,4045.0,3950.0,4140.0,1615.0,22.91,21.67,242.8,1615.0,403.75,807.5,1211.25,WIN,expiration,1612.5,-2120.0,-100.0,920.0,1305.0,1547.5,1610.0,1497.5
2022-09-16,2022-10-14,SPX,28,0.40,Inverse Butterfly 1-2-1 (calls),3840.48,3585.73,3840.0,3725.0,3955.0,1710.0,28.34,26.65,283.5,1710.0,427.5,855.0,1282.5,WIN,expiration,1735.0,-3580.0,-400.0,-360.0,-1580.0,-1295.0,190.0,995.0
2022-09-23,2022-10-21,SPX,28,0.40,Inverse Butterfly 1-2-1 (calls),3691.77,3752.75,3690.0,3575.0,3805.0,1750.0,29.13,28.21,288.5,-3475.0,-3475.0,-3475.0,-3475.0,LOSS,expiration,130.0,-6565.0,120.0,-410.0,-765.0,-1165.0,-2030.0,-1760.0
2022-09-30,2022-10-31,SPX,31,0.40,Inverse Butterfly 1-2-1 (calls),3643.29,3872.34,3645.0,3530.0,3760.0,1655.0,31.01,26.86,285.1,1655.0,413.75,827.5,1241.25,WIN,expiration,1905.0,-5640.0,-375.0,-740.0,-1245.0,-400.0,185.0,1025.0
2022-10-28,2022-11-28,SPX,31,0.40,Inverse Butterfly 1-2-1 (calls),3835.58,3964.56,3840.0,3730.0,3950.0,1735.0,27.39,24.1,269.4,1735.0,433.75,867.5,1301.25,WIN,expiration,1830.0,-4360.0,-370.0,-65.0,-315.0,-590.0,1380.0,1700.0
2022-12-02,2022-12-30,SPX,28,0.40,Inverse Butterfly 1-2-1 (calls),4033.69,3839.85,4035.0,3950.0,4120.0,1320.0,19.88,18.53,207.0,1320.0,330.0,660.0,990.0,WIN,expiration,1310.0,-4700.0,-150.0,32.5,860.0,1117.5,1182.5,1182.5
2022-12-09,2023-01-09,SPX,31,0.40,Inverse Butterfly 1-2-1 (calls),3957.58,3892.15,3960.0,3865.0,4055.0,1435.0,22.86,20.18,232.8,-1280.0,358.75,717.5,-1280.0,LOSS,expiration,727.5,-7925.0,-505.0,-387.5,-790.0,-575.0,-782.5,727.5
2022-12-16,2023-01-13,SPX,28,0.40,Inverse Butterfly 1-2-1 (calls),3876.13,3998.63,3875.0,3785.0,3965.0,1320.0,22.41,21.42,230.0,1320.0,330.0,660.0,990.0,WIN,expiration,1310.0,-3750.0,-230.0,-525.0,-605.0,-875.0,-860.0,-1015.0
2022-12-23,2023-01-23,SPX,31,0.40,Inverse Butterfly 1-2-1 (calls),3799.89,4019.52,3800.0,3710.0,3890.0,1400.0,22.49,20.53,227.4,1400.0,350.0,700.0,1050.0,WIN,expiration,1485.0,-5250.0,5.0,-95.0,710.0,1020.0,1300.0,570.0
2022-12-30,2023-01-30,SPX,31,0.40,Inverse Butterfly 1-2-1 (calls),3818.57,4018.13,3820.0,3730.0,3910.0,1200.0,22.03,20.02,222.8,1200.0,300.0,600.0,900.0,WIN,expiration,1430.0,-4530.0,-220.0,470.0,-525.0,255.0,180.0,1200.0
2023-01-06,2023-02-06,SPX,31,0.40,Inverse Butterfly 1-2-1 (calls),3821.08,4111.2,3820.0,3725.0,3915.0,1425.0,21.85,21.12,235.1,1425.0,356.25,712.5,1068.75,WIN,expiration,1465.0,-4990.0,520.0,240.0,895.0,1085.0,1055.0,1450.0
2023-01-13,2023-02-13,SPX,31,0.40,Inverse Butterfly 1-2-1 (calls),3961.6,4136.96,3960.0,3880.0,4040.0,1245.0,18.7,17.66,203.9,1245.0,311.25,622.5,933.75,WIN,expiration,1265.0,-6140.0,-170.0,300.0,735.0,730.0,1010.0,365.0
2023-01-20,2023-02-17,SPX,28,0.40,Inverse Butterfly 1-2-1 (calls),3910.21,4078.98,3910.0,3825.0,3995.0,1420.0,20.23,19.48,211.0,1420.0,355.0,710.0,1065.0,WIN,expiration,1485.0,-7090.0,630.0,1145.0,785.0,715.0,545.0,950.0
2023-02-03,2023-03-06,SPX,31,0.40,Inverse Butterfly 1-2-1 (calls),4149.73,4048.46,4150.0,4080.0,4220.0,1155.0,18.46,14.65,177.2,1155.0,288.75,577.5,866.25,WIN,expiration,1155.0,-3140.0,-35.0,-140.0,780.0,445.0,1037.5,1015.0
2023-02-10,2023-03-13,SPX,31,0.40,Inverse Butterfly 1-2-1 (calls),4073.56,3855.54,4075.0,3990.0,4160.0,1310.0,21.31,17.98,213.4,1310.0,327.5,655.0,982.5,WIN,expiration,1307.5,-5640.0,-435.0,-875.0,-1177.5,-1535.0,-1010.0,1105.0
2023-02-17,2023-03-20,SPX,31,0.40,Inverse Butterfly 1-2-1 (calls),4054.66,3950.83,4055.0,3970.0,4140.0,1265.0,21.02,17.56,207.4,1265.0,316.25,632.5,948.75,WIN,expiration,1262.5,-2660.0,-475.0,-765.0,-82.5,310.0,675.0,-392.5
2023-02-24,2023-03-27,SPX,31,0.40,Inverse Butterfly 1-2-1 (calls),3951.24,3977.53,3950.0,3850.0,4050.0,1585.0,22.76,21.58,248.5,-5662.0,-5662.0,-5662.0,-5662.0,LOSS,expiration,275.0,-8725.0,35.0,-625.0,-1000.0,-885.0,-1155.0,-3035.0
2023-03-31,2023-05-01,SPX,31,0.40,Inverse Butterfly 1-2-1 (calls),4070.21,4167.33,4070.0,3990.0,4150.0,1305.0,18.88,16.89,200.4,1305.0,326.25,652.5,978.75,WIN,expiration,1290.0,-4165.0,-215.0,-190.0,-555.0,-380.0,-1850.0,-520.0
2023-04-28,2023-05-26,SPX,28,0.40,Inverse Butterfly 1-2-1 (calls),4136.61,4205.01,4135.0,4065.0,4205.0,1165.0,16.54,14.74,168.9,1165.0,291.25,582.5,873.75,WIN,expiration,1032.5,-3875.0,-295.0,-725.0,-1100.0,10.0,-260.0,-690.0
2023-05-05,2023-06-05,SPX,31,0.40,Inverse Butterfly 1-2-1 (calls),4111.5,4274.04,4110.0,4030.0,4190.0,1335.0,17.97,16.25,194.8,1335.0,333.75,667.5,1001.25,WIN,expiration,1370.0,-2750.0,-365.0,225.0,-540.0,305.0,-315.0,1145.0
2023-05-12,2023-06-12,SPX,31,0.40,Inverse Butterfly 1-2-1 (calls),4139.03,4339.46,4140.0,4080.0,4200.0,870.0,16.54,12.16,146.7,870.0,217.5,435.0,652.5,WIN,expiration,930.0,-3500.0,160.0,265.0,390.0,665.0,760.0,905.0
2023-05-19,2023-06-16,SPX,28,0.40,Inverse Butterfly 1-2-1 (calls),4211.3,4409.77,4210.0,4145.0,4275.0,1155.0,16.03,13.69,159.7,1155.0,288.75,577.5,866.25,WIN,expiration,1175.0,-3010.0,-220.0,-135.0,50.0,385.0,340.0,720.0
2023-05-26,2023-06-26,SPX,31,0.40,Inverse Butterfly 1-2-1 (calls),4175.04,4329.58,4175.0,4100.0,4250.0,1240.0,18.23,15.26,185.7,1240.0,310.0,620.0,930.0,WIN,expiration,1430.0,-4120.0,415.0,610.0,1170.0,1180.0,1130.0,1220.0
2023-06-09,2023-07-10,SPX,31,0.40,Inverse Butterfly 1-2-1 (calls),4312.0,4409.92,4310.0,4255.0,4365.0,975.0,13.56,11.23,141.1,975.0,243.75,487.5,731.25,WIN,expiration,990.0,-2540.0,360.0,-80.0,575.0,960.0,900.0,905.0
2023-06-30,2023-07-31,SPX,31,0.40,Inverse Butterfly 1-2-1 (calls),4438.96,4589.48,4440.0,4385.0,4495.0,925.0,13.47,10.41,134.6,925.0,231.25,462.5,693.75,WIN,expiration,935.0,-3540.0,-195.0,155.0,395.0,445.0,655.0,880.0
2023-07-07,2023-08-07,SPX,31,0.40,Inverse Butterfly 1-2-1 (calls),4415.42,4518.31,4420.0,4360.0,4480.0,985.0,14.98,11.8,151.8,985.0,246.25,492.5,738.75,WIN,expiration,1215.0,-2650.0,350.0,505.0,770.0,785.0,615.0,585.0
2023-07-21,2023-08-21,SPX,31,0.40,Inverse Butterfly 1-2-1 (calls),4541.96,4400.13,4540.0,4480.0,4600.0,1030.0,13.79,11.79,156.1,1030.0,257.5,515.0,772.5,WIN,expiration,1032.5,-2440.0,40.0,-365.0,-250.0,-380.0,117.5,1027.5
2023-08-04,2023-09-01,SPX,28,0.40,Inverse Butterfly 1-2-1 (calls),4514.98,4514.95,4515.0,4455.0,4575.0,980.0,15.27,11.8,147.6,-5015.0,245.0,490.0,-5015.0,LOSS,expiration,590.0,-5595.0,-140.0,290.0,-20.0,182.5,-275.0,-455.0
2023-08-11,2023-09-11,SPX,31,0.40,Inverse Butterfly 1-2-1 (calls),4451.3,4488.1,4450.0,4375.0,4525.0,1225.0,16.15,14.16,183.7,-2465.0,-2465.0,-2465.0,-2465.0,LOSS,expiration,115.0,-5290.0,-410.0,-1065.0,-625.0,-990.0,-1790.0,-3280.0
2023-08-18,2023-09-18,SPX,31,0.40,Inverse Butterfly 1-2-1 (calls),4348.8,4453.58,4350.0,4275.0,4425.0,1055.0,18.58,15.25,193.3,1055.0,263.75,527.5,791.25,WIN,expiration,1060.0,-2860.0,70.0,545.0,245.0,275.0,560.0,1020.0
2023-08-25,2023-09-25,SPX,31,0.40,Inverse Butterfly 1-2-1 (calls),4396.18,4337.31,4395.0,4320.0,4470.0,1210.0,16.64,14.63,187.4,-521.0,302.5,605.0,-521.0,LOSS,expiration,720.0,-7780.0,380.0,-50.0,-30.0,-530.0,-555.0,-1555.0
2023-09-01,2023-10-02,SPX,31,0.40,Inverse Butterfly 1-2-1 (calls),4527.51,4288.24,4530.0,4475.0,4585.0,940.0,13.27,10.07,132.8,940.0,235.0,470.0,705.0,WIN,expiration,940.0,-5660.0,-185.0,-285.0,810.0,860.0,935.0,937.5
2023-09-15,2023-10-16,SPX,31,0.40,Inverse Butterfly 1-2-1 (calls),4481.34,4371.93,4480.0,4420.0,4540.0,1070.0,13.15,11.29,147.5,1070.0,267.5,535.0,802.5,WIN,expiration,1070.0,-2470.0,240.0,567.5,995.0,800.0,305.0,747.5
2023-10-27,2023-11-27,SPX,31,0.40,Inverse Butterfly 1-2-1 (calls),4143.54,4550.86,4140.0,4050.0,4230.0,1510.0,20.09,18.44,222.7,1510.0,377.5,755.0,1132.5,WIN,expiration,1595.0,-3630.0,1070.0,1365.0,1500.0,1505.0,1420.0,1480.0
2023-11-10,2023-12-11,SPX,31,0.40,Inverse Butterfly 1-2-1 (calls),4367.13,4622.89,4370.0,4310.0,4430.0,840.0,14.85,11.31,144.0,840.0,210.0,420.0,630.0,WIN,expiration,890.0,-5680.0,610.0,625.0,775.0,760.0,830.0,860.0
2023-11-24,2023-12-22,SPX,28,0.40,Inverse Butterfly 1-2-1 (calls),4558.61,4755.16,4560.0,4510.0,4610.0,775.0,13.07,10.36,130.8,775.0,193.75,387.5,581.25,WIN,expiration,1035.0,-1900.0,-125.0,-20.0,5.0,645.0,760.0,740.0
2023-12-01,2023-12-29,SPX,28,0.40,Inverse Butterfly 1-2-1 (calls),4563.52,4772.17,4565.0,4510.0,4620.0,940.0,12.82,10.7,135.3,940.0,235.0,470.0,705.0,WIN,expiration,1165.0,-3630.0,-85.0,760.0,840.0,770.0,880.0,880.0
2023-12-08,2024-01-08,SPX,31,0.40,Inverse Butterfly 1-2-1 (calls),4584.37,4762.74,4585.0,4530.0,4640.0,895.0,12.78,10.44,139.4,895.0,223.75,447.5,671.25,WIN,expiration,985.0,-4820.0,595.0,705.0,850.0,750.0,710.0,790.0
2023-12-15,2024-01-12,SPX,28,0.40,Inverse Butterfly 1-2-1 (calls),4711.31,4783.14,4710.0,4655.0,4765.0,860.0,12.28,10.2,133.1,860.0,215.0,430.0,645.0,WIN,expiration,990.0,-3960.0,160.0,140.0,-200.0,-690.0,-825.0,-310.0
2023-12-22,2024-01-22,SPX,31,0.40,Inverse Butterfly 1-2-1 (calls),4768.16,4850.62,4770.0,4710.0,4830.0,1080.0,13.83,11.0,152.8,1080.0,270.0,540.0,810.0,WIN,expiration,1070.0,-6530.0,-220.0,-245.0,-840.0,-1010.0,-877.5,-1150.0
2023-12-29,2024-01-29,SPX,31,0.40,Inverse Butterfly 1-2-1 (calls),4785.93,4928.1,4785.0,4725.0,4845.0,1010.0,12.65,10.66,148.7,1010.0,252.5,505.0,757.5,WIN,expiration,1040.0,-2280.0,-130.0,-580.0,-480.0,-195.0,625.0,750.0
2024-01-05,2024-02-05,SPX,31,0.40,Inverse Butterfly 1-2-1 (calls),4699.58,4942.21,4700.0,4640.0,4760.0,920.0,13.56,11.12,152.3,920.0,230.0,460.0,690.0,WIN,expiration,1095.0,-4220.0,125.0,540.0,730.0,855.0,845.0,900.0
2024-01-19,2024-02-16,SPX,28,0.40,Inverse Butterfly 1-2-1 (calls),4794.54,5005.15,4795.0,4735.0,4855.0,1025.0,13.76,11.23,149.1,1025.0,256.25,512.5,768.75,WIN,expiration,1365.0,-3880.0,385.0,245.0,660.0,1070.0,1010.0,1055.0
2024-01-26,2024-02-26,SPX,31,0.40,Inverse Butterfly 1-2-1 (calls),4892.54,5069.09,4895.0,4835.0,4955.0,1025.0,13.56,10.1,144.0,1025.0,256.25,512.5,768.75,WIN,expiration,1120.0,-3000.0,180.0,595.0,615.0,175.0,-70.0,1010.0
2024-02-02,2024-03-04,SPX,31,0.40,Inverse Butterfly 1-2-1 (calls),4920.8,5131.04,4920.0,4850.0,4990.0,1390.0,13.95,11.77,168.8,1390.0,347.5,695.0,1042.5,WIN,expiration,1555.0,-3410.0,550.0,170.0,1205.0,1075.0,1140.0,1355.0
2024-02-09,2024-03-11,SPX,31,0.40,Inverse Butterfly 1-2-1 (calls),5008.64,5118.46,5010.0,4955.0,5065.0,865.0,12.83,9.53,139.2,865.0,216.25,432.5,648.75,WIN,expiration,950.0,-5860.0,-100.0,195.0,255.0,445.0,235.0,830.0
2024-03-01,2024-04-01,SPX,31,0.40,Inverse Butterfly 1-2-1 (calls),5099.71,5243.41,5100.0,5040.0,5160.0,980.0,13.28,9.98,148.3,980.0,245.0,490.0,735.0,WIN,expiration,1040.0,-2400.0,55.0,70.0,650.0,700.0,780.0,1005.0
2024-03-15,2024-04-15,SPX,31,0.40,Inverse Butterfly 1-2-1 (calls),5118.91,5061.62,5120.0,5050.0,5190.0,1100.0,14.91,11.8,176.1,-62.0,275.0,550.0,-62.0,LOSS,expiration,610.0,-4525.0,335.0,545.0,-140.0,95.0,-575.0,-620.0
2024-03-22,2024-04-22,SPX,31,0.40,Inverse Butterfly 1-2-1 (calls),5238.06,5011.48,5240.0,5180.0,5300.0,900.0,12.91,10.16,155.2,900.0,225.0,450.0,675.0,WIN,expiration,892.5,-2210.0,-135.0,-300.0,-395.0,-200.0,635.0,877.5
2024-04-05,2024-05-06,SPX,31,0.40,Inverse Butterfly 1-2-1 (calls),5178.55,5180.7,5180.0,5100.0,5260.0,1240.0,16.15,13.23,199.6,-6690.0,310.0,620.0,-6690.0,LOSS,expiration,700.0,-7405.0,-260.0,335.0,-875.0,-1067.5,292.5,-2172.5
2024-04-26,2024-05-24,SPX,28,0.40,Inverse Butterfly 1-2-1 (calls),5094.17,5304.7,5095.0,5020.0,5170.0,1165.0,15.27,13.28,187.4,1165.0,291.25,582.5,873.75,WIN,expiration,1555.0,-4040.0,-160.0,635.0,225.0,1075.0,1140.0,1085.0
2024-05-10,2024-06-10,SPX,31,0.40,Inverse Butterfly 1-2-1 (calls),5237.51,5360.66,5240.0,5180.0,5300.0,590.0,12.89,9.97,152.1,590.0,147.5,295.0,442.5,WIN,expiration,715.0,-11490.0,-0.0,-300.0,-910.0,-555.0,-750.0,280.0
2024-05-17,2024-06-17,SPX,31,0.40,Inverse Butterfly 1-2-1 (calls),5298.56,5473.67,5300.0,5240.0,5360.0,975.0,12.36,9.56,147.6,975.0,243.75,487.5,731.25,WIN,expiration,1045.0,-8440.0,-145.0,-430.0,5.0,-245.0,610.0,690.0
2024-06-07,2024-07-08,SPX,31,0.40,Inverse Butterfly 1-2-1 (calls),5347.82,5572.13,5350.0,5290.0,5410.0,910.0,12.58,9.99,155.7,910.0,227.5,455.0,682.5,WIN,expiration,975.0,-3270.0,280.0,520.0,600.0,385.0,780.0,785.0
2024-06-21,2024-07-22,SPX,31,0.40,Inverse Butterfly 1-2-1 (calls),5459.93,5563.96,5460.0,5390.0,5530.0,810.0,13.61,10.97,174.6,810.0,202.5,405.0,607.5,WIN,expiration,975.0,-5570.0,-580.0,45.0,-90.0,640.0,595.0,-250.0
2024-07-19,2024-08-19,SPX,31,0.40,Inverse Butterfly 1-2-1 (calls),5546.86,5607.52,5550.0,5470.0,5630.0,1280.0,15.96,12.59,203.5,-968.0,320.0,640.0,960.0,LOSS,expiration,1167.5,-4610.0,-210.0,1167.5,677.5,805.0,-170.0,-3302.5
2024-07-26,2024-08-26,SPX,31,0.40,Inverse Butterfly 1-2-1 (calls),5447.39,5618.19,5450.0,5360.0,5540.0,1450.0,17.38,14.06,223.2,1450.0,362.5,725.0,1087.5,WIN,expiration,1565.0,-7330.0,330.0,-625.0,-240.0,70.0,800.0,965.0
2024-08-02,2024-08-30,SPX,28,0.40,Inverse Butterfly 1-2-1 (calls),5355.7,5646.96,5355.0,5240.0,5470.0,1910.0,21.55,19.44,288.4,1910.0,477.5,955.0,1432.5,WIN,expiration,2255.0,-4990.0,-240.0,865.0,1220.0,1385.0,1400.0,1775.0
2024-08-23,2024-09-23,SPX,31,0.40,Inverse Butterfly 1-2-1 (calls),5608.63,5718.26,5610.0,5530.0,5690.0,1285.0,16.86,12.43,203.1,1285.0,321.25,642.5,963.75,WIN,expiration,1330.0,-7040.0,-105.0,-110.0,-375.0,-615.0,-475.0,-195.0
2024-08-30,2024-09-30,SPX,31,0.40,Inverse Butterfly 1-2-1 (calls),5627.85,5760.92,5630.0,5560.0,5700.0,1015.0,15.1,10.72,175.8,1015.0,253.75,507.5,761.25,WIN,expiration,1270.0,-5270.0,-120.0,-160.0,-80.0,-110.0,365.0,695.0
2024-09-06,2024-10-07,SPX,31,0.40,Inverse Butterfly 1-2-1 (calls),5486.27,5696.31,5490.0,5390.0,5590.0,1495.0,20.17,15.49,247.7,1495.0,373.75,747.5,1121.25,WIN,expiration,1750.0,-4490.0,615.0,600.0,1210.0,1065.0,600.0,1295.0
2024-10-04,2024-11-04,SPX,31,0.40,Inverse Butterfly 1-2-1 (calls),5720.73,5713.66,5720.0,5620.0,5820.0,1525.0,19.69,14.79,246.6,-7841.0,381.25,-7841.0,-7841.0,LOSS,expiration,645.0,-8730.0,250.0,540.0,150.0,-85.0,-20.0,-3030.0
2024-10-11,2024-11-11,SPX,31,0.40,Inverse Butterfly 1-2-1 (calls),5793.98,6003.58,5790.0,5680.0,5900.0,1940.0,20.6,16.55,279.4,1940.0,485.0,970.0,1455.0,WIN,expiration,1985.0,-7170.0,190.0,-20.0,-730.0,-585.0,-505.0,1840.0
2024-11-01,2024-12-02,SPX,31,0.40,Inverse Butterfly 1-2-1 (calls),5749.02,6046.88,5750.0,5640.0,5860.0,1615.0,21.61,16.24,272.0,1615.0,403.75,807.5,1211.25,WIN,expiration,1635.0,-6580.0,1060.0,-240.0,1105.0,1485.0,1565.0,1595.0
2024-12-06,2025-01-06,SPX,31,0.40,Inverse Butterfly 1-2-1 (calls),6098.24,5976.5,6100.0,6040.0,6160.0,1185.0,13.07,8.79,156.1,1185.0,296.25,592.5,888.75,WIN,expiration,1185.0,-5590.0,-155.0,235.0,35.0,1012.5,1032.5,1175.0
2024-12-13,2025-01-13,SPX,31,0.40,Inverse Butterfly 1-2-1 (calls),6068.64,5836.11,6070.0,6000.0,6140.0,1355.0,13.46,9.56,169.0,1355.0,338.75,677.5,1016.25,WIN,expiration,1352.5,-3590.0,85.0,495.0,477.5,140.0,880.0,1322.5
2024-12-20,2025-01-17,SPX,28,0.40,Inverse Butterfly 1-2-1 (calls),5846.0,5997.07,5845.0,5735.0,5955.0,1635.0,22.35,17.34,280.7,1635.0,408.75,817.5,1226.25,WIN,expiration,1620.0,-4160.0,870.0,-540.0,145.0,-1345.0,-1750.0,-1860.0
2024-12-27,2025-01-27,SPX,31,0.40,Inverse Butterfly 1-2-1 (calls),5992.41,6013.39,5990.0,5900.0,6080.0,1480.0,16.47,12.76,222.8,-5181.0,370.0,740.0,1110.0,LOSS,expiration,1130.0,-6915.0,-495.0,-260.0,-1255.0,-1170.0,-40.0,1105.0
2025-01-03,2025-02-03,SPX,31,0.40,Inverse Butterfly 1-2-1 (calls),5902.75,5995.08,5900.0,5800.0,6000.0,1590.0,17.44,14.26,245.3,1098.0,397.5,795.0,1192.5,WIN,expiration,1605.0,-8140.0,-370.0,285.0,770.0,895.0,385.0,1605.0
2025-01-10,2025-02-10,SPX,31,0.40,Inverse Butterfly 1-2-1 (calls),5850.85,6066.66,5850.0,5740.0,5960.0,1580.0,19.22,15.85,270.3,1580.0,395.0,790.0,1185.0,WIN,expiration,1785.0,-7420.0,695.0,940.0,1295.0,235.0,560.0,1650.0
2025-01-17,2025-02-14,SPX,28,0.40,Inverse Butterfly 1-2-1 (calls),5985.09,6113.74,5985.0,5895.0,6075.0,1535.0,15.82,13.82,229.0,1535.0,383.75,767.5,1151.25,WIN,expiration,1710.0,-2720.0,465.0,400.0,-160.0,280.0,-470.0,-190.0
2025-01-24,2025-02-24,SPX,31,0.40,Inverse Butterfly 1-2-1 (calls),6124.53,5984.3,6125.0,6050.0,6200.0,870.0,14.75,10.37,185.1,870.0,217.5,435.0,652.5,WIN,expiration,867.5,-9530.0,-515.0,-935.0,-1640.0,-1850.0,-2395.0,-3030.0
2025-02-21,2025-03-24,SPX,31,0.40,Inverse Butterfly 1-2-1 (calls),6097.94,5765.15,6100.0,6025.0,6175.0,1185.0,15.7,10.82,192.3,1185.0,296.25,592.5,888.75,WIN,expiration,1190.0,-5420.0,-55.0,920.0,1177.5,1182.5,1182.5,1190.0
2025-02-28,2025-03-31,SPX,31,0.40,Inverse Butterfly 1-2-1 (calls),5872.14,5611.33,5870.0,5745.0,5995.0,1835.0,20.95,18.03,308.6,1835.0,458.75,917.5,1376.25,WIN,expiration,1810.0,-4100.0,-440.0,-897.5,190.0,-490.0,-2592.5,992.5
2025-03-07,2025-04-07,SPX,31,0.40,Inverse Butterfly 1-2-1 (calls),5750.59,5059.86,5750.0,5610.0,5890.0,2010.0,24.11,21.06,353.0,2010.0,502.5,1005.0,1507.5,WIN,expiration,2025.0,-4660.0,-1240.0,-1880.0,-2295.0,-1437.5,-2252.5,1910.0
2025-04-11,2025-05-12,SPX,31,0.40,Inverse Butterfly 1-2-1 (calls),5283.85,5844.58,5275.0,5050.0,5500.0,3385.0,42.42,36.52,562.3,3385.0,846.25,1692.5,2538.75,WIN,expiration,3575.0,-9910.0,-2415.0,-235.0,1770.0,1885.0,1875.0,3100.0
2025-04-25,2025-05-23,SPX,28,0.40,Inverse Butterfly 1-2-1 (calls),5466.22,5804.16,5470.0,5330.0,5610.0,1845.0,27.1,22.8,345.3,1845.0,461.25,922.5,1383.75,WIN,expiration,2220.0,-11960.0,505.0,410.0,1615.0,1875.0,1720.0,1695.0
2025-05-30,2025-06-30,SPX,31,0.40,Inverse Butterfly 1-2-1 (calls),5881.04,6204.35,5880.0,5765.0,5995.0,2075.0,19.7,17.04,292.0,2075.0,518.75,1037.5,1556.25,WIN,expiration,2105.0,-5690.0,365.0,740.0,345.0,-80.0,1680.0,2105.0
2025-07-11,2025-08-11,SPX,31,0.40,Inverse Butterfly 1-2-1 (calls),6254.01,6374.49,6250.0,6150.0,6350.0,1755.0,16.62,14.04,255.9,1755.0,438.75,877.5,1316.25,WIN,expiration,1740.0,-3030.0,265.0,625.0,-650.0,-385.0,-890.0,935.0
2025-07-18,2025-08-18,SPX,31,0.40,Inverse Butterfly 1-2-1 (calls),6307.17,6449.24,6310.0,6220.0,6400.0,1520.0,16.38,12.34,226.9,1520.0,380.0,760.0,1140.0,WIN,expiration,1880.0,-6530.0,315.0,-455.0,-240.0,-65.0,1090.0,980.0
2025-08-01,2025-08-29,SPX,28,0.40,Inverse Butterfly 1-2-1 (calls),6232.49,6461.82,6230.0,6110.0,6350.0,1900.0,20.89,17.72,305.9,1900.0,475.0,950.0,1425.0,WIN,expiration,2055.0,-4650.0,495.0,1185.0,1020.0,520.0,1145.0,1005.0
2025-08-22,2025-09-22,SPX,31,0.40,Inverse Butterfly 1-2-1 (calls),6398.87,6693.76,6400.0,6310.0,6490.0,1140.0,16.45,12.38,230.9,1140.0,285.0,570.0,855.0,WIN,expiration,1510.0,-10840.0,-780.0,-30.0,560.0,815.0,560.0,1510.0
2025-08-29,2025-09-29,SPX,31,0.40,Inverse Butterfly 1-2-1 (calls),6468.0,6661.71,6470.0,6390.0,6550.0,1210.0,15.29,10.55,198.9,1210.0,302.5,605.0,907.5,WIN,expiration,1525.0,-8230.0,-155.0,615.0,765.0,895.0,870.0,1045.0
2025-12-19,2026-01-16,SPX,28,0.40,Inverse Butterfly 1-2-1 (calls),6827.03,6939.46,6825.0,6725.0,6925.0,1720.0,15.48,12.94,244.7,1720.0,430.0,860.0,1290.0,WIN,expiration,1715.0,-7740.0,440.0,-90.0,175.0,270.0,465.0,755.0
2026-01-16,2026-02-13,SPX,28,0.40,Inverse Butterfly 1-2-1 (calls),6943.39,6835.08,6945.0,6850.0,7040.0,1390.0,15.9,12.2,234.6,1390.0,347.5,695.0,1042.5,WIN,expiration,1392.5,-3540.0,-235.0,-465.0,-660.0,-1305.0,-1595.0,-1250.0
2026-03-20,2026-04-20,SPX,31,0.40,Inverse Butterfly 1-2-1 (calls),6558.76,7110.38,6560.0,6400.0,6720.0,2130.0,25.81,20.9,399.5,2130.0,532.5,1065.0,1597.5,WIN,expiration,2700.0,-5240.0,-670.0,-925.0,870.0,670.0,1505.0,2125.0
2026-04-17,2026-05-18,SPX,31,0.40,Inverse Butterfly 1-2-1 (calls),7108.19,7403.1,7100.0,6975.0,7225.0,2270.0,17.64,15.04,311.6,2270.0,567.5,1135.0,1702.5,WIN,expiration,2875.0,-2180.0,315.0,490.0,1675.0,1820.0,1795.0,2010.0
