trade_date,exp_date,underlying,spot_entry,vix_entry,roll_dir,restruck,short_put,long_put,delta_short,delta_long,lpv_debit,far_short,far_exp,far_credit,delta_far,total_credit,net_roll,net_roll_usd,spot_close,spot_exit,effective_close_date,cash_close,mark,cum_pnl_pts,pnl_usd,pnl_usd_at_exp,result,exit_method,in_range
2021-06-01,2021-06-30,SPX,4218.8,17.44,entry,,4045.0,4125.0,-0.2,-0.3,11.65,3605.0,2021-08-31,30.0,-0.105,18.35,3.45,345.0,4252.94,4252.94,2021-06-23,18.35,-27.1,3.45,345.0,345.0,win,roll,1
2021-06-23,2021-07-23,SPX,4252.94,16.28,T3_lpv_roll,,4085.0,4165.0,-0.2,-0.303,11.4,3605.0,2021-08-31,30.0,-0.105,18.35,0.4,40.0,4265.11,4265.11,2021-06-24,8.75,-5.3,3.85,40.0,40.0,win,roll,1
2021-06-24,2021-07-23,SPX,4265.11,15.52,T1_far_tp,,4085.0,4165.0,-0.2,-0.303,11.4,3650.0,2021-09-17,23.0,-0.091,18.35,-0.7,-70.0,4365.01,4365.01,2021-07-16,17.35,-13.5,3.15,-70.0,-70.0,loss,roll,0
2021-07-16,2021-08-13,SPX,4365.01,16.42,T3_lpv_roll,,4195.0,4275.0,-0.201,-0.303,11.75,3650.0,2021-09-17,23.0,-0.091,18.35,-1.7,-170.0,4419.88,4419.88,2021-07-26,6.45,-3.3,1.45,-170.0,-170.0,loss,roll,0
2021-07-26,2021-08-13,SPX,4419.88,18.05,T1_far_tp,,4195.0,4275.0,-0.201,-0.303,11.75,3820.0,2021-10-29,39.9,-0.126,18.35,3.2,320.0,4431.13,4431.13,2021-08-06,35.25,-33.8,4.65,320.0,320.0,win,roll,1
2021-08-06,2021-09-03,SPX,4431.13,16.94,T3_lpv_roll,,4250.0,4335.0,-0.2,-0.3,11.8,3820.0,2021-10-29,39.9,-0.126,18.35,2.8,280.0,4491.79,4491.79,2021-08-25,24.95,-20.3,7.45,280.0,280.0,win,roll,1
2021-08-25,2021-09-03,SPX,4491.79,16.84,T1_far_tp,,4250.0,4335.0,-0.2,-0.3,11.8,3890.0,2021-11-19,34.7,-0.117,18.35,-9.55,-955.0,4484.57,4484.57,2021-08-27,39.95,-32.5,-2.1,-955.0,-955.0,loss,roll,0
2021-08-27,2021-09-24,SPX,4484.57,17.59,T3_lpv_roll,,4300.0,4385.0,-0.201,-0.302,13.25,3890.0,2021-11-19,34.7,-0.117,18.35,9.4,940.0,4451.54,4451.54,2021-09-17,27.4,-29.5,7.3,940.0,940.0,win,roll,1
2021-09-17,2021-10-15,SPX,4451.54,19.5,T3_lpv_roll,,4245.0,4340.0,-0.201,-0.3,14.0,3890.0,2021-11-19,34.7,-0.117,18.35,9.3,930.0,4420.39,4420.39,2021-10-07,22.6,-15.3,16.6,930.0,930.0,win,roll,1
2021-10-07,2021-10-15,SPX,4420.39,19.63,T1_far_tp,,4245.0,4340.0,-0.201,-0.3,14.0,3765.0,2021-12-31,32.1,-0.105,18.35,1.6,160.0,4398.49,4398.49,2021-10-08,37.5,-20.9,18.2,160.0,160.0,win,roll,1
2021-10-08,2021-11-05,SPX,4398.49,18.92,T3_lpv_roll,,4190.0,4285.0,-0.199,-0.302,15.9,3765.0,2021-12-31,32.1,-0.105,18.35,3.0,300.0,4538.87,4538.87,2021-10-20,34.5,-16.3,21.2,300.0,300.0,win,roll,1
2021-10-20,2021-11-05,SPX,4538.87,15.42,T1_far_tp,,4190.0,4285.0,-0.199,-0.302,15.9,3920.0,2022-01-21,34.2,-0.114,18.35,1.2,120.0,4585.1,4585.1,2021-10-29,52.8,-31.6,22.4,120.0,120.0,win,roll,1
2021-10-29,2021-11-26,SPX,4585.1,17.06,T3_lpv_roll,,4395.0,4485.0,-0.199,-0.302,13.25,3920.0,2022-01-21,34.2,-0.114,18.35,2.3,230.0,4696.18,4696.18,2021-11-15,40.0,-17.6,24.7,230.0,230.0,win,roll,1
2021-11-15,2021-11-26,SPX,4696.18,16.89,T1_far_tp,,4395.0,4485.0,-0.199,-0.302,13.25,4085.0,2022-02-18,41.45,-0.128,18.35,-2.6,-260.0,4710.65,4710.65,2021-11-19,64.45,-39.75,22.1,-260.0,-260.0,loss,roll,0
2021-11-19,2021-12-17,SPX,4710.65,17.87,T3_lpv_roll,,4510.0,4605.0,-0.2,-0.303,13.95,4085.0,2022-02-18,41.45,-0.128,18.35,3.65,365.0,4687.31,4687.31,2021-12-10,51.3,-29.2,25.75,365.0,365.0,win,roll,1
2021-12-10,2022-01-07,SPX,4687.31,20.18,T3_lpv_roll,,4470.0,4570.0,-0.199,-0.301,15.65,4085.0,2022-02-18,41.45,-0.128,18.35,5.4,540.0,4750.27,4750.27,2021-12-27,45.75,-20.0,31.15,540.0,540.0,win,roll,1
2021-12-27,2022-01-07,SPX,4750.27,18.84,T1_far_tp,,4470.0,4570.0,-0.199,-0.301,15.65,4130.0,2022-03-31,50.2,-0.14,18.35,5.7,570.0,4775.22,4775.22,2021-12-31,76.45,-45.3,36.85,570.0,570.0,win,roll,1
2021-12-31,2022-01-31,SPX,4775.22,17.72,T3_lpv_roll,,4575.0,4665.0,-0.201,-0.299,13.75,4130.0,2022-03-31,50.2,-0.14,18.35,6.9,690.0,4450.74,4450.74,2022-01-21,63.65,-26.8,43.75,690.0,690.0,win,roll,1
2022-01-21,2022-02-18,SPX,4450.74,27.11,T2_lpv_tp,,4170.0,4290.0,-0.201,-0.299,23.7,4130.0,2022-03-31,50.2,-0.14,18.35,19.4,1940.0,4503.19,4503.19,2022-02-11,109.75,-66.0,63.15,1940.0,1940.0,win,roll,1
2022-02-11,2022-03-11,SPX,4503.19,24.25,T3_lpv_roll,,4240.0,4355.0,-0.201,-0.298,20.0,4130.0,2022-03-31,50.2,-0.14,18.35,-3.7,-370.0,4363.49,4363.49,2022-03-04,95.85,-32.7,59.45,-370.0,-370.0,loss,roll,0
2022-03-04,2022-04-01,SPX,4363.49,32.94,T3_lpv_roll,,4010.0,4165.0,-0.198,-0.301,33.1,4130.0,2022-03-31,50.2,-0.14,18.35,37.25,3725.0,4365.21,4365.21,2022-03-17,103.05,-43.6,96.7,3725.0,3725.0,win,roll,1
2022-03-17,2022-04-01,SPX,4365.21,26.38,T1_far_tp,,4010.0,4165.0,-0.198,-0.301,33.1,3760.0,2022-06-17,60.15,-0.153,18.35,8.55,855.0,4525.13,4525.13,2022-03-25,139.9,-43.2,105.25,855.0,855.0,win,roll,1
2022-03-25,2022-04-22,SPX,4525.13,21.59,T3_lpv_roll,,4295.0,4395.0,-0.2,-0.298,17.65,3760.0,2022-06-17,60.15,-0.153,18.35,2.95,295.0,4543.05,4543.05,2022-03-25,123.15,-17.9,108.2,295.0,295.0,win,roll,1
2022-03-25,2022-04-22,SPX,4543.05,20.82,T1_far_tp,,4295.0,4395.0,-0.2,-0.298,17.65,3760.0,2022-06-17,29.45,-0.088,18.35,17.25,1725.0,4390.76,4390.76,2022-04-18,123.0,-14.8,125.45,1725.0,1725.0,win,roll,1
2022-04-18,2022-05-16,SPX,4390.76,23.68,T3_lpv_roll,,4150.0,4250.0,-0.198,-0.295,19.35,3760.0,2022-06-17,29.45,-0.088,18.35,2.0,200.0,4506.64,4506.64,2022-04-21,133.75,-8.3,127.45,200.0,200.0,win,roll,1
2022-04-21,2022-05-16,SPX,4506.64,19.89,T1_far_tp,,4150.0,4250.0,-0.198,-0.295,19.35,3860.0,2022-07-15,35.8,-0.113,18.35,-23.35,-2335.0,4059.05,4059.05,2022-05-09,155.35,-27.9,104.1,-2335.0,-2335.0,loss,roll,0
2022-05-09,2022-06-06,SPX,4059.05,33.14,T3_lpv_roll,,3750.0,3900.0,-0.187,-0.307,32.25,3860.0,2022-07-15,35.8,-0.113,18.35,27.5,2750.0,4116.76,4116.76,2022-05-31,196.1,-92.0,131.6,2750.0,2750.0,win,roll,1
2022-05-31,2022-06-30,SPX,4116.76,27.93,T3_lpv_roll,,3845.0,3960.0,-0.198,-0.298,25.05,3860.0,2022-07-15,35.8,-0.113,18.35,-71.55,-7155.0,3762.67,3762.67,2022-06-13,174.8,-43.2,60.05,-7155.0,-7155.0,loss,roll,0
2022-06-13,2022-07-11,SPX,3762.67,34.22,T2_lpv_tp,,3500.0,3600.0,-0.209,-0.296,23.25,3860.0,2022-07-15,35.8,-0.113,18.35,23.6,2360.0,3751.75,3751.75,2022-07-05,224.55,-164.5,83.65,2360.0,2360.0,win,roll,1
2022-07-05,2022-08-05,SPX,3751.75,29.4,T3_lpv_roll,,3490.0,3600.0,-0.2,-0.299,25.3,3860.0,2022-07-15,35.8,-0.113,18.35,89.6,8960.0,3874.9,3874.9,2022-07-08,205.85,-122.2,173.25,8960.0,8960.0,win,roll,1
2022-07-08,2022-08-05,SPX,3874.9,25.76,far_exp,,3490.0,3600.0,-0.2,-0.299,25.3,3305.0,2022-09-30,39.7,-0.126,18.35,9.6,960.0,3998.85,3998.85,2022-07-21,200.85,-27.6,182.85,960.0,960.0,win,roll,1
2022-07-21,2022-08-05,SPX,3998.85,22.98,T1_far_tp,,3490.0,3600.0,-0.2,-0.299,25.3,3360.0,2022-10-21,34.25,-0.108,18.35,10.15,1015.0,4102.69,4102.69,2022-07-29,215.6,-32.75,193.0,1015.0,1015.0,win,roll,1
2022-07-29,2022-08-26,SPX,4102.69,21.72,T3_lpv_roll,,3900.0,3990.0,-0.2,-0.302,18.4,3360.0,2022-10-21,34.25,-0.108,18.35,-0.35,-35.0,4140.46,4140.46,2022-08-05,197.2,-4.2,192.65,-35.0,-35.0,loss,roll,0
2022-08-05,2022-08-26,SPX,4140.46,21.33,T1_far_tp,,3900.0,3990.0,-0.2,-0.302,18.4,3560.0,2022-10-31,35.55,-0.118,18.35,6.6,660.0,4310.37,4310.37,2022-08-16,215.75,-23.1,199.25,660.0,660.0,win,roll,1
2022-08-16,2022-08-26,SPX,4310.37,19.68,T1_far_tp,,3900.0,3990.0,-0.2,-0.302,18.4,3700.0,2022-11-18,36.9,-0.117,18.35,-7.65,-765.0,4237.6,4237.6,2022-08-19,235.55,-36.3,191.6,-765.0,-765.0,loss,roll,0
2022-08-19,2022-09-16,SPX,4237.6,20.72,T3_lpv_roll,,4040.0,4125.0,-0.199,-0.299,17.95,3700.0,2022-11-18,36.9,-0.117,18.35,-6.5,-650.0,3977.61,3977.61,2022-08-30,218.4,-26.8,185.1,-650.0,-650.0,loss,roll,0
2022-08-30,2022-09-30,SPX,3977.61,26.96,T2_lpv_tp,,3725.0,3835.0,-0.202,-0.3,23.1,3700.0,2022-11-18,36.9,-0.117,18.35,-15.65,-1565.0,3691.77,3691.77,2022-09-23,249.0,-63.9,169.45,-1565.0,-1565.0,loss,roll,0
2022-09-23,2022-10-21,SPX,3691.77,29.13,T3_lpv_roll,,3455.0,3555.0,-0.199,-0.298,23.35,3700.0,2022-11-18,36.9,-0.117,18.35,-13.8,-1380.0,3677.16,3677.16,2022-10-14,299.85,-130.4,155.65,-1380.0,-1380.0,loss,roll,0
2022-10-14,2022-11-14,SPX,3677.16,31.65,T3_lpv_roll,,3425.0,3530.0,-0.204,-0.301,25.4,3700.0,2022-11-18,36.9,-0.117,18.35,86.5,8650.0,3768.57,3768.57,2022-11-07,284.75,-129.1,242.15,8650.0,8650.0,win,roll,1
2022-11-07,2022-12-06,SPX,3768.57,25.37,T3_lpv_roll,,3575.0,3650.0,-0.212,-0.3,19.05,3700.0,2022-11-18,36.9,-0.117,18.35,19.3,1930.0,3853.79,3853.79,2022-11-08,268.35,-26.2,261.45,1930.0,1930.0,win,roll,1
2022-11-08,2022-12-06,SPX,3853.79,24.33,T1_far_tp,,3575.0,3650.0,-0.212,-0.3,19.05,3210.0,2023-01-31,22.2,-0.082,18.35,0.85,85.0,3964.08,3964.08,2022-11-22,272.65,-11.2,262.3,85.0,85.0,win,roll,1
2022-11-22,2022-12-06,SPX,3964.08,22.02,T1_far_tp,,3575.0,3650.0,-0.212,-0.3,19.05,3360.0,2023-02-17,25.75,-0.094,18.35,-6.95,-695.0,3961.11,3961.11,2022-11-29,287.4,-25.1,255.35,-695.0,-695.0,loss,roll,0
2022-11-29,2022-12-28,SPX,3961.11,22.44,T3_lpv_roll,,3750.0,3850.0,-0.187,-0.3,21.75,3360.0,2023-02-17,25.75,-0.094,18.35,2.6,260.0,4094.11,4094.11,2022-12-13,265.85,-10.5,257.95,260.0,260.0,win,roll,1
2022-12-13,2022-12-28,SPX,4094.11,22.08,T1_far_tp,,3750.0,3850.0,-0.187,-0.3,21.75,3400.0,2023-03-17,24.3,-0.083,18.35,8.55,855.0,3847.3,3847.3,2022-12-21,278.65,-20.7,266.5,855.0,855.0,win,roll,1
2022-12-21,2023-01-20,SPX,3847.3,20.36,T3_lpv_roll,,3670.0,3750.0,-0.198,-0.302,18.45,3400.0,2023-03-17,24.3,-0.083,18.35,8.85,885.0,3991.33,3991.33,2023-01-12,286.7,-20.2,275.35,885.0,885.0,win,roll,1
2023-01-12,2023-01-20,SPX,3991.33,19.15,T1_far_tp,,3670.0,3750.0,-0.198,-0.302,18.45,3370.0,2023-04-21,22.45,-0.084,18.35,-17.25,-1725.0,3961.6,3961.6,2023-01-13,297.35,-22.0,258.1,-1725.0,-1725.0,loss,roll,0
2023-01-13,2023-02-13,SPX,3961.6,18.7,T3_lpv_roll,,3800.0,3870.0,-0.202,-0.298,15.6,3370.0,2023-04-21,22.45,-0.084,18.35,13.85,1385.0,4148.16,4148.16,2023-02-02,282.2,-24.1,271.95,1385.0,1385.0,win,roll,1
2023-02-02,2023-02-13,SPX,4148.16,17.6,T1_far_tp,,3800.0,3870.0,-0.202,-0.298,15.6,3520.0,2023-04-28,17.15,-0.071,18.35,-3.45,-345.0,4114.59,4114.59,2023-02-06,289.35,-17.4,268.5,-345.0,-345.0,loss,roll,0
2023-02-06,2023-03-07,SPX,4114.59,19.32,T3_lpv_roll,,3950.0,4020.0,-0.207,-0.297,14.15,3520.0,2023-04-28,17.15,-0.071,18.35,15.9,1590.0,3978.26,3978.26,2023-02-28,275.6,-7.1,284.4,1590.0,1590.0,win,roll,1
2023-02-28,2023-03-29,SPX,3978.26,20.83,T3_lpv_roll,,3800.0,3875.0,-0.209,-0.3,16.9,3520.0,2023-04-28,17.15,-0.071,18.35,1.6,160.0,4062.45,4062.45,2023-03-06,290.0,-5.6,286.0,160.0,160.0,win,roll,1
2023-03-06,2023-03-29,SPX,4062.45,18.68,T1_far_tp,,3800.0,3875.0,-0.209,-0.3,16.9,3470.0,2023-05-31,16.1,-0.071,18.35,-2.15,-215.0,4001.0,4001.0,2023-03-22,298.0,-12.0,283.85,-215.0,-215.0,loss,roll,0
2023-03-22,2023-04-21,SPX,4001.0,20.56,T3_lpv_roll,,3810.0,3895.0,-0.2,-0.297,16.85,3470.0,2023-05-31,16.1,-0.071,18.35,-0.05,-5.0,4101.34,4101.34,2023-04-06,288.45,-4.6,283.8,-5.0,-5.0,loss,roll,0
2023-04-06,2023-04-21,SPX,4101.34,18.59,T1_far_tp,,3810.0,3895.0,-0.2,-0.297,16.85,3495.0,2023-06-30,19.75,-0.079,18.35,-4.65,-465.0,4160.54,4160.54,2023-04-14,300.4,-16.6,279.15,-465.0,-465.0,loss,roll,0
2023-04-14,2023-05-15,SPX,4160.54,17.55,T3_lpv_roll,,4000.0,4075.0,-0.203,-0.302,14.75,3495.0,2023-06-30,19.75,-0.079,18.35,7.2,720.0,4158.58,4158.58,2023-04-28,285.85,-6.7,286.35,720.0,720.0,win,roll,1
2023-04-28,2023-05-15,SPX,4158.58,15.96,T1_far_tp,,4000.0,4075.0,-0.203,-0.302,14.75,3540.0,2023-07-31,22.3,-0.084,18.35,-3.9,-390.0,4132.31,4132.31,2023-05-08,298.55,-12.2,282.45,-390.0,-390.0,loss,roll,0
2023-05-08,2023-06-06,SPX,4132.31,17.8,T3_lpv_roll,,3960.0,4050.0,-0.195,-0.305,15.7,3540.0,2023-07-31,22.3,-0.084,18.35,-9.2,-920.0,4217.66,4217.66,2023-05-30,292.25,-9.8,273.25,-920.0,-920.0,loss,roll,0
2023-05-30,2023-06-28,SPX,4217.66,17.31,T3_lpv_roll,,4060.0,4140.0,-0.201,-0.303,12.8,3540.0,2023-07-31,22.3,-0.084,18.35,12.45,1245.0,4185.07,4185.07,2023-05-31,281.25,-8.0,285.7,1245.0,1245.0,win,roll,1
2023-05-31,2023-06-28,SPX,4185.07,17.4,T1_far_tp,,4060.0,4140.0,-0.201,-0.303,12.8,3610.0,2023-08-31,25.25,-0.094,18.35,1.55,155.0,4282.87,4282.87,2023-06-08,295.4,-9.7,287.25,155.0,155.0,win,roll,1
2023-06-08,2023-06-28,SPX,4282.87,13.75,T1_far_tp,,4060.0,4140.0,-0.201,-0.303,12.8,3700.0,2023-08-31,15.25,-0.069,18.35,0.05,5.0,4368.04,4368.04,2023-06-21,298.25,-11.0,287.3,5.0,5.0,win,roll,1
2023-06-21,2023-07-21,SPX,4368.04,13.67,T3_lpv_roll,,4245.0,4305.0,-0.203,-0.301,11.3,3700.0,2023-08-31,15.25,-0.069,18.35,0.1,10.0,4378.67,4378.67,2023-06-27,287.1,0.2,287.4,10.0,10.0,win,roll,1
2023-06-27,2023-07-21,SPX,4378.67,13.66,T1_far_tp,,4245.0,4305.0,-0.203,-0.301,11.3,3760.0,2023-09-29,16.5,-0.07,18.35,-6.4,-640.0,4523.78,4523.78,2023-07-14,296.0,-8.6,281.0,-640.0,-640.0,loss,roll,0
2023-07-14,2023-08-14,SPX,4523.78,13.69,T3_lpv_roll,,4400.0,4460.0,-0.2,-0.297,10.9,3760.0,2023-09-29,16.5,-0.07,18.35,4.95,495.0,4536.02,4536.02,2023-07-18,285.2,-4.2,285.95,495.0,495.0,win,roll,1
2023-07-18,2023-08-14,SPX,4536.02,13.39,T1_far_tp,,4400.0,4460.0,-0.2,-0.297,10.9,3925.0,2023-10-20,17.35,-0.073,18.35,-1.15,-115.0,4496.13,4496.13,2023-08-07,294.35,-8.4,284.8,-115.0,-115.0,loss,roll,0
2023-08-07,2023-09-05,SPX,4496.13,16.84,T3_lpv_roll,,4350.0,4420.0,-0.211,-0.304,12.65,3925.0,2023-10-20,17.35,-0.073,18.35,-3.6,-360.0,4444.55,4444.55,2023-08-29,292.1,-7.3,281.2,-360.0,-360.0,loss,roll,0
2023-08-29,2023-09-27,SPX,4444.55,14.86,T3_lpv_roll,,4300.0,4370.0,-0.199,-0.298,12.9,3925.0,2023-10-20,17.35,-0.073,18.35,10.35,1035.0,4464.21,4464.21,2023-08-29,289.2,-8.0,291.55,1035.0,1035.0,win,roll,1
2023-08-29,2023-09-27,SPX,4464.21,14.62,T1_far_tp,,4300.0,4370.0,-0.199,-0.298,12.9,3840.0,2023-11-30,17.15,-0.071,18.35,1.55,155.0,4458.04,4458.04,2023-09-20,298.35,-6.8,293.1,155.0,155.0,win,roll,1
2023-09-20,2023-10-20,SPX,4458.04,13.93,T3_lpv_roll,,4325.0,4390.0,-0.201,-0.299,11.9,3840.0,2023-11-30,17.15,-0.071,18.35,12.2,1220.0,4319.25,4319.25,2023-09-22,290.7,2.4,305.3,1220.0,1220.0,win,roll,1
2023-09-22,2023-10-20,SPX,4319.25,17.22,T4_reopen,,4325.0,4390.0,-0.201,-0.299,11.9,3840.0,2023-11-30,17.15,-0.071,18.35,-7.95,-795.0,4322.56,4322.56,2023-09-25,298.0,7.3,297.35,-795.0,-795.0,loss,roll,0
2023-09-25,2023-10-25,SPX,4322.56,17.56,entry,,4160.0,4240.0,-0.203,-0.306,15.85,3660.0,2023-12-29,17.7,-0.069,1.85,-6.8,-680.0,4353.08,4353.08,2023-10-18,299.85,-2.5,290.55,-680.0,-680.0,loss,roll,0
2023-10-18,2023-11-17,SPX,4353.08,18.73,T3_lpv_roll,,4170.0,4260.0,-0.198,-0.302,16.8,3660.0,2023-12-29,17.7,-0.069,1.85,35.4,3540.0,4164.95,4164.95,2023-10-26,288.75,1.8,325.95,3540.0,3540.0,win,roll,1
2023-10-26,2023-11-17,SPX,4164.95,21.06,T4_reopen,,4170.0,4260.0,-0.198,-0.302,16.8,3660.0,2023-12-29,17.7,-0.069,1.85,-19.15,-1915.0,4174.7,4174.7,2023-10-26,307.35,18.6,306.8,-1915.0,-1915.0,loss,roll,0
2023-10-26,2023-11-24,SPX,4174.7,20.5,entry,,3990.0,4075.0,-0.201,-0.3,17.15,3525.0,2024-01-19,20.4,-0.077,3.25,-4.4,-440.0,4286.24,4286.24,2023-11-02,310.6,-3.8,302.4,-440.0,-440.0,loss,roll,0
2023-11-02,2023-11-24,SPX,4286.24,16.2,T1_far_tp,,3990.0,4075.0,-0.201,-0.3,17.15,3675.0,2024-01-31,16.5,-0.07,3.25,8.65,865.0,4488.01,4488.01,2023-11-14,318.2,-15.8,311.05,865.0,865.0,win,roll,1
2023-11-14,2023-11-24,SPX,4488.01,14.23,T1_far_tp,,3990.0,4075.0,-0.201,-0.3,17.15,3900.0,2024-02-16,15.8,-0.07,3.25,0.7,70.0,4508.14,4508.14,2023-11-17,327.0,-15.95,311.75,70.0,70.0,win,roll,1
2023-11-17,2023-12-18,SPX,4508.14,13.93,T3_lpv_roll,,4380.0,4450.0,-0.196,-0.309,13.35,3900.0,2024-02-16,15.8,-0.07,3.25,-2.85,-285.0,4582.98,4582.98,2023-12-06,313.65,-1.9,308.9,-285.0,-285.0,loss,roll,0
2023-12-06,2023-12-18,SPX,4582.98,12.73,T1_far_tp,,4380.0,4450.0,-0.196,-0.309,13.35,4040.0,2024-02-29,14.5,-0.07,3.25,-0.1,-10.0,4606.47,4606.47,2023-12-11,320.45,-11.55,308.8,-10.0,-10.0,loss,roll,0
2023-12-11,2024-01-10,SPX,4606.47,13.02,T3_lpv_roll,,4490.0,4550.0,-0.203,-0.306,11.75,4040.0,2024-02-29,14.5,-0.07,3.25,-5.55,-555.0,4768.21,4768.21,2023-12-26,309.6,-0.8,303.25,-555.0,-555.0,loss,roll,0
2023-12-26,2024-01-10,SPX,4768.21,13.57,T1_far_tp,,4490.0,4550.0,-0.203,-0.306,11.75,4160.0,2024-03-28,18.1,-0.075,3.25,-7.65,-765.0,4716.33,4716.33,2024-01-03,320.5,-17.25,295.6,-765.0,-765.0,loss,roll,0
2024-01-03,2024-02-02,SPX,4716.33,13.99,T3_lpv_roll,,4580.0,4645.0,-0.202,-0.298,12.4,4160.0,2024-03-28,18.1,-0.075,3.25,5.25,525.0,4838.96,4838.96,2024-01-19,308.4,-12.8,300.85,525.0,525.0,win,roll,1
2024-01-19,2024-02-02,SPX,4838.96,13.37,T1_far_tp,,4580.0,4645.0,-0.202,-0.298,12.4,4230.0,2024-04-19,16.0,-0.069,3.25,-2.25,-225.0,4892.54,4892.54,2024-01-26,315.4,-14.55,298.6,-225.0,-225.0,loss,roll,0
2024-01-26,2024-02-26,SPX,4892.54,13.56,T3_lpv_roll,,4765.0,4830.0,-0.201,-0.303,12.5,4230.0,2024-04-19,16.0,-0.069,3.25,-0.7,-70.0,4987.15,4987.15,2024-02-07,303.1,-4.5,297.9,-70.0,-70.0,loss,roll,0
2024-02-07,2024-02-26,SPX,4987.15,13.03,T1_far_tp,,4765.0,4830.0,-0.201,-0.303,12.5,4430.0,2024-04-30,14.7,-0.07,3.25,-2.95,-295.0,4976.6,4976.6,2024-02-20,309.9,-12.0,294.95,-295.0,-295.0,loss,roll,0
2024-02-20,2024-03-21,SPX,4976.6,15.55,T3_lpv_roll,,4825.0,4900.0,-0.207,-0.305,14.3,4430.0,2024-04-30,14.7,-0.07,3.25,-1.65,-165.0,5086.46,5086.46,2024-02-29,297.05,-2.1,293.3,-165.0,-165.0,loss,roll,0
2024-02-29,2024-03-21,SPX,5086.46,13.39,T1_far_tp,,4825.0,4900.0,-0.207,-0.305,14.3,4490.0,2024-05-31,15.75,-0.069,3.25,-0.35,-35.0,5144.34,5144.34,2024-03-14,305.5,-12.2,292.95,-35.0,-35.0,loss,roll,0
2024-03-14,2024-04-12,SPX,5144.34,14.1,T3_lpv_roll,,5005.0,5070.0,-0.202,-0.297,12.6,4490.0,2024-05-31,15.75,-0.069,3.25,-4.05,-405.0,5254.58,5254.58,2024-03-21,293.55,-0.6,288.9,-405.0,-405.0,loss,roll,0
2024-03-21,2024-04-12,SPX,5254.58,12.79,T1_far_tp,,5005.0,5070.0,-0.202,-0.297,12.6,4640.0,2024-06-21,16.65,-0.071,3.25,-3.65,-365.0,5178.55,5178.55,2024-04-05,302.5,-13.6,285.25,-365.0,-365.0,loss,roll,0
2024-04-05,2024-05-06,SPX,5178.55,16.15,T3_lpv_roll,,5000.0,5090.0,-0.195,-0.301,17.05,4640.0,2024-06-21,16.65,-0.071,3.25,12.8,1280.0,5110.53,5110.53,2024-04-29,291.45,-6.2,298.05,1280.0,1280.0,win,roll,1
2024-04-29,2024-05-29,SPX,5110.53,15.21,T3_lpv_roll,,4950.0,5025.0,-0.2,-0.298,15.0,4640.0,2024-06-21,16.65,-0.071,3.25,0.3,30.0,5156.9,5156.9,2024-05-06,297.15,0.9,298.35,30.0,30.0,win,roll,1
2024-05-06,2024-05-29,SPX,5156.9,13.69,T1_far_tp,,4950.0,5025.0,-0.2,-0.298,15.0,4565.0,2024-07-31,15.7,-0.07,3.25,-0.75,-75.0,5321.4,5321.4,2024-05-20,305.45,-7.1,297.6,-75.0,-75.0,loss,roll,0
2024-05-20,2024-05-29,SPX,5321.4,12.16,T1_far_tp,,4950.0,5025.0,-0.2,-0.298,15.0,4750.0,2024-08-16,15.35,-0.07,3.25,0.0,0.0,5322.03,5322.03,2024-05-22,313.0,-15.4,297.6,0.0,0.0,flat,roll,1
2024-05-22,2024-06-21,SPX,5322.03,11.94,T3_lpv_roll,,5195.0,5260.0,-0.201,-0.302,12.2,4750.0,2024-08-16,15.35,-0.07,3.25,-14.95,-1495.0,5421.03,5421.03,2024-06-14,300.8,-3.2,282.65,-1495.0,-1495.0,loss,roll,0
2024-06-14,2024-07-15,SPX,5421.03,12.52,T3_lpv_roll,,5290.0,5360.0,-0.202,-0.306,12.8,4750.0,2024-08-16,15.35,-0.07,3.25,5.8,580.0,5478.68,5478.68,2024-06-17,288.65,-6.0,288.45,580.0,580.0,win,roll,1
2024-06-17,2024-07-15,SPX,5478.68,12.53,T1_far_tp,,5290.0,5360.0,-0.202,-0.306,12.8,4840.0,2024-09-20,18.3,-0.073,3.25,0.7,70.0,5579.89,5579.89,2024-07-08,299.35,-10.9,289.15,70.0,70.0,win,roll,1
2024-07-08,2024-08-07,SPX,5579.89,12.55,T3_lpv_roll,,5440.0,5510.0,-0.196,-0.296,12.6,4840.0,2024-09-20,18.3,-0.073,3.25,-1.6,-160.0,5612.78,5612.78,2024-07-10,287.05,2.1,287.55,-160.0,-160.0,loss,roll,0
2024-07-10,2024-08-07,SPX,5612.78,12.54,T1_far_tp,,5440.0,5510.0,-0.196,-0.296,12.6,5015.0,2024-09-30,15.9,-0.07,3.25,8.85,885.0,5504.22,5504.22,2024-07-31,293.95,-6.4,296.4,885.0,885.0,win,roll,1
2024-07-31,2024-08-30,SPX,5504.22,16.53,T3_lpv_roll,,5310.0,5400.0,-0.199,-0.298,18.25,5015.0,2024-09-30,15.9,-0.07,3.25,-85.4,-8540.0,5307.39,5307.39,2024-08-02,300.8,-4.4,211.0,-8540.0,-8540.0,loss,roll,0
2024-08-02,2024-08-30,SPX,5307.39,28.56,T4_reopen,,5310.0,5400.0,-0.199,-0.298,18.25,5015.0,2024-09-30,15.9,-0.07,3.25,43.05,4305.0,5337.45,5337.45,2024-08-02,255.9,-44.9,254.05,4305.0,4305.0,win,roll,1
2024-08-02,2024-08-30,SPX,5337.45,25.97,entry,,5060.0,5195.0,-0.201,-0.301,22.85,4850.0,2024-10-18,57.1,-0.163,34.25,18.6,1860.0,5428.4,5428.4,2024-08-13,290.15,-36.1,272.65,1860.0,1860.0,win,roll,1
2024-08-13,2024-08-30,SPX,5428.4,18.22,T1_far_tp,,5060.0,5195.0,-0.201,-0.301,22.85,4750.0,2024-11-15,34.8,-0.103,34.25,-9.65,-965.0,5608.63,5608.63,2024-08-23,298.25,-25.6,263.0,-965.0,-965.0,loss,roll,0
2024-08-23,2024-09-23,SPX,5608.63,16.86,T3_lpv_roll,,5410.0,5510.0,-0.199,-0.3,16.65,4750.0,2024-11-15,34.8,-0.103,34.25,12.95,1295.0,5635.13,5635.13,2024-08-29,281.8,-18.8,275.95,1295.0,1295.0,win,roll,1
2024-08-29,2024-09-23,SPX,5635.13,15.38,T1_far_tp,,5410.0,5510.0,-0.199,-0.3,16.65,4995.0,2024-11-29,31.95,-0.102,34.25,-1.9,-190.0,5630.04,5630.04,2024-09-16,296.45,-20.5,274.05,-190.0,-190.0,loss,roll,0
2024-09-16,2024-10-16,SPX,5630.04,17.22,T3_lpv_roll,,5425.0,5525.0,-0.201,-0.3,17.3,4995.0,2024-11-29,31.95,-0.102,34.25,-5.1,-510.0,5754.62,5754.62,2024-10-09,287.35,-13.3,268.95,-510.0,-510.0,loss,roll,0
2024-10-09,2024-11-08,SPX,5754.62,21.08,T3_lpv_roll,,5500.0,5625.0,-0.203,-0.302,21.6,4995.0,2024-11-29,31.95,-0.102,34.25,-1.7,-170.0,5816.17,5816.17,2024-10-11,267.85,1.1,267.25,-170.0,-170.0,loss,roll,0
2024-10-11,2024-11-08,SPX,5816.17,20.19,T1_far_tp,,5500.0,5625.0,-0.203,-0.302,21.6,5190.0,2025-01-17,47.4,-0.129,34.25,-13.6,-1360.0,5749.02,5749.02,2024-11-01,299.45,-32.2,253.65,-1360.0,-1360.0,loss,roll,0
2024-11-01,2024-12-02,SPX,5749.02,21.61,T3_lpv_roll,,5500.0,5600.0,-0.208,-0.289,18.8,5190.0,2025-01-17,47.4,-0.129,34.25,22.8,2280.0,5876.1,5876.1,2024-11-06,293.75,-40.1,276.45,2280.0,2280.0,win,roll,1
2024-11-06,2024-12-02,SPX,5876.1,16.7,T1_far_tp,,5500.0,5600.0,-0.208,-0.289,18.8,5190.0,2025-01-31,28.5,-0.092,34.25,6.95,695.0,6003.32,6003.32,2024-11-25,299.45,-23.0,283.4,695.0,695.0,win,roll,1
2024-11-25,2024-12-24,SPX,6003.32,14.79,T3_lpv_roll,,5830.0,5920.0,-0.2,-0.302,15.0,5190.0,2025-01-31,28.5,-0.092,34.25,0.4,40.0,6002.76,6002.76,2024-11-26,284.5,-1.1,283.8,40.0,40.0,win,roll,1
2024-11-26,2024-12-24,SPX,6002.76,14.14,T1_far_tp,,5830.0,5920.0,-0.2,-0.302,15.0,5390.0,2025-02-21,28.4,-0.098,34.25,-4.45,-445.0,6048.75,6048.75,2024-12-17,298.9,-15.1,279.35,-445.0,-445.0,loss,roll,0
2024-12-17,2025-01-16,SPX,6048.75,15.16,T3_lpv_roll,,5870.0,5960.0,-0.201,-0.297,13.65,5390.0,2025-02-21,28.4,-0.098,34.25,-75.1,-7510.0,5869.22,5869.22,2024-12-18,288.25,-8.9,204.25,-7510.0,-7510.0,loss,roll,0
2024-12-18,2025-01-16,SPX,5869.22,24.09,T4_reopen,,5870.0,5960.0,-0.201,-0.297,13.65,5390.0,2025-02-21,28.4,-0.098,34.25,39.25,3925.0,5910.55,5910.55,2024-12-19,246.25,-42.0,243.5,3925.0,3925.0,win,roll,1
2024-12-19,2025-01-17,SPX,5910.55,21.5,entry,,5660.0,5785.0,-0.198,-0.299,19.75,5270.0,2025-03-21,47.1,-0.127,27.35,12.15,1215.0,6043.37,6043.37,2024-12-26,273.6,-30.1,255.65,1215.0,1215.0,win,roll,1
2024-12-26,2025-01-17,SPX,6043.37,14.69,T1_far_tp,,5660.0,5785.0,-0.198,-0.299,19.75,5270.0,2025-03-21,23.15,-0.075,27.35,-11.2,-1120.0,5850.85,5850.85,2025-01-10,273.45,-17.8,244.45,-1120.0,-1120.0,loss,roll,0
2025-01-10,2025-02-10,SPX,5850.85,19.22,T3_lpv_roll,,5625.0,5725.0,-0.209,-0.299,19.7,5270.0,2025-03-21,23.15,-0.075,27.35,14.35,1435.0,6124.53,6124.53,2025-01-24,270.95,-26.5,258.8,1435.0,1435.0,win,roll,1
2025-01-24,2025-02-10,SPX,6124.53,14.75,T1_far_tp,,5625.0,5725.0,-0.209,-0.299,19.7,5520.0,2025-04-30,37.45,-0.115,27.35,-33.55,-3355.0,5940.25,5940.25,2025-02-03,296.9,-38.1,225.25,-3355.0,-3355.0,loss,roll,0
2025-02-03,2025-03-05,SPX,5940.25,19.27,T3_lpv_roll,,5700.0,5825.0,-0.197,-0.309,24.25,5520.0,2025-04-30,37.45,-0.115,27.35,14.75,1475.0,5990.38,5990.38,2025-02-26,273.45,-48.2,240.0,1475.0,1475.0,win,roll,1
2025-02-26,2025-03-28,SPX,5990.38,18.79,T3_lpv_roll,,5750.0,5865.0,-0.199,-0.298,20.65,5520.0,2025-04-30,37.45,-0.115,27.35,-50.1,-5010.0,5741.34,5741.34,2025-03-06,260.9,-20.9,189.9,-5010.0,-5010.0,loss,roll,0
2025-03-06,2025-03-28,SPX,5741.34,24.58,T4_reopen,,5750.0,5865.0,-0.199,-0.298,20.65,5520.0,2025-04-30,37.45,-0.115,27.35,33.95,3395.0,5732.39,5732.39,2025-03-06,225.4,-35.5,223.85,3395.0,3395.0,win,roll,1
2025-03-06,2025-04-04,SPX,5732.39,24.92,entry,,5420.0,5570.0,-0.199,-0.304,30.15,5250.0,2025-05-30,74.1,-0.186,43.95,23.3,2330.0,5758.39,5758.39,2025-03-24,269.35,-45.5,247.15,2330.0,2330.0,win,roll,1
2025-03-24,2025-04-04,SPX,5758.39,18.25,T1_far_tp,,5420.0,5570.0,-0.199,-0.304,30.15,5030.0,2025-06-20,30.2,-0.092,43.95,-22.7,-2270.0,5660.93,5660.93,2025-03-28,264.45,-17.3,224.45,-2270.0,-2270.0,loss,roll,0
2025-03-28,2025-04-28,SPX,5660.93,19.46,T3_lpv_roll,,5400.0,5525.0,-0.184,-0.293,24.6,5030.0,2025-06-20,30.2,-0.092,43.95,-72.9,-7290.0,5394.89,5394.89,2025-04-03,257.95,-33.5,151.55,-7290.0,-7290.0,loss,roll,0
2025-04-03,2025-04-28,SPX,5394.89,29.71,T4_reopen,,5400.0,5525.0,-0.184,-0.293,24.6,5030.0,2025-06-20,30.2,-0.092,43.95,47.65,4765.0,5251.51,5251.51,2025-04-04,204.75,-53.2,199.2,4765.0,4765.0,win,roll,1
2025-04-04,2025-05-05,SPX,5251.51,35.84,entry,,4800.0,5000.0,-0.179,-0.276,34.6,4625.0,2025-06-30,84.35,-0.173,49.75,19.85,1985.0,5450.1,5450.1,2025-04-23,254.5,-55.3,219.05,1985.0,1985.0,win,roll,1
2025-04-23,2025-05-05,SPX,5450.1,27.98,T1_far_tp,,4800.0,5000.0,-0.179,-0.276,34.6,4690.0,2025-07-18,56.45,-0.126,49.75,13.4,1340.0,5521.57,5521.57,2025-04-28,272.95,-53.9,232.45,1340.0,1340.0,win,roll,1
2025-04-28,2025-05-28,SPX,5521.57,25.42,T3_lpv_roll,,5200.0,5350.0,-0.193,-0.297,29.65,4690.0,2025-07-18,56.45,-0.126,49.75,-2.0,-200.0,5675.34,5675.34,2025-05-02,244.55,-12.1,230.45,-200.0,-200.0,loss,roll,0
2025-05-02,2025-05-28,SPX,5675.34,22.98,T1_far_tp,,5200.0,5350.0,-0.193,-0.297,29.65,5005.0,2025-07-31,61.4,-0.142,49.75,18.25,1825.0,5806.41,5806.41,2025-05-12,278.05,-47.6,248.7,1825.0,1825.0,win,roll,1
2025-05-12,2025-05-28,SPX,5806.41,19.34,T1_far_tp,,5200.0,5350.0,-0.193,-0.297,29.65,5060.0,2025-08-15,42.35,-0.109,49.75,7.4,740.0,5910.87,5910.87,2025-05-21,289.9,-41.2,256.1,740.0,740.0,win,roll,1
2025-05-21,2025-06-20,SPX,5910.87,18.72,T3_lpv_roll,,5660.0,5780.0,-0.198,-0.298,21.6,5060.0,2025-08-15,42.35,-0.109,49.75,0.55,55.0,5983.45,5983.45,2025-06-05,268.3,-12.2,256.65,55.0,55.0,win,roll,1
2025-06-05,2025-06-20,SPX,5983.45,17.27,T1_far_tp,,5660.0,5780.0,-0.198,-0.298,21.6,5375.0,2025-08-29,48.15,-0.133,49.75,-15.75,-1575.0,5987.86,5987.86,2025-06-13,296.25,-39.6,240.9,-1575.0,-1575.0,loss,roll,0
2025-06-13,2025-07-14,SPX,5987.86,20.48,T3_lpv_roll,,5725.0,5850.0,-0.203,-0.298,20.85,5375.0,2025-08-29,48.15,-0.133,49.75,20.25,2025.0,6127.63,6127.63,2025-06-26,279.2,-38.3,261.15,2025.0,2025.0,win,roll,1
2025-06-26,2025-07-14,SPX,6127.63,16.34,T1_far_tp,,5725.0,5850.0,-0.203,-0.298,20.85,5500.0,2025-09-19,43.15,-0.123,49.75,5.8,580.0,6258.64,6258.64,2025-07-07,299.65,-38.5,266.95,580.0,580.0,win,roll,1
2025-07-07,2025-08-06,SPX,6258.64,17.58,T3_lpv_roll,,6025.0,6140.0,-0.204,-0.303,20.6,5500.0,2025-09-19,43.15,-0.123,49.75,2.6,260.0,6326.45,6326.45,2025-07-21,279.55,-12.6,269.55,260.0,260.0,win,roll,1
2025-07-21,2025-08-06,SPX,6326.45,16.69,T1_far_tp,,6025.0,6140.0,-0.204,-0.303,20.6,5700.0,2025-10-17,50.2,-0.133,49.75,4.55,455.0,6377.51,6377.51,2025-07-30,310.35,-40.8,274.1,455.0,455.0,win,roll,1
2025-07-30,2025-08-29,SPX,6377.51,16.01,T3_lpv_roll,,6155.0,6265.0,-0.2,-0.298,17.9,5700.0,2025-10-17,50.2,-0.133,49.75,4.7,470.0,6429.97,6429.97,2025-08-12,294.7,-20.6,278.8,470.0,470.0,win,roll,1
2025-08-12,2025-08-29,SPX,6429.97,14.88,T1_far_tp,,6155.0,6265.0,-0.2,-0.298,17.9,5775.0,2025-10-31,38.2,-0.113,49.75,-30.7,-3070.0,6398.87,6398.87,2025-08-22,307.8,-29.0,248.1,-3070.0,-3070.0,loss,roll,0
2025-08-22,2025-09-22,SPX,6398.87,16.45,T3_lpv_roll,,6150.0,6280.0,-0.192,-0.299,21.1,5775.0,2025-10-31,38.2,-0.113,49.75,25.95,2595.0,6507.75,6507.75,2025-09-09,287.8,-39.7,274.05,2595.0,2595.0,win,roll,1
2025-09-09,2025-09-22,SPX,6507.75,15.12,T1_far_tp,,6150.0,6280.0,-0.192,-0.299,21.1,5900.0,2025-11-28,42.15,-0.124,49.75,6.4,640.0,6615.62,6615.62,2025-09-15,311.35,-37.3,280.45,640.0,640.0,win,roll,1
2025-09-15,2025-10-15,SPX,6615.62,15.13,T3_lpv_roll,,6400.0,6510.0,-0.197,-0.298,17.5,5900.0,2025-11-28,42.15,-0.124,49.75,-0.35,-35.0,6716.08,6716.08,2025-10-01,294.85,-14.4,280.1,-35.0,-35.0,loss,roll,0
2025-10-01,2025-10-15,SPX,6716.08,16.08,T1_far_tp,,6400.0,6510.0,-0.197,-0.298,17.5,6090.0,2025-12-31,54.85,-0.141,49.75,-2.2,-220.0,6726.54,6726.54,2025-10-08,329.1,-49.0,277.9,-220.0,-220.0,loss,roll,0
2025-10-08,2025-11-07,SPX,6726.54,17.05,T3_lpv_roll,,6475.0,6600.0,-0.199,-0.299,20.4,6090.0,2025-12-31,54.85,-0.141,49.75,9.7,970.0,6891.08,6891.08,2025-10-28,311.5,-33.6,287.6,970.0,970.0,win,roll,1
2025-10-28,2025-11-07,SPX,6891.08,16.07,T1_far_tp,,6475.0,6600.0,-0.199,-0.299,20.4,6275.0,2026-01-30,61.9,-0.15,49.75,-8.35,-835.0,6854.96,6854.96,2025-10-31,346.3,-58.7,279.25,-835.0,-835.0,loss,roll,0
2025-10-31,2025-12-01,SPX,6854.96,16.75,T3_lpv_roll,,6600.0,6725.0,-0.197,-0.299,22.2,6275.0,2026-01-30,61.9,-0.15,49.75,5.95,595.0,6653.1,6653.1,2025-11-24,326.95,-47.7,285.2,595.0,595.0,win,roll,1
2025-11-24,2025-12-24,SPX,6653.1,22.2,T3_lpv_roll,,6325.0,6480.0,-0.199,-0.297,27.15,6275.0,2026-01-30,61.9,-0.15,49.75,40.7,4070.0,6890.18,6890.18,2025-12-10,350.6,-65.4,325.9,4070.0,4070.0,win,roll,1
2025-12-10,2025-12-24,SPX,6890.18,15.73,T1_far_tp,,6325.0,6480.0,-0.199,-0.297,27.15,6250.0,2026-03-20,65.7,-0.151,49.75,-5.15,-515.0,6802.09,6802.09,2025-12-17,389.6,-63.7,320.75,-515.0,-515.0,loss,roll,0
2025-12-17,2026-01-16,SPX,6802.09,16.22,T3_lpv_roll,,6565.0,6685.0,-0.199,-0.302,20.75,6250.0,2026-03-20,65.7,-0.151,49.75,9.75,975.0,6941.61,6941.61,2026-01-09,370.05,-49.3,330.5,975.0,975.0,win,roll,1
2026-01-09,2026-02-09,SPX,6941.61,15.47,T3_lpv_roll,,6700.0,6825.0,-0.192,-0.299,21.55,6250.0,2026-03-20,65.7,-0.151,49.75,5.65,565.0,6964.28,6964.28,2026-01-09,350.3,-19.8,336.15,565.0,565.0,win,roll,1
2026-01-09,2026-02-09,SPX,6964.28,14.69,T1_far_tp,,6700.0,6825.0,-0.192,-0.299,21.55,6325.0,2026-04-17,57.15,-0.142,49.75,-23.4,-2340.0,6949.3,6949.3,2026-02-02,375.45,-39.3,312.75,-2340.0,-2340.0,loss,roll,0
2026-02-02,2026-03-04,SPX,6949.3,17.54,T3_lpv_roll,,6675.0,6800.0,-0.195,-0.29,21.8,6325.0,2026-04-17,57.15,-0.142,49.75,20.95,2095.0,6929.86,6929.86,2026-02-25,363.05,-50.3,333.7,2095.0,2095.0,win,roll,1
2026-02-25,2026-03-27,SPX,6929.86,18.65,T3_lpv_roll,,6630.0,6775.0,-0.202,-0.298,24.05,6325.0,2026-04-17,57.15,-0.142,49.75,29.1,2910.0,6558.76,6558.76,2026-03-20,351.9,-18.2,362.8,2910.0,2910.0,win,roll,1
2026-03-20,2026-04-20,SPX,6558.76,25.81,T3_lpv_roll,,6175.0,6350.0,-0.2,-0.297,33.8,6325.0,2026-04-17,57.15,-0.142,49.75,39.75,3975.0,6608.11,6608.11,2026-04-06,416.1,-53.3,402.55,3975.0,3975.0,win,roll,1
2026-04-06,2026-04-20,SPX,6608.11,24.21,T1_far_tp,,6175.0,6350.0,-0.2,-0.297,33.8,5985.0,2026-06-30,87.95,-0.179,49.75,27.55,2755.0,6820.09,6820.09,2026-04-13,477.05,-74.5,430.1,2755.0,2755.0,win,roll,1
2026-04-13,2026-05-13,SPX,6820.09,20.1,T3_lpv_roll,,6525.0,6660.0,-0.206,-0.297,23.55,5985.0,2026-06-30,87.95,-0.179,49.75,1.8,180.0,6847.06,6847.06,2026-04-13,454.5,-24.4,431.9,180.0,180.0,win,roll,1
2026-04-13,2026-05-13,SPX,6847.06,19.47,T1_far_tp,,6525.0,6660.0,-0.206,-0.297,23.55,6220.0,2026-07-17,77.9,-0.166,49.75,20.9,2090.0,7162.19,7162.19,2026-04-30,489.6,-57.7,452.8,2090.0,2090.0,win,roll,1
2026-04-30,2026-05-13,SPX,7162.19,17.43,T1_far_tp,,6525.0,6660.0,-0.206,-0.297,23.55,6540.0,2026-07-31,75.7,-0.165,49.75,15.5,1550.0,7319.97,7319.97,2026-05-06,526.9,-74.1,468.3,1550.0,1550.0,win,roll,1
2026-05-06,2026-06-05,SPX,7319.97,17.15,T3_lpv_roll,,7040.0,7175.0,-0.198,-0.298,23.95,6540.0,2026-07-31,75.7,-0.165,49.75,6.85,685.0,7454.28,7454.28,2026-05-21,503.2,-34.9,475.15,685.0,685.0,win,roll,1
2026-05-21,2026-06-05,SPX,7454.28,16.97,T1_far_tp,,7040.0,7175.0,-0.198,-0.298,23.95,6840.0,2026-08-21,76.95,-0.167,49.75,18.6,1860.0,7596.39,7596.39,2026-05-29,544.25,-69.1,493.75,1860.0,1860.0,win,roll,1
2026-05-29,2026-06-29,SPX,7596.39,15.6,T3_lpv_roll,,7350.0,7470.0,-0.203,-0.302,23.3,6840.0,2026-08-21,76.95,-0.167,49.75,0.0,0.0,,,,521.55,-27.8,493.75,0.0,0.0,open,open,1
