trade_date,exp_date,underlying,dte_entry,total_credit,pnl_usd,vix_entry,spot_exit,result,exit_method,in_range,call_lower,call_center,call_upper,call_debit,put_lower,put_center,put_upper,put_debit
2022-06-24,2022-07-15,SPX,21,610.0,-610.0,27.23,3863.16,LOSS,expiration,False,4090.0,4140.0,4190.0,3.5,3600.0,3650.0,3700.0,2.6
2022-07-01,2022-07-22,SPX,21,500.0,-500.0,26.7,3961.63,LOSS,expiration,False,4075.0,4125.0,4175.0,2.5,3510.0,3560.0,3610.0,2.5
2022-07-08,2022-07-29,SPX,21,400.0,-400.0,24.64,4130.29,LOSS,expiration,False,4140.0,4180.0,4220.0,2.0,3635.0,3675.0,3715.0,2.0
2022-07-15,2022-08-05,SPX,21,400.0,81.01,24.23,4145.19,WIN,expiration,True,4070.0,4110.0,4150.0,2.0,3570.0,3610.0,3650.0,2.0
2022-07-22,2022-08-12,SPX,21,490.0,-490.0,23.03,4280.15,LOSS,expiration,False,4120.0,4160.0,4200.0,2.9,3685.0,3725.0,3765.0,2.0
2022-07-29,2022-08-19,SPX,21,400.0,-400.0,21.33,4228.48,LOSS,expiration,False,4325.0,4365.0,4405.0,2.0,3915.0,3955.0,3995.0,2.0
2022-08-05,2022-08-26,SPX,21,440.0,-440.0,21.15,4057.66,LOSS,expiration,False,4320.0,4360.0,4400.0,2.4,3865.0,3905.0,3945.0,2.0
2022-08-12,2022-09-02,SPX,21,620.0,-620.0,19.53,3924.26,LOSS,expiration,False,4370.0,4410.0,4450.0,4.2,4035.0,4075.0,4115.0,2.0
2022-08-19,2022-09-09,SPX,21,410.0,-146.01,20.6,4067.36,LOSS,expiration,False,4420.0,4460.0,4500.0,2.1,3990.0,4030.0,4070.0,2.0
2022-08-26,2022-09-16,SPX,21,535.0,2631.99,25.56,3873.33,WIN,expiration,True,4300.0,4350.0,4400.0,2.55,3805.0,3855.0,3905.0,2.8
2022-09-02,2022-09-23,SPX,21,500.0,-500.0,25.47,3693.23,LOSS,expiration,False,4150.0,4200.0,4250.0,2.5,3590.0,3640.0,3690.0,2.5
2022-09-09,2022-09-30,SPX,21,370.0,-370.0,22.79,3585.62,LOSS,expiration,False,4290.0,4330.0,4370.0,1.9,3765.0,3805.0,3845.0,1.8
2022-09-16,2022-10-07,SPX,21,490.0,-490.0,26.3,3639.66,LOSS,expiration,False,4115.0,4165.0,4215.0,2.5,3520.0,3570.0,3620.0,2.4
2022-09-23,2022-10-14,SPX,21,510.0,-510.0,29.92,3583.07,LOSS,expiration,False,3960.0,4010.0,4060.0,2.6,3370.0,3420.0,3470.0,2.5
2022-09-30,2022-10-21,SPX,21,500.0,-500.0,31.62,3752.75,LOSS,expiration,False,3880.0,3930.0,3980.0,2.5,3280.0,3330.0,3380.0,2.5
2022-10-07,2022-10-28,SPX,21,530.0,-530.0,31.36,3901.06,LOSS,expiration,False,3915.0,3965.0,4015.0,2.4,3350.0,3400.0,3450.0,2.9
2022-10-14,2022-11-04,SPX,21,610.0,-610.0,32.02,3770.55,LOSS,expiration,False,3880.0,3940.0,4000.0,3.1,3220.0,3280.0,3340.0,3.0
2022-10-21,2022-11-11,SPX,21,500.0,-500.0,29.69,3992.93,LOSS,expiration,False,4025.0,4075.0,4125.0,2.5,3405.0,3455.0,3505.0,2.5
2022-10-28,2022-11-18,SPX,21,500.0,-500.0,25.75,3965.34,LOSS,expiration,False,4160.0,4210.0,4260.0,2.5,3580.0,3630.0,3680.0,2.5
2022-11-04,2022-11-25,SPX,21,400.0,2212.01,24.55,4026.12,WIN,expiration,True,4000.0,4040.0,4080.0,2.0,3475.0,3515.0,3555.0,2.0
2022-11-11,2022-12-02,SPX,21,600.0,-430.0,22.52,4071.7,LOSS,expiration,False,4070.0,4110.0,4150.0,4.0,3740.0,3780.0,3820.0,2.0
2022-11-18,2022-12-09,SPX,21,420.0,-420.0,23.12,3934.38,LOSS,expiration,False,4170.0,4210.0,4250.0,2.1,3715.0,3755.0,3795.0,2.1
2022-12-02,2022-12-23,SPX,21,410.0,2572.01,19.06,3844.82,WIN,expiration,True,4270.0,4310.0,4350.0,2.1,3815.0,3855.0,3895.0,2.0
2022-12-09,2022-12-30,SPX,21,400.0,-400.0,22.83,3839.5,LOSS,expiration,False,4165.0,4205.0,4245.0,2.0,3685.0,3725.0,3765.0,2.0
2022-12-16,2023-01-06,SPX,21,400.0,-400.0,22.62,3895.08,LOSS,expiration,False,4065.0,4105.0,4145.0,2.0,3600.0,3640.0,3680.0,2.0
2022-12-23,2023-01-13,SPX,21,410.0,-410.0,20.87,3999.09,LOSS,expiration,False,4055.0,4095.0,4135.0,2.0,3590.0,3630.0,3670.0,2.1
2022-12-30,2023-01-20,SPX,21,400.0,-400.0,21.67,3972.61,LOSS,expiration,False,4035.0,4075.0,4115.0,2.0,3575.0,3615.0,3655.0,2.0
2023-01-06,2023-01-27,SPX,21,405.0,-405.0,21.13,4070.56,LOSS,expiration,False,4110.0,4150.0,4190.0,2.05,3650.0,3690.0,3730.0,2.0
2023-01-13,2023-02-03,SPX,21,560.0,1088.0,18.35,4136.48,WIN,expiration,True,4120.0,4160.0,4200.0,3.6,3760.0,3800.0,3840.0,2.0
2023-01-20,2023-02-10,SPX,21,410.0,-410.0,19.85,4090.46,LOSS,expiration,False,4150.0,4190.0,4230.0,2.1,3710.0,3750.0,3790.0,2.0
2023-01-27,2023-02-17,SPX,21,405.0,-405.0,18.51,4079.09,LOSS,expiration,False,4280.0,4320.0,4360.0,2.05,3845.0,3885.0,3925.0,2.0
2023-02-03,2023-02-24,SPX,21,400.0,596.0,18.33,3970.04,WIN,expiration,True,4320.0,4360.0,4400.0,2.0,3900.0,3940.0,3980.0,2.0
2023-02-10,2023-03-03,SPX,21,390.0,-390.0,20.53,4045.64,LOSS,expiration,False,4290.0,4330.0,4370.0,1.9,3840.0,3880.0,3920.0,2.0
2023-02-17,2023-03-10,SPX,21,390.0,1769.01,20.02,3861.59,WIN,expiration,True,4270.0,4310.0,4350.0,1.9,3840.0,3880.0,3920.0,2.0
2023-02-24,2023-03-17,SPX,21,405.0,-405.0,21.67,3916.64,LOSS,expiration,False,4170.0,4210.0,4250.0,2.05,3720.0,3760.0,3800.0,2.0
2023-03-03,2023-03-24,SPX,21,415.0,-415.0,18.49,3970.99,LOSS,expiration,False,4280.0,4320.0,4360.0,2.25,3640.0,3680.0,3720.0,1.9
2023-03-10,2023-03-31,SPX,21,500.0,431.01,24.8,4109.31,WIN,expiration,True,4100.0,4150.0,4200.0,2.5,3520.0,3570.0,3620.0,2.5
2023-03-24,2023-04-14,SPX,21,385.0,-385.0,21.74,4137.64,LOSS,expiration,False,4180.0,4220.0,4260.0,1.85,3755.0,3795.0,3835.0,2.0
2023-03-31,2023-04-21,SPX,21,405.0,-405.0,18.7,4133.52,LOSS,expiration,False,4270.0,4310.0,4350.0,2.05,3900.0,3940.0,3980.0,2.0
2023-04-14,2023-05-05,SPX,21,700.0,-700.0,17.07,4136.25,LOSS,expiration,False,4220.0,4260.0,4300.0,5.0,3930.0,3970.0,4010.0,2.0
2023-04-21,2023-05-12,SPX,21,295.0,-295.0,16.77,4124.08,LOSS,expiration,False,4290.0,4320.0,4350.0,1.45,3975.0,4005.0,4035.0,1.5
2023-04-28,2023-05-19,SPX,21,295.0,-295.0,15.78,4191.98,LOSS,expiration,False,4305.0,4335.0,4365.0,1.45,4025.0,4055.0,4085.0,1.5
2023-05-05,2023-05-26,SPX,21,295.0,-295.0,17.19,4205.45,LOSS,expiration,False,4290.0,4320.0,4350.0,1.45,3990.0,4020.0,4050.0,1.5
2023-05-12,2023-06-02,SPX,21,305.0,1932.01,17.03,4282.37,WIN,expiration,True,4260.0,4290.0,4320.0,1.55,3980.0,4010.0,4040.0,1.5
2023-05-19,2023-06-09,SPX,21,295.0,-295.0,16.81,4298.86,LOSS,expiration,False,4340.0,4370.0,4400.0,1.45,4045.0,4075.0,4105.0,1.5
2023-05-26,2023-06-16,SPX,21,395.0,3563.98,17.95,4409.59,WIN,expiration,True,4370.0,4410.0,4450.0,1.95,4040.0,4080.0,4120.0,2.0
2023-06-02,2023-06-23,SPX,21,380.0,-380.0,14.6,4348.33,LOSS,expiration,False,4390.0,4420.0,4450.0,2.3,4130.0,4160.0,4190.0,1.5
2023-06-09,2023-06-30,SPX,21,295.0,742.99,13.83,4450.38,WIN,expiration,True,4440.0,4470.0,4500.0,1.45,4145.0,4175.0,4205.0,1.5
2023-06-16,2023-07-07,SPX,21,460.0,-460.0,13.54,4398.95,LOSS,expiration,False,4490.0,4520.0,4550.0,3.1,4255.0,4285.0,4315.0,1.5
2023-06-23,2023-07-14,SPX,21,295.0,1246.99,13.44,4505.42,WIN,expiration,True,4490.0,4520.0,4550.0,1.35,4215.0,4245.0,4275.0,1.6
2023-06-30,2023-07-21,SPX,21,295.0,-295.0,13.59,4536.34,LOSS,expiration,False,4585.0,4615.0,4645.0,1.45,4305.0,4335.0,4365.0,1.5
2023-07-07,2023-07-28,SPX,21,300.0,1923.0,14.83,4582.23,WIN,expiration,True,4560.0,4590.0,4620.0,1.5,4240.0,4270.0,4300.0,1.5
2023-07-14,2023-08-04,SPX,21,305.0,-305.0,13.34,4478.03,LOSS,expiration,False,4640.0,4670.0,4700.0,1.55,4350.0,4380.0,4410.0,1.5
2023-07-21,2023-08-11,SPX,21,305.0,-305.0,13.6,4464.05,LOSS,expiration,False,4690.0,4720.0,4750.0,1.55,4355.0,4385.0,4415.0,1.5
2023-07-28,2023-08-18,SPX,21,315.0,-315.0,13.33,4369.71,LOSS,expiration,False,4715.0,4745.0,4775.0,1.55,4430.0,4460.0,4490.0,1.6
2023-08-04,2023-08-25,SPX,21,420.0,-420.0,17.1,4405.71,LOSS,expiration,False,4645.0,4685.0,4725.0,2.1,4250.0,4290.0,4330.0,2.1
2023-08-11,2023-09-01,SPX,21,300.0,-300.0,14.84,4515.77,LOSS,expiration,False,4625.0,4655.0,4685.0,1.5,4290.0,4320.0,4350.0,1.5
2023-08-18,2023-09-08,SPX,21,410.0,-410.0,17.3,4457.49,LOSS,expiration,False,4550.0,4590.0,4630.0,2.1,4160.0,4200.0,4240.0,2.0
2023-08-25,2023-09-15,SPX,21,300.0,-300.0,15.68,4450.32,LOSS,expiration,False,4560.0,4590.0,4620.0,1.5,4255.0,4285.0,4315.0,1.5
2023-09-01,2023-09-22,SPX,21,305.0,-305.0,13.09,4320.06,LOSS,expiration,False,4650.0,4680.0,4710.0,1.55,4365.0,4395.0,4425.0,1.5
2023-09-08,2023-09-29,SPX,21,300.0,-300.0,13.84,4288.05,LOSS,expiration,False,4595.0,4625.0,4655.0,1.5,4310.0,4340.0,4370.0,1.5
2023-09-15,2023-10-06,SPX,21,305.0,2045.0,13.79,4308.5,WIN,expiration,True,4590.0,4620.0,4650.0,1.55,4285.0,4315.0,4345.0,1.5
2023-09-22,2023-10-13,SPX,21,305.0,-305.0,17.2,4327.78,LOSS,expiration,False,4500.0,4530.0,4560.0,1.55,4140.0,4170.0,4200.0,1.5
2023-09-29,2023-10-20,SPX,21,410.0,-410.0,17.52,4224.16,LOSS,expiration,False,4470.0,4510.0,4550.0,2.1,4060.0,4100.0,4140.0,2.0
2023-10-06,2023-10-27,SPX,21,395.0,3342.01,17.45,4117.37,WIN,expiration,True,4505.0,4545.0,4585.0,1.95,4080.0,4120.0,4160.0,2.0
2023-10-13,2023-11-03,SPX,21,405.0,-405.0,19.32,4358.34,LOSS,expiration,False,4510.0,4550.0,4590.0,2.05,4080.0,4120.0,4160.0,2.0
2023-10-20,2023-11-10,SPX,21,395.0,-395.0,21.71,4415.24,LOSS,expiration,False,4440.0,4480.0,4520.0,1.85,4000.0,4040.0,4080.0,2.1
2023-10-27,2023-11-17,SPX,21,405.0,-405.0,21.27,4514.02,LOSS,expiration,False,4315.0,4355.0,4395.0,2.05,3870.0,3910.0,3950.0,2.0
2023-11-03,2023-11-24,SPX,21,295.0,1771.02,14.91,4559.34,WIN,expiration,True,4520.0,4550.0,4580.0,1.45,4200.0,4230.0,4260.0,1.5
2023-11-10,2023-12-01,SPX,21,315.0,2222.01,14.17,4594.63,WIN,expiration,True,4560.0,4590.0,4620.0,1.55,4255.0,4285.0,4315.0,1.6
2023-11-17,2023-12-08,SPX,21,310.0,-310.0,13.8,4604.37,LOSS,expiration,False,4640.0,4670.0,4700.0,1.6,4345.0,4375.0,4405.0,1.5
2023-12-01,2023-12-22,SPX,21,300.0,1162.99,12.63,4754.63,WIN,expiration,True,4740.0,4770.0,4800.0,1.5,4430.0,4460.0,4490.0,1.5
2023-12-08,2023-12-29,SPX,21,300.0,1183.01,12.35,4769.83,WIN,expiration,True,4755.0,4785.0,4815.0,1.5,4455.0,4485.0,4515.0,1.5
2023-12-15,2024-01-05,SPX,21,430.0,-430.0,12.28,4697.24,LOSS,expiration,False,4800.0,4830.0,4860.0,2.7,4555.0,4585.0,4615.0,1.6
2023-12-22,2024-01-12,SPX,21,295.0,-295.0,13.03,4783.83,LOSS,expiration,False,4920.0,4950.0,4980.0,1.45,4580.0,4610.0,4640.0,1.5
2023-12-29,2024-01-19,SPX,21,295.0,-295.0,12.45,4839.81,LOSS,expiration,False,4925.0,4955.0,4985.0,1.45,4610.0,4640.0,4670.0,1.5
2024-01-05,2024-01-26,SPX,21,295.0,1607.98,13.35,4890.97,WIN,expiration,True,4850.0,4880.0,4910.0,1.45,4520.0,4550.0,4580.0,1.5
2024-01-12,2024-02-02,SPX,21,300.0,1839.01,12.7,4958.61,WIN,expiration,True,4920.0,4950.0,4980.0,1.5,4620.0,4650.0,4680.0,1.5
2024-01-19,2024-02-09,SPX,21,400.0,-400.0,13.3,5026.61,LOSS,expiration,False,4940.0,4970.0,5000.0,2.5,4665.0,4695.0,4725.0,1.5
2024-01-26,2024-02-16,SPX,21,300.0,-300.0,13.26,5005.57,LOSS,expiration,False,5030.0,5060.0,5090.0,1.5,4735.0,4765.0,4795.0,1.5
2024-02-02,2024-02-23,SPX,21,310.0,-310.0,13.85,5088.8,LOSS,expiration,False,5110.0,5140.0,5170.0,1.6,4795.0,4825.0,4855.0,1.5
2024-02-09,2024-03-01,SPX,21,300.0,-300.0,12.93,5137.08,LOSS,expiration,False,5170.0,5200.0,5230.0,1.5,4850.0,4880.0,4910.0,1.5
2024-02-16,2024-03-08,SPX,21,300.0,-300.0,14.24,5123.69,LOSS,expiration,False,5180.0,5210.0,5240.0,1.5,4825.0,4855.0,4885.0,1.5
2024-02-23,2024-03-15,SPX,21,310.0,-310.0,13.75,5117.09,LOSS,expiration,False,5240.0,5270.0,5300.0,1.6,4925.0,4955.0,4985.0,1.5
2024-03-01,2024-03-22,SPX,21,310.0,-310.0,13.11,5234.18,LOSS,expiration,False,5300.0,5330.0,5360.0,1.6,4965.0,4995.0,5025.0,1.5
2024-03-15,2024-04-05,SPX,21,305.0,-305.0,14.41,5204.34,LOSS,expiration,False,5300.0,5330.0,5360.0,1.55,4935.0,4965.0,4995.0,1.5
2024-03-22,2024-04-12,SPX,21,290.0,-290.0,13.06,5123.41,LOSS,expiration,False,5400.0,5430.0,5460.0,1.4,5060.0,5090.0,5120.0,1.5
2024-04-05,2024-04-26,SPX,21,315.0,-315.0,16.03,5099.96,LOSS,expiration,False,5400.0,5430.0,5460.0,1.65,5005.0,5035.0,5065.0,1.5
2024-04-12,2024-05-03,SPX,21,390.0,-390.0,17.31,5127.79,LOSS,expiration,False,5350.0,5390.0,5430.0,1.9,4860.0,4900.0,4940.0,2.0
2024-04-19,2024-05-10,SPX,21,395.0,1873.02,18.71,5222.68,WIN,expiration,True,5200.0,5240.0,5280.0,1.95,4710.0,4750.0,4790.0,2.0
2024-04-26,2024-05-17,SPX,21,300.0,1527.0,15.03,5303.27,WIN,expiration,True,5285.0,5315.0,5345.0,1.5,4910.0,4940.0,4970.0,1.5
2024-05-03,2024-05-24,SPX,21,300.0,-300.0,13.49,5304.72,LOSS,expiration,False,5310.0,5340.0,5370.0,1.5,4930.0,4960.0,4990.0,1.5
2024-05-10,2024-05-31,SPX,21,310.0,-310.0,12.55,5277.51,LOSS,expiration,False,5370.0,5400.0,5430.0,1.6,5045.0,5075.0,5105.0,1.5
2024-05-17,2024-06-07,SPX,21,310.0,-310.0,11.99,5346.99,LOSS,expiration,False,5440.0,5470.0,5500.0,1.6,5140.0,5170.0,5200.0,1.5
2024-05-24,2024-06-14,SPX,21,305.0,-305.0,11.93,5431.6,LOSS,expiration,False,5450.0,5480.0,5510.0,1.55,5125.0,5155.0,5185.0,1.5
2024-05-31,2024-06-21,SPX,21,305.0,1232.99,12.92,5464.62,WIN,expiration,True,5420.0,5450.0,5480.0,1.55,5095.0,5125.0,5155.0,1.5
2024-06-07,2024-06-28,SPX,21,300.0,-300.0,12.22,5460.48,LOSS,expiration,False,5510.0,5540.0,5570.0,1.5,5195.0,5225.0,5255.0,1.5
2024-06-14,2024-07-05,SPX,21,300.0,-300.0,12.66,5567.19,LOSS,expiration,False,5580.0,5610.0,5640.0,1.5,5270.0,5300.0,5330.0,1.5
2024-06-21,2024-07-12,SPX,21,300.0,-300.0,13.2,5615.35,LOSS,expiration,False,5640.0,5670.0,5700.0,1.5,5315.0,5345.0,5375.0,1.5
2024-06-28,2024-07-19,SPX,21,295.0,-295.0,12.44,5505.0,LOSS,expiration,False,5625.0,5655.0,5685.0,1.45,5305.0,5335.0,5365.0,1.5
2024-07-05,2024-07-26,SPX,21,295.0,794.99,12.48,5459.1,WIN,expiration,True,5730.0,5760.0,5790.0,1.45,5410.0,5440.0,5470.0,1.5
2024-07-12,2024-08-02,SPX,21,310.0,-310.0,12.46,5346.56,LOSS,expiration,False,5800.0,5830.0,5860.0,1.6,5450.0,5480.0,5510.0,1.5
2024-07-19,2024-08-09,SPX,21,310.0,2273.98,16.52,5344.16,WIN,expiration,True,5700.0,5730.0,5760.0,1.6,5310.0,5340.0,5370.0,1.5
2024-07-26,2024-08-16,SPX,21,300.0,-300.0,16.39,5554.25,LOSS,expiration,False,5660.0,5690.0,5720.0,1.5,5265.0,5295.0,5325.0,1.5
2024-08-09,2024-08-30,SPX,21,400.0,2260.01,20.37,5648.4,WIN,expiration,True,5595.0,5635.0,5675.0,2.0,5070.0,5110.0,5150.0,2.0
2024-08-16,2024-09-06,SPX,21,310.0,1348.01,14.8,5408.42,WIN,expiration,True,5740.0,5770.0,5800.0,1.6,5365.0,5395.0,5425.0,1.5
2024-08-23,2024-09-13,SPX,21,290.0,-290.0,15.86,5626.02,LOSS,expiration,False,5820.0,5850.0,5880.0,1.4,5440.0,5470.0,5500.0,1.5
2024-08-30,2024-09-20,SPX,21,300.0,-300.0,15.0,5702.55,LOSS,expiration,False,5800.0,5830.0,5860.0,1.5,5470.0,5500.0,5530.0,1.5
2024-09-06,2024-09-27,SPX,21,400.0,783.01,22.38,5738.17,WIN,expiration,True,5670.0,5710.0,5750.0,2.0,5130.0,5170.0,5210.0,2.0
2024-09-13,2024-10-04,SPX,21,295.0,-295.0,16.56,5751.07,LOSS,expiration,False,5840.0,5870.0,5900.0,1.45,5415.0,5445.0,5475.0,1.5
2024-09-20,2024-10-11,SPX,21,320.0,-320.0,16.15,5815.03,LOSS,expiration,False,5890.0,5920.0,5950.0,1.7,5550.0,5580.0,5610.0,1.5
2024-09-27,2024-10-18,SPX,21,300.0,-300.0,16.96,5864.67,LOSS,expiration,False,5925.0,5955.0,5985.0,1.5,5600.0,5630.0,5660.0,1.5
2024-10-04,2024-10-25,SPX,21,400.0,-400.0,19.21,5808.12,LOSS,expiration,False,5950.0,5990.0,6030.0,2.1,5525.0,5565.0,5605.0,1.9
2024-10-11,2024-11-01,SPX,21,400.0,-400.0,20.46,5728.8,LOSS,expiration,False,6020.0,6060.0,6100.0,2.0,5630.0,5670.0,5710.0,2.0
2024-10-18,2024-11-08,SPX,21,400.0,-400.0,18.03,5995.54,LOSS,expiration,False,6100.0,6140.0,6180.0,2.0,5605.0,5645.0,5685.0,2.0
2024-10-25,2024-11-15,SPX,21,400.0,-400.0,20.33,5870.62,LOSS,expiration,False,6060.0,6100.0,6140.0,2.0,5635.0,5675.0,5715.0,2.0
2024-11-01,2024-11-22,SPX,21,385.0,-385.0,21.88,5969.34,LOSS,expiration,False,6020.0,6060.0,6100.0,1.85,5450.0,5490.0,5530.0,2.0
2024-11-08,2024-11-29,SPX,21,290.0,-290.0,14.94,6032.38,LOSS,expiration,False,6180.0,6210.0,6240.0,1.4,5805.0,5835.0,5865.0,1.5
2024-11-15,2024-12-06,SPX,21,300.0,2227.0,16.14,6090.27,WIN,expiration,True,6065.0,6095.0,6125.0,1.5,5675.0,5705.0,5735.0,1.5
2024-11-22,2024-12-13,SPX,21,310.0,-310.0,15.24,6051.09,LOSS,expiration,False,6150.0,6180.0,6210.0,1.6,5800.0,5830.0,5860.0,1.5
2024-12-06,2024-12-27,SPX,21,310.0,1106.02,12.77,5970.84,WIN,expiration,True,6240.0,6270.0,6300.0,1.6,5925.0,5955.0,5985.0,1.5
2024-12-13,2025-01-03,SPX,21,295.0,2457.98,13.81,5942.47,WIN,expiration,True,6210.0,6240.0,6270.0,1.45,5910.0,5940.0,5970.0,1.5
2024-12-20,2025-01-10,SPX,21,390.0,-390.0,18.36,5827.04,LOSS,expiration,False,6170.0,6210.0,6250.0,1.9,5690.0,5730.0,5770.0,2.0
2024-12-27,2025-01-17,SPX,21,300.0,-300.0,15.95,5996.66,LOSS,expiration,False,6155.0,6185.0,6215.0,1.5,5690.0,5720.0,5750.0,1.5
2025-01-03,2025-01-24,SPX,21,310.0,-310.0,16.13,6101.24,LOSS,expiration,False,6140.0,6170.0,6200.0,1.5,5760.0,5790.0,5820.0,1.6
2025-01-10,2025-01-31,SPX,21,410.0,-410.0,19.54,6040.53,LOSS,expiration,False,6070.0,6110.0,6150.0,2.1,5575.0,5615.0,5655.0,2.0
2025-01-17,2025-02-07,SPX,21,310.0,-310.0,15.97,6025.99,LOSS,expiration,False,6210.0,6240.0,6270.0,1.6,5840.0,5870.0,5900.0,1.5
2025-01-24,2025-02-14,SPX,21,310.0,-310.0,14.85,6114.63,LOSS,expiration,False,6280.0,6310.0,6340.0,1.6,5920.0,5950.0,5980.0,1.5
2025-01-31,2025-02-21,SPX,21,300.0,-300.0,16.43,6013.13,LOSS,expiration,False,6250.0,6280.0,6310.0,1.5,5830.0,5860.0,5890.0,1.5
2025-02-07,2025-02-28,SPX,21,295.0,-295.0,16.54,5954.5,LOSS,expiration,False,6220.0,6250.0,6280.0,1.45,5850.0,5880.0,5910.0,1.5
2025-02-14,2025-03-07,SPX,21,300.0,-300.0,14.77,5770.2,LOSS,expiration,False,6290.0,6320.0,6350.0,1.5,5960.0,5990.0,6020.0,1.5
2025-02-21,2025-03-14,SPX,21,405.0,-405.0,18.21,5638.94,LOSS,expiration,False,6230.0,6270.0,6310.0,2.05,5800.0,5840.0,5880.0,2.0
2025-02-28,2025-03-21,SPX,21,400.0,-400.0,19.63,5667.56,LOSS,expiration,False,6175.0,6215.0,6255.0,2.0,5675.0,5715.0,5755.0,2.0
2025-03-07,2025-03-28,SPX,21,445.0,-445.0,23.37,5580.94,LOSS,expiration,False,6055.0,6095.0,6135.0,2.45,5480.0,5520.0,5560.0,2.0
2025-03-14,2025-04-04,SPX,21,510.0,-510.0,21.77,5074.08,LOSS,expiration,False,5830.0,5870.0,5910.0,3.1,5370.0,5410.0,5450.0,2.0
2025-03-21,2025-04-11,SPX,21,410.0,-410.0,19.28,5363.36,LOSS,expiration,False,5920.0,5960.0,6000.0,2.1,5380.0,5420.0,5460.0,2.0
2025-04-11,2025-05-02,SPX,21,1170.0,-1170.0,37.56,5686.67,LOSS,expiration,False,5390.0,5450.0,5510.0,7.8,4890.0,4950.0,5010.0,3.9
2025-04-25,2025-05-16,SPX,21,580.0,-580.0,24.84,5958.38,LOSS,expiration,False,5780.0,5830.0,5880.0,3.3,5275.0,5325.0,5375.0,2.5
2025-05-02,2025-05-23,SPX,21,600.0,-600.0,22.68,5802.82,LOSS,expiration,False,5700.0,5740.0,5780.0,4.0,5470.0,5510.0,5550.0,2.0
2025-05-09,2025-05-30,SPX,21,400.0,-400.0,21.9,5911.69,LOSS,expiration,False,5935.0,5975.0,6015.0,2.0,5410.0,5450.0,5490.0,2.0
2025-05-16,2025-06-06,SPX,21,500.0,-500.0,17.24,6000.36,LOSS,expiration,False,6120.0,6160.0,6200.0,3.0,5735.0,5775.0,5815.0,2.0
2025-05-23,2025-06-13,SPX,21,400.0,-400.0,22.29,5976.97,LOSS,expiration,False,6100.0,6140.0,6180.0,2.0,5540.0,5580.0,5620.0,2.0
2025-05-30,2025-06-20,SPX,21,400.0,-400.0,18.57,5967.84,LOSS,expiration,False,6160.0,6200.0,6240.0,2.0,5575.0,5615.0,5655.0,2.0
2025-06-06,2025-06-27,SPX,21,380.0,1313.02,16.77,6173.07,WIN,expiration,True,6130.0,6160.0,6190.0,2.3,5840.0,5870.0,5900.0,1.5
2025-06-20,2025-07-11,SPX,21,410.0,3565.0,20.62,6259.75,WIN,expiration,True,6220.0,6260.0,6300.0,2.1,5690.0,5730.0,5770.0,2.0
2025-06-27,2025-07-18,SPX,21,300.0,-300.0,16.32,6296.79,LOSS,expiration,False,6360.0,6390.0,6420.0,1.5,5975.0,6005.0,6035.0,1.5
2025-07-11,2025-08-01,SPX,21,380.0,-380.0,16.4,6238.01,LOSS,expiration,False,6450.0,6480.0,6510.0,2.3,5900.0,5930.0,5960.0,1.5
2025-07-18,2025-08-08,SPX,21,360.0,-360.0,16.41,6389.45,LOSS,expiration,False,6450.0,6480.0,6510.0,2.1,6155.0,6185.0,6215.0,1.5
2025-07-25,2025-08-15,SPX,21,300.0,-300.0,14.93,6449.8,LOSS,expiration,False,6590.0,6620.0,6650.0,1.5,6255.0,6285.0,6315.0,1.5
2025-08-01,2025-08-22,SPX,21,405.0,-405.0,20.38,6466.91,LOSS,expiration,False,6500.0,6540.0,6580.0,2.05,6030.0,6070.0,6110.0,2.0
2025-08-08,2025-08-29,SPX,21,300.0,-300.0,15.15,6460.26,LOSS,expiration,False,6590.0,6620.0,6650.0,1.5,6250.0,6280.0,6310.0,1.5
2025-08-15,2025-09-05,SPX,21,295.0,-295.0,15.09,6481.5,LOSS,expiration,False,6660.0,6690.0,6720.0,1.45,6310.0,6340.0,6370.0,1.5
2025-08-22,2025-09-12,SPX,21,290.0,-290.0,14.22,6584.29,LOSS,expiration,False,6660.0,6690.0,6720.0,1.4,6285.0,6315.0,6345.0,1.5
2025-08-29,2025-09-19,SPX,21,310.0,1125.99,15.36,6664.36,WIN,expiration,True,6650.0,6680.0,6710.0,1.6,6335.0,6365.0,6395.0,1.5
2025-09-05,2025-09-26,SPX,21,300.0,-300.0,15.18,6643.7,LOSS,expiration,False,6680.0,6710.0,6740.0,1.5,6340.0,6370.0,6400.0,1.5
2025-09-12,2025-10-03,SPX,21,350.0,-350.0,14.76,6715.79,LOSS,expiration,False,6740.0,6770.0,6800.0,2.0,6425.0,6455.0,6485.0,1.5
2025-09-19,2025-10-10,SPX,21,370.0,-370.0,15.45,6552.51,LOSS,expiration,False,6840.0,6870.0,6900.0,2.2,6470.0,6500.0,6530.0,1.5
2025-09-26,2025-10-17,SPX,21,300.0,-300.0,15.29,6664.01,LOSS,expiration,False,6850.0,6880.0,6910.0,1.5,6475.0,6505.0,6535.0,1.5
2025-10-03,2025-10-24,SPX,21,290.0,-290.0,16.65,6791.69,LOSS,expiration,False,6940.0,6970.0,7000.0,1.4,6585.0,6615.0,6645.0,1.5
2025-10-10,2025-10-31,SPX,21,490.0,-490.0,21.66,6840.2,LOSS,expiration,False,6920.0,6960.0,7000.0,1.9,6355.0,6395.0,6435.0,3.0
2025-10-17,2025-11-07,SPX,21,375.0,-375.0,20.78,6728.8,LOSS,expiration,False,6970.0,7010.0,7050.0,1.75,6480.0,6520.0,6560.0,2.0
2025-10-24,2025-11-14,SPX,21,390.0,-390.0,16.37,6734.11,LOSS,expiration,False,6940.0,6970.0,7000.0,2.4,6640.0,6670.0,6700.0,1.5
2025-10-31,2025-11-21,SPX,21,400.0,-400.0,17.44,6602.99,LOSS,expiration,False,7120.0,7160.0,7200.0,2.0,6700.0,6740.0,6780.0,2.0
2025-11-07,2025-11-28,SPX,21,410.0,-410.0,19.08,6849.09,LOSS,expiration,False,6990.0,7030.0,7070.0,2.1,6445.0,6485.0,6525.0,2.0
2025-11-14,2025-12-05,SPX,21,400.0,-400.0,19.83,6870.4,LOSS,expiration,False,7010.0,7050.0,7090.0,2.0,6485.0,6525.0,6565.0,2.0
2025-11-21,2025-12-12,SPX,21,550.0,-550.0,23.43,6827.41,LOSS,expiration,False,6850.0,6890.0,6930.0,3.4,6300.0,6340.0,6380.0,2.1
2025-12-05,2025-12-26,SPX,21,290.0,-290.0,15.41,6929.94,LOSS,expiration,False,7090.0,7120.0,7150.0,1.4,6705.0,6735.0,6765.0,1.5
2025-12-12,2026-01-02,SPX,21,295.0,-295.0,15.74,6858.47,LOSS,expiration,False,7030.0,7060.0,7090.0,1.45,6600.0,6630.0,6660.0,1.5
2025-12-19,2026-01-09,SPX,21,300.0,-300.0,14.91,6966.28,LOSS,expiration,False,7040.0,7070.0,7100.0,1.5,6610.0,6640.0,6670.0,1.5
2025-12-26,2026-01-16,SPX,21,300.0,-300.0,13.6,6940.01,LOSS,expiration,False,7120.0,7150.0,7180.0,1.5,6770.0,6800.0,6830.0,1.5
2026-01-02,2026-01-23,SPX,21,290.0,-290.0,14.51,6915.61,LOSS,expiration,False,7060.0,7090.0,7120.0,1.4,6600.0,6630.0,6660.0,1.5
2026-01-09,2026-01-30,SPX,21,300.0,-300.0,14.49,6939.03,LOSS,expiration,False,7180.0,7210.0,7240.0,1.5,6830.0,6860.0,6890.0,1.5
2026-01-16,2026-02-06,SPX,21,290.0,-290.0,15.86,6932.3,LOSS,expiration,False,7170.0,7200.0,7230.0,1.4,6805.0,6835.0,6865.0,1.5
2026-01-23,2026-02-13,SPX,21,300.0,2083.01,16.09,6836.17,WIN,expiration,True,7130.0,7160.0,7190.0,1.5,6800.0,6830.0,6860.0,1.5
2026-01-30,2026-02-20,SPX,21,400.0,-400.0,17.44,6909.51,LOSS,expiration,False,7175.0,7215.0,7255.0,2.0,6735.0,6775.0,6815.0,2.0
2026-02-06,2026-02-27,SPX,21,560.0,-560.0,17.76,6878.88,LOSS,expiration,False,7115.0,7155.0,7195.0,3.6,6770.0,6810.0,6850.0,2.0
2026-02-13,2026-03-06,SPX,21,400.0,-400.0,20.6,6740.02,LOSS,expiration,False,7120.0,7160.0,7200.0,2.0,6610.0,6650.0,6690.0,2.0
2026-02-20,2026-03-13,SPX,21,395.0,-395.0,19.09,6632.19,LOSS,expiration,False,7170.0,7210.0,7250.0,1.95,6735.0,6775.0,6815.0,2.0
2026-02-27,2026-03-20,SPX,21,395.0,-395.0,19.86,6506.48,LOSS,expiration,False,7140.0,7180.0,7220.0,1.95,6650.0,6690.0,6730.0,2.0
2026-03-06,2026-03-27,SPX,21,500.0,-500.0,29.49,6368.85,LOSS,expiration,False,7110.0,7160.0,7210.0,2.5,6425.0,6475.0,6525.0,2.5
2026-03-20,2026-04-10,SPX,21,520.0,-520.0,26.78,6816.89,LOSS,expiration,False,6930.0,6980.0,7030.0,2.6,5975.0,6025.0,6075.0,2.6
2026-03-27,2026-04-17,SPX,21,610.0,-610.0,31.05,7126.06,LOSS,expiration,False,6750.0,6800.0,6850.0,3.1,6095.0,6145.0,6195.0,3.0
2026-04-10,2026-05-01,SPX,21,600.0,-600.0,19.23,7230.12,LOSS,expiration,False,6820.0,6860.0,6900.0,4.0,6595.0,6635.0,6675.0,2.0
2026-04-17,2026-05-08,SPX,21,600.0,-600.0,17.48,7398.93,LOSS,expiration,False,7130.0,7170.0,7210.0,4.0,6870.0,6910.0,6950.0,2.0
