trade_date,calendar_date,dte_remaining,pnl_usd
2021-05-14,2021-05-14,7,-6.81
2021-05-14,2021-05-15,6,-6.81
2021-05-14,2021-05-16,5,-6.81
2021-05-14,2021-05-17,4,5.19
2021-05-14,2021-05-18,3,110.19
2021-05-14,2021-05-19,2,115.19
2021-05-14,2021-05-20,1,124.38
2021-05-21,2021-05-21,7,-6.8
2021-05-21,2021-05-22,6,-6.8
2021-05-21,2021-05-23,5,-6.8
2021-05-21,2021-05-24,4,-211.8
2021-05-21,2021-05-25,3,-61.8
2021-05-21,2021-05-26,2,-289.8
2021-05-21,2021-05-27,1,-437.61
2021-05-28,2021-05-28,7,-6.8
2021-05-28,2021-05-29,6,-6.8
2021-05-28,2021-05-30,5,-6.8
2021-05-28,2021-05-31,4,-6.8
2021-05-28,2021-06-01,3,-69.8
2021-05-28,2021-06-02,2,-144.8
2021-05-28,2021-06-03,1,-13.61
2021-06-04,2021-06-04,7,-6.81
2021-06-04,2021-06-05,6,-6.81
2021-06-04,2021-06-06,5,-6.81
2021-06-04,2021-06-07,4,-201.81
2021-06-04,2021-06-08,3,-84.81
2021-06-04,2021-06-09,2,-24.81
2021-06-04,2021-06-10,1,-188.61
2021-06-11,2021-06-11,7,-6.81
2021-06-11,2021-06-12,6,-6.81
2021-06-11,2021-06-13,5,-6.81
2021-06-11,2021-06-14,4,-91.81
2021-06-11,2021-06-15,3,-1.81
2021-06-11,2021-06-16,2,57.19
2021-06-11,2021-06-17,1,172.38
2021-06-18,2021-06-18,7,-6.81
2021-06-18,2021-06-19,6,-6.81
2021-06-18,2021-06-20,5,-6.81
2021-06-18,2021-06-21,4,-16.81
2021-06-18,2021-06-22,3,-111.81
2021-06-18,2021-06-23,2,-149.81
2021-06-18,2021-06-24,1,-358.62
2021-06-25,2021-06-25,7,-6.8
2021-06-25,2021-06-26,6,-6.8
2021-06-25,2021-06-27,5,-6.8
2021-06-25,2021-06-28,4,-46.8
2021-06-25,2021-06-29,3,32.2
2021-06-25,2021-06-30,2,-97.8
2021-06-25,2021-07-01,1,-127.61
2021-07-02,2021-07-02,7,-6.8
2021-07-02,2021-07-03,6,-6.8
2021-07-02,2021-07-04,5,-6.8
2021-07-02,2021-07-05,4,-6.8
2021-07-02,2021-07-06,3,-56.8
2021-07-02,2021-07-07,2,-2.8
2021-07-02,2021-07-08,1,356.39
2021-07-09,2021-07-09,7,-6.81
2021-07-09,2021-07-10,6,-6.81
2021-07-09,2021-07-11,5,-6.81
2021-07-09,2021-07-12,4,18.19
2021-07-09,2021-07-13,3,185.19
2021-07-09,2021-07-14,2,145.19
2021-07-09,2021-07-15,1,196.39
2021-07-16,2021-07-16,7,-6.81
2021-07-16,2021-07-17,6,-6.81
2021-07-16,2021-07-18,5,-6.81
2021-07-16,2021-07-19,4,-144.81
2021-07-16,2021-07-20,3,-4.81
2021-07-16,2021-07-21,2,-104.81
2021-07-16,2021-07-22,1,-103.62
2021-07-23,2021-07-23,7,-6.81
2021-07-23,2021-07-24,6,-6.81
2021-07-23,2021-07-25,5,-6.81
2021-07-23,2021-07-26,4,-76.81
2021-07-23,2021-07-27,3,55.19
2021-07-23,2021-07-28,2,67.19
2021-07-23,2021-07-29,1,98.38
2021-07-30,2021-07-30,7,-6.8
2021-07-30,2021-07-31,6,-6.8
2021-07-30,2021-08-01,5,-6.8
2021-07-30,2021-08-02,4,-54.8
2021-07-30,2021-08-03,3,-119.8
2021-07-30,2021-08-04,2,-172.8
2021-07-30,2021-08-05,1,-152.61
2021-08-06,2021-08-06,7,-6.8
2021-08-06,2021-08-07,6,-6.8
2021-08-06,2021-08-08,5,-6.8
2021-08-06,2021-08-09,4,-164.8
2021-08-06,2021-08-10,3,-107.8
2021-08-06,2021-08-11,2,-215.8
2021-08-06,2021-08-12,1,-162.61
2021-08-13,2021-08-13,7,-6.81
2021-08-13,2021-08-14,6,-6.81
2021-08-13,2021-08-15,5,-6.81
2021-08-13,2021-08-16,4,-141.81
2021-08-13,2021-08-17,3,93.19
2021-08-13,2021-08-18,2,22.19
2021-08-13,2021-08-19,1,392.39
2021-08-20,2021-08-20,7,-6.81
2021-08-20,2021-08-21,6,-6.81
2021-08-20,2021-08-22,5,-6.81
2021-08-20,2021-08-23,4,-256.81
2021-08-20,2021-08-24,3,-174.81
2021-08-20,2021-08-25,2,-269.81
2021-08-20,2021-08-26,1,264.38
2021-08-27,2021-08-27,7,-6.81
2021-08-27,2021-08-28,6,-6.81
2021-08-27,2021-08-29,5,-6.81
2021-08-27,2021-08-30,4,-91.81
2021-08-27,2021-08-31,3,-4.81
2021-08-27,2021-09-01,2,-44.81
2021-08-27,2021-09-02,1,81.38
2021-09-03,2021-09-03,7,-6.8
2021-09-03,2021-09-04,6,-6.8
2021-09-03,2021-09-05,5,-6.8
2021-09-03,2021-09-06,4,-6.8
2021-09-03,2021-09-07,3,-81.8
2021-09-03,2021-09-08,2,-94.8
2021-09-03,2021-09-09,1,31.39
2021-09-10,2021-09-10,7,-6.8
2021-09-10,2021-09-11,6,-6.8
2021-09-10,2021-09-12,5,-6.8
2021-09-10,2021-09-13,4,-76.8
2021-09-10,2021-09-14,3,-141.8
2021-09-10,2021-09-15,2,-126.8
2021-09-10,2021-09-16,1,-170.61
2021-09-17,2021-09-17,7,-6.81
2021-09-17,2021-09-18,6,-6.81
2021-09-17,2021-09-19,5,-6.81
2021-09-17,2021-09-20,4,135.19
2021-09-17,2021-09-21,3,83.19
2021-09-17,2021-09-22,2,-61.81
2021-09-17,2021-09-23,1,81.39
2021-09-24,2021-09-24,7,-6.81
2021-09-24,2021-09-25,6,-6.81
2021-09-24,2021-09-26,5,-6.81
2021-09-24,2021-09-27,4,-119.81
2021-09-24,2021-09-28,3,-79.81
2021-09-24,2021-09-29,2,130.19
2021-09-24,2021-09-30,1,161.38
2021-10-01,2021-10-01,7,-6.81
2021-10-01,2021-10-02,6,-6.81
2021-10-01,2021-10-03,5,-6.81
2021-10-01,2021-10-04,4,-214.81
2021-10-01,2021-10-05,3,-46.81
2021-10-01,2021-10-06,2,-9.81
2021-10-01,2021-10-07,1,11.38
2021-10-08,2021-10-08,7,-6.8
2021-10-08,2021-10-09,6,-6.8
2021-10-08,2021-10-10,5,-6.8
2021-10-08,2021-10-11,4,-94.8
2021-10-08,2021-10-12,3,-41.8
2021-10-08,2021-10-13,2,-79.8
2021-10-08,2021-10-14,1,9.39
2021-10-15,2021-10-15,7,-6.8
2021-10-15,2021-10-16,6,-6.8
2021-10-15,2021-10-17,5,-6.8
2021-10-15,2021-10-18,4,-6.8
2021-10-15,2021-10-19,3,45.2
2021-10-15,2021-10-20,2,-76.8
2021-10-15,2021-10-21,1,-230.61
2021-10-22,2021-10-22,7,-6.81
2021-10-22,2021-10-23,6,-6.81
2021-10-22,2021-10-24,5,-6.81
2021-10-22,2021-10-25,4,-99.81
2021-10-22,2021-10-26,3,30.19
2021-10-22,2021-10-27,2,123.19
2021-10-22,2021-10-28,1,139.39
2021-10-29,2021-10-29,7,-6.81
2021-10-29,2021-10-30,6,-6.81
2021-10-29,2021-10-31,5,-6.81
2021-10-29,2021-11-01,4,8.19
2021-10-29,2021-11-02,3,48.19
2021-10-29,2021-11-03,2,-109.81
2021-10-29,2021-11-04,1,-175.62
2021-11-05,2021-11-05,7,-6.81
2021-11-05,2021-11-06,6,-6.81
2021-11-05,2021-11-07,5,-6.81
2021-11-05,2021-11-08,4,-91.81
2021-11-05,2021-11-09,3,-64.81
2021-11-05,2021-11-10,2,-86.81
2021-11-05,2021-11-11,1,-335.62
2021-11-12,2021-11-12,7,-6.8
2021-11-12,2021-11-13,6,-6.8
2021-11-12,2021-11-14,5,-6.8
2021-11-12,2021-11-15,4,-67.8
2021-11-12,2021-11-16,3,-191.8
2021-11-12,2021-11-17,2,-87.8
2021-11-12,2021-11-18,1,-170.61
2021-11-19,2021-11-19,7,-6.8
2021-11-19,2021-11-20,6,-6.8
2021-11-19,2021-11-21,5,-6.8
2021-11-19,2021-11-22,4,-89.8
2021-11-19,2021-11-23,3,63.2
2021-11-19,2021-11-24,2,197.2
2021-11-19,2021-11-25,1,197.2
2021-11-19,2021-11-26,0,1200.58
2021-11-26,2021-11-26,7,1003.38
2021-11-26,2021-11-27,6,1003.38
2021-11-26,2021-11-28,5,1003.38
2021-11-26,2021-11-29,4,660.38
2021-11-26,2021-11-30,3,1095.38
2021-11-26,2021-12-01,2,1230.38
2021-11-26,2021-12-02,1,1382.58
2021-12-03,2021-12-03,7,-6.81
2021-12-03,2021-12-04,6,-6.81
2021-12-03,2021-12-05,5,-6.81
2021-12-03,2021-12-06,4,-226.81
2021-12-03,2021-12-07,3,-649.81
2021-12-03,2021-12-08,2,-1052.81
2021-12-03,2021-12-09,1,-755.62
2021-12-10,2021-12-10,7,-6.81
2021-12-10,2021-12-11,6,-6.81
2021-12-10,2021-12-12,5,-6.81
2021-12-10,2021-12-13,4,-139.81
2021-12-10,2021-12-14,3,57.19
2021-12-10,2021-12-15,2,0.19
2021-12-10,2021-12-16,1,497.38
2021-12-17,2021-12-17,7,-6.8
2021-12-17,2021-12-18,6,-6.8
2021-12-17,2021-12-19,5,-6.8
2021-12-17,2021-12-20,4,48.2
2021-12-17,2021-12-21,3,52.2
2021-12-17,2021-12-22,2,-302.8
2021-12-17,2021-12-23,1,-558.61
2021-12-31,2021-12-31,7,-6.8
2021-12-31,2022-01-01,6,-6.8
2021-12-31,2022-01-02,5,-6.8
2021-12-31,2022-01-03,4,-221.8
2021-12-31,2022-01-04,3,-159.8
2021-12-31,2022-01-05,2,-156.8
2021-12-31,2022-01-06,1,77.39
2022-01-07,2022-01-07,7,-6.81
2022-01-07,2022-01-08,6,-6.81
2022-01-07,2022-01-09,5,-6.81
2022-01-07,2022-01-10,4,-201.81
2022-01-07,2022-01-11,3,78.19
2022-01-07,2022-01-12,2,-76.81
2022-01-07,2022-01-13,1,414.39
2022-01-14,2022-01-14,7,-6.81
2022-01-14,2022-01-15,6,-6.81
2022-01-14,2022-01-16,5,-6.81
2022-01-14,2022-01-17,4,-6.81
2022-01-14,2022-01-18,3,-89.81
2022-01-14,2022-01-19,2,-266.81
2022-01-14,2022-01-20,1,-455.62
2022-01-21,2022-01-21,7,-6.81
2022-01-21,2022-01-22,6,-6.81
2022-01-21,2022-01-23,5,-6.81
2022-01-21,2022-01-24,4,313.19
2022-01-21,2022-01-25,3,588.19
2022-01-21,2022-01-26,2,780.19
2022-01-21,2022-01-27,1,984.38
2022-01-28,2022-01-28,7,-6.8
2022-01-28,2022-01-29,6,-6.8
2022-01-28,2022-01-30,5,-6.8
2022-01-28,2022-01-31,4,-311.8
2022-01-28,2022-02-01,3,-534.8
2022-01-28,2022-02-02,2,-854.8
2022-01-28,2022-02-03,1,184.39
2022-02-04,2022-02-04,7,-6.8
2022-02-04,2022-02-05,6,-6.8
2022-02-04,2022-02-06,5,-6.8
2022-02-04,2022-02-07,4,-184.8
2022-02-04,2022-02-08,3,-151.8
2022-02-04,2022-02-09,2,-186.8
2022-02-04,2022-02-10,1,834.39
2022-02-11,2022-02-11,7,-6.81
2022-02-11,2022-02-12,6,-6.81
2022-02-11,2022-02-13,5,-6.81
2022-02-11,2022-02-14,4,18.19
2022-02-11,2022-02-15,3,53.19
2022-02-11,2022-02-16,2,-184.81
2022-02-11,2022-02-17,1,1028.39
2022-02-18,2022-02-18,7,-6.81
2022-02-18,2022-02-19,6,-6.81
2022-02-18,2022-02-20,5,-6.81
2022-02-18,2022-02-21,4,-6.81
2022-02-18,2022-02-22,3,-34.81
2022-02-18,2022-02-23,2,-146.81
2022-02-18,2022-02-24,1,42.38
2022-02-25,2022-02-25,7,-6.81
2022-02-25,2022-02-26,6,-6.81
2022-02-25,2022-02-27,5,-6.81
2022-02-25,2022-02-28,4,138.19
2022-02-25,2022-03-01,3,960.19
2022-02-25,2022-03-02,2,1003.19
2022-02-25,2022-03-03,1,1454.38
2022-03-04,2022-03-04,7,-6.8
2022-03-04,2022-03-05,6,-6.8
2022-03-04,2022-03-06,5,-6.8
2022-03-04,2022-03-07,4,-117.8
2022-03-04,2022-03-08,3,-121.8
2022-03-04,2022-03-09,2,173.2
2022-03-04,2022-03-10,1,-93.61
2022-03-11,2022-03-11,7,-6.8
2022-03-11,2022-03-12,6,-6.8
2022-03-11,2022-03-13,5,-6.8
2022-03-11,2022-03-14,4,8.2
2022-03-11,2022-03-15,3,318.2
2022-03-11,2022-03-16,2,90.2
2022-03-11,2022-03-17,1,-198.61
2022-03-18,2022-03-18,7,-6.81
2022-03-18,2022-03-19,6,-6.81
2022-03-18,2022-03-20,5,-6.81
2022-03-18,2022-03-21,4,-31.81
2022-03-18,2022-03-22,3,83.19
2022-03-18,2022-03-23,2,65.19
2022-03-18,2022-03-24,1,-177.61
2022-03-25,2022-03-25,7,-6.81
2022-03-25,2022-03-26,6,-6.81
2022-03-25,2022-03-27,5,-6.81
2022-03-25,2022-03-28,4,-166.81
2022-03-25,2022-03-29,3,-319.81
2022-03-25,2022-03-30,2,-89.81
2022-03-25,2022-03-31,1,69.38
2022-04-01,2022-04-01,7,-6.81
2022-04-01,2022-04-02,6,-6.81
2022-04-01,2022-04-03,5,-6.81
2022-04-01,2022-04-04,4,-304.81
2022-04-01,2022-04-05,3,43.19
2022-04-01,2022-04-06,2,12.19
2022-04-01,2022-04-07,1,82.38
2022-04-08,2022-04-08,7,-6.8
2022-04-08,2022-04-09,6,-6.8
2022-04-08,2022-04-10,5,-6.8
2022-04-08,2022-04-11,4,-177.8
2022-04-08,2022-04-12,3,-106.8
2022-04-08,2022-04-13,2,-151.8
2022-04-08,2022-04-14,1,120.39
2022-04-22,2022-04-22,7,-6.8
2022-04-22,2022-04-23,6,-6.8
2022-04-22,2022-04-24,5,-6.8
2022-04-22,2022-04-25,4,-61.8
2022-04-22,2022-04-26,3,32.2
2022-04-22,2022-04-27,2,187.2
2022-04-22,2022-04-28,1,541.39
2022-04-29,2022-04-29,7,-6.81
2022-04-29,2022-04-30,6,-6.81
2022-04-29,2022-05-01,5,-6.81
2022-04-29,2022-05-02,4,33.19
2022-04-29,2022-05-03,3,153.19
2022-04-29,2022-05-04,2,-76.81
2022-04-29,2022-05-05,1,682.39
2022-05-06,2022-05-06,7,-6.81
2022-05-06,2022-05-07,6,-6.81
2022-05-06,2022-05-08,5,-6.81
2022-05-06,2022-05-09,4,90.19
2022-05-06,2022-05-10,3,-146.81
2022-05-06,2022-05-11,2,68.19
2022-05-06,2022-05-12,1,52.38
2022-05-13,2022-05-13,7,-6.81
2022-05-13,2022-05-14,6,-6.81
2022-05-13,2022-05-15,5,-6.81
2022-05-13,2022-05-16,4,-136.81
2022-05-13,2022-05-17,3,-131.81
2022-05-13,2022-05-18,2,132.19
2022-05-13,2022-05-19,1,144.38
2022-05-20,2022-05-20,7,-6.8
2022-05-20,2022-05-21,6,-6.8
2022-05-20,2022-05-22,5,-6.8
2022-05-20,2022-05-23,4,143.2
2022-05-20,2022-05-24,3,383.2
2022-05-20,2022-05-25,2,362.2
2022-05-20,2022-05-26,1,-206.61
2022-06-03,2022-06-03,7,-6.8
2022-06-03,2022-06-04,6,-6.8
2022-06-03,2022-06-05,5,-6.8
2022-06-03,2022-06-06,4,18.2
2022-06-03,2022-06-07,3,-21.8
2022-06-03,2022-06-08,2,-56.8
2022-06-03,2022-06-09,1,119.4
2022-06-10,2022-06-10,7,-6.81
2022-06-10,2022-06-11,6,-6.81
2022-06-10,2022-06-12,5,-6.81
2022-06-10,2022-06-13,4,-69.81
2022-06-10,2022-06-14,3,-26.81
2022-06-10,2022-06-15,2,425.19
2022-06-10,2022-06-16,1,-167.62
2022-06-17,2022-06-17,7,-6.81
2022-06-17,2022-06-18,6,-6.81
2022-06-17,2022-06-19,5,-6.81
2022-06-17,2022-06-20,4,-6.81
2022-06-17,2022-06-21,3,-71.81
2022-06-17,2022-06-22,2,-144.81
2022-06-17,2022-06-23,1,-75.62
2022-06-24,2022-06-24,7,-6.8
2022-06-24,2022-06-25,6,-6.8
2022-06-24,2022-06-26,5,-6.8
2022-06-24,2022-06-27,4,-41.8
2022-06-24,2022-06-28,3,-64.8
2022-06-24,2022-06-29,2,5.2
2022-06-24,2022-06-30,1,-2.61
2022-07-01,2022-07-01,7,-6.81
2022-07-01,2022-07-02,6,-6.81
2022-07-01,2022-07-03,5,-6.81
2022-07-01,2022-07-04,4,-6.81
2022-07-01,2022-07-05,3,-1.81
2022-07-01,2022-07-06,2,33.19
2022-07-01,2022-07-07,1,-52.62
2022-07-08,2022-07-08,7,-6.8
2022-07-08,2022-07-09,6,-6.8
2022-07-08,2022-07-10,5,-6.8
2022-07-08,2022-07-11,4,-106.8
2022-07-08,2022-07-12,3,-224.8
2022-07-08,2022-07-13,2,-46.8
2022-07-08,2022-07-14,1,-110.6
2022-07-15,2022-07-15,7,-6.81
2022-07-15,2022-07-16,6,-6.81
2022-07-15,2022-07-17,5,-6.81
2022-07-15,2022-07-18,4,-21.81
2022-07-15,2022-07-19,3,53.19
2022-07-15,2022-07-20,2,-114.81
2022-07-15,2022-07-21,1,-341.62
2022-07-22,2022-07-22,7,-6.81
2022-07-22,2022-07-23,6,-6.81
2022-07-22,2022-07-24,5,-6.81
2022-07-22,2022-07-25,4,-156.81
2022-07-22,2022-07-26,3,-16.81
2022-07-22,2022-07-27,2,107.19
2022-07-22,2022-07-28,1,-0.62
2022-08-05,2022-08-05,7,-6.81
2022-08-05,2022-08-06,6,-6.81
2022-08-05,2022-08-07,5,-6.81
2022-08-05,2022-08-08,4,-156.81
2022-08-05,2022-08-09,3,-61.81
2022-08-05,2022-08-10,2,-104.81
2022-08-05,2022-08-11,1,-2.62
2022-08-19,2022-08-19,7,-6.81
2022-08-19,2022-08-20,6,-6.81
2022-08-19,2022-08-21,5,-6.81
2022-08-19,2022-08-22,4,-286.81
2022-08-19,2022-08-23,3,-244.81
2022-08-19,2022-08-24,2,-219.81
2022-08-19,2022-08-25,1,-0.62
2022-09-02,2022-09-02,7,-6.81
2022-09-02,2022-09-03,6,-6.81
2022-09-02,2022-09-04,5,-6.81
2022-09-02,2022-09-05,4,-6.81
2022-09-02,2022-09-06,3,-101.81
2022-09-02,2022-09-07,2,-211.81
2022-09-02,2022-09-08,1,-88.62
2022-09-09,2022-09-09,7,-6.8
2022-09-09,2022-09-10,6,-6.8
2022-09-09,2022-09-11,5,-6.8
2022-09-09,2022-09-12,4,43.2
2022-09-09,2022-09-13,3,-216.8
2022-09-09,2022-09-14,2,103.2
2022-09-09,2022-09-15,1,-130.61
2022-09-16,2022-09-16,7,-6.81
2022-09-16,2022-09-17,6,-6.81
2022-09-16,2022-09-18,5,-6.81
2022-09-16,2022-09-19,4,-176.81
2022-09-16,2022-09-20,3,8.19
2022-09-16,2022-09-21,2,273.19
2022-09-16,2022-09-22,1,144.38
2022-09-23,2022-09-23,7,-6.81
2022-09-23,2022-09-24,6,-6.81
2022-09-23,2022-09-25,5,-6.81
2022-09-23,2022-09-26,4,68.19
2022-09-23,2022-09-27,3,218.19
2022-09-23,2022-09-28,2,303.19
2022-09-23,2022-09-29,1,264.39
2022-10-07,2022-10-07,7,-6.81
2022-10-07,2022-10-08,6,-6.81
2022-10-07,2022-10-09,5,-6.81
2022-10-07,2022-10-10,4,-66.81
2022-10-07,2022-10-11,3,38.19
2022-10-07,2022-10-12,2,148.19
2022-10-07,2022-10-13,1,697.38
2022-10-14,2022-10-14,7,-6.81
2022-10-14,2022-10-15,6,-6.81
2022-10-14,2022-10-16,5,-6.81
2022-10-14,2022-10-17,4,-31.81
2022-10-14,2022-10-18,3,20.19
2022-10-14,2022-10-19,2,158.19
2022-10-14,2022-10-20,1,-143.62
2022-10-21,2022-10-21,7,-6.8
2022-10-21,2022-10-22,6,-6.8
2022-10-21,2022-10-23,5,-6.8
2022-10-21,2022-10-24,4,-6.8
2022-10-21,2022-10-25,3,-29.8
2022-10-21,2022-10-26,2,93.2
2022-10-21,2022-10-27,1,42.39
2022-10-28,2022-10-28,7,-6.81
2022-10-28,2022-10-29,6,-6.81
2022-10-28,2022-10-30,5,-6.81
2022-10-28,2022-10-31,4,-116.81
2022-10-28,2022-11-01,3,-101.81
2022-10-28,2022-11-02,2,-166.81
2022-10-28,2022-11-03,1,-325.62
2022-11-04,2022-11-04,7,-6.8
2022-11-04,2022-11-05,6,-6.8
2022-11-04,2022-11-06,5,-6.8
2022-11-04,2022-11-07,4,-86.8
2022-11-04,2022-11-08,3,-21.8
2022-11-04,2022-11-09,2,198.2
2022-11-04,2022-11-10,1,-45.6
2022-11-18,2022-11-18,7,-6.81
2022-11-18,2022-11-19,6,-6.81
2022-11-18,2022-11-20,5,-6.81
2022-11-18,2022-11-21,4,-261.81
2022-11-18,2022-11-22,3,-282.81
2022-11-18,2022-11-23,2,-500.81
2022-11-18,2022-11-24,1,-500.81
2022-11-18,2022-11-25,0,-686.42
2022-11-25,2022-11-25,7,-185.61
2022-11-25,2022-11-26,6,-185.61
2022-11-25,2022-11-27,5,-185.61
2022-11-25,2022-11-28,4,-403.61
2022-11-25,2022-11-29,3,-420.61
2022-11-25,2022-11-30,2,-93.61
2022-11-25,2022-12-01,1,-114.42
2022-12-02,2022-12-02,7,-6.81
2022-12-02,2022-12-03,6,-6.81
2022-12-02,2022-12-04,5,-6.81
2022-12-02,2022-12-05,4,-164.81
2022-12-02,2022-12-06,3,-244.81
2022-12-02,2022-12-07,2,-306.81
2022-12-02,2022-12-08,1,-188.62
2022-12-09,2022-12-09,7,-6.81
2022-12-09,2022-12-10,6,-6.81
2022-12-09,2022-12-11,5,-6.81
2022-12-09,2022-12-12,4,-36.81
2022-12-09,2022-12-13,3,0.19
2022-12-09,2022-12-14,2,197.19
2022-12-09,2022-12-15,1,304.39
2022-12-16,2022-12-16,7,-6.8
2022-12-16,2022-12-17,6,-6.8
2022-12-16,2022-12-18,5,-6.8
2022-12-16,2022-12-19,4,108.2
2022-12-16,2022-12-20,3,-31.8
2022-12-16,2022-12-21,2,-102.8
2022-12-16,2022-12-22,1,-65.61
2022-12-23,2022-12-23,7,-6.81
2022-12-23,2022-12-24,6,-6.81
2022-12-23,2022-12-25,5,-6.81
2022-12-23,2022-12-26,4,-6.81
2022-12-23,2022-12-27,3,-144.81
2022-12-23,2022-12-28,2,-314.81
2022-12-23,2022-12-29,1,-48.62
2022-12-30,2022-12-30,7,-6.8
2022-12-30,2022-12-31,6,-6.8
2022-12-30,2023-01-01,5,-6.8
2022-12-30,2023-01-02,4,-6.8
2022-12-30,2023-01-03,3,-66.8
2022-12-30,2023-01-04,2,-41.8
2022-12-30,2023-01-05,1,6.39
2023-01-13,2023-01-13,7,-6.81
2023-01-13,2023-01-14,6,-6.81
2023-01-13,2023-01-15,5,-6.81
2023-01-13,2023-01-16,4,-6.81
2023-01-13,2023-01-17,3,-104.81
2023-01-13,2023-01-18,2,-239.81
2023-01-13,2023-01-19,1,-210.61
2023-01-20,2023-01-20,7,-6.81
2023-01-20,2023-01-21,6,-6.81
2023-01-20,2023-01-22,5,-6.81
2023-01-20,2023-01-23,4,-76.81
2023-01-20,2023-01-24,3,25.19
2023-01-20,2023-01-25,2,38.19
2023-01-20,2023-01-26,1,16.38
2023-01-27,2023-01-27,7,-6.8
2023-01-27,2023-01-28,6,-6.8
2023-01-27,2023-01-29,5,-6.8
2023-01-27,2023-01-30,4,-56.8
2023-01-27,2023-01-31,3,43.2
2023-01-27,2023-02-01,2,50.2
2023-01-27,2023-02-02,1,131.39
2023-02-03,2023-02-03,7,-6.8
2023-02-03,2023-02-04,6,-6.8
2023-02-03,2023-02-05,5,-6.8
2023-02-03,2023-02-06,4,-41.8
2023-02-03,2023-02-07,3,38.2
2023-02-03,2023-02-08,2,117.2
2023-02-03,2023-02-09,1,244.39
2023-02-10,2023-02-10,7,-6.81
2023-02-10,2023-02-11,6,-6.81
2023-02-10,2023-02-12,5,-6.81
2023-02-10,2023-02-13,4,-11.81
2023-02-10,2023-02-14,3,38.19
2023-02-10,2023-02-15,2,-44.81
2023-02-10,2023-02-16,1,251.38
2023-02-17,2023-02-17,7,-6.81
2023-02-17,2023-02-18,6,-6.81
2023-02-17,2023-02-19,5,-6.81
2023-02-17,2023-02-20,4,-6.81
2023-02-17,2023-02-21,3,-181.81
2023-02-17,2023-02-22,2,-321.81
2023-02-17,2023-02-23,1,-273.61
2023-02-24,2023-02-24,7,-6.81
2023-02-24,2023-02-25,6,-6.81
2023-02-24,2023-02-26,5,-6.81
2023-02-24,2023-02-27,4,-91.81
2023-02-24,2023-02-28,3,-56.81
2023-02-24,2023-03-01,2,25.19
2023-02-24,2023-03-02,1,19.38
2023-03-03,2023-03-03,7,-6.8
2023-03-03,2023-03-04,6,-6.8
2023-03-03,2023-03-05,5,-6.8
2023-03-03,2023-03-06,4,-26.8
2023-03-03,2023-03-07,3,25.2
2023-03-03,2023-03-08,2,60.2
2023-03-03,2023-03-09,1,-68.61
2023-03-10,2023-03-10,7,-6.8
2023-03-10,2023-03-11,6,-6.8
2023-03-10,2023-03-12,5,-6.8
2023-03-10,2023-03-13,4,23.2
2023-03-10,2023-03-14,3,143.2
2023-03-10,2023-03-15,2,365.2
2023-03-10,2023-03-16,1,356.39
2023-03-17,2023-03-17,7,-6.81
2023-03-17,2023-03-18,6,-6.81
2023-03-17,2023-03-19,5,-6.81
2023-03-17,2023-03-20,4,13.19
2023-03-17,2023-03-21,3,-62.81
2023-03-17,2023-03-22,2,83.19
2023-03-17,2023-03-23,1,532.38
2023-03-24,2023-03-24,7,-6.81
2023-03-24,2023-03-25,6,-6.81
2023-03-24,2023-03-26,5,-6.81
2023-03-24,2023-03-27,4,-106.81
2023-03-24,2023-03-28,3,-151.81
2023-03-24,2023-03-29,2,15.19
2023-03-24,2023-03-30,1,-53.61
2023-03-31,2023-03-31,7,-6.81
2023-03-31,2023-04-01,6,-6.81
2023-03-31,2023-04-02,5,-6.81
2023-03-31,2023-04-03,4,-106.81
2023-03-31,2023-04-04,3,-194.81
2023-03-31,2023-04-05,2,-132.81
2023-03-31,2023-04-06,1,98.38
2023-04-14,2023-04-14,7,-6.8
2023-04-14,2023-04-15,6,-6.8
2023-04-14,2023-04-16,5,-6.8
2023-04-14,2023-04-17,4,-101.8
2023-04-14,2023-04-18,3,-61.8
2023-04-14,2023-04-19,2,2.2
2023-04-14,2023-04-20,1,121.39
2023-04-21,2023-04-21,7,-6.8
2023-04-21,2023-04-22,6,-6.8
2023-04-21,2023-04-23,5,-6.8
2023-04-21,2023-04-24,4,-11.8
2023-04-21,2023-04-25,3,13.2
2023-04-21,2023-04-26,2,-84.8
2023-04-21,2023-04-27,1,84.39
2023-04-28,2023-04-28,7,-6.81
2023-04-28,2023-04-29,6,-6.81
2023-04-28,2023-04-30,5,-6.81
2023-04-28,2023-05-01,4,8.19
2023-04-28,2023-05-02,3,-27.81
2023-04-28,2023-05-03,2,43.19
2023-04-28,2023-05-04,1,151.38
2023-05-05,2023-05-05,7,-6.81
2023-05-05,2023-05-06,6,-6.81
2023-05-05,2023-05-07,5,-6.81
2023-05-05,2023-05-08,4,-91.81
2023-05-05,2023-05-09,3,-31.81
2023-05-05,2023-05-10,2,-114.81
2023-05-05,2023-05-11,1,-63.61
2023-05-12,2023-05-12,7,-6.81
2023-05-12,2023-05-13,6,-6.81
2023-05-12,2023-05-14,5,-6.81
2023-05-12,2023-05-15,4,-76.81
2023-05-12,2023-05-16,3,18.19
2023-05-12,2023-05-17,2,42.19
2023-05-12,2023-05-18,1,-100.62
2023-05-19,2023-05-19,7,-6.8
2023-05-19,2023-05-20,6,-6.8
2023-05-19,2023-05-21,5,-6.8
2023-05-19,2023-05-22,4,43.2
2023-05-19,2023-05-23,3,33.2
2023-05-19,2023-05-24,2,10.2
2023-05-19,2023-05-25,1,326.39
2023-05-26,2023-05-26,7,-6.8
2023-05-26,2023-05-27,6,-6.8
2023-05-26,2023-05-28,5,-6.8
2023-05-26,2023-05-29,4,-6.8
2023-05-26,2023-05-30,3,-77.8
2023-05-26,2023-05-31,2,-199.8
2023-05-26,2023-06-01,1,-265.61
2023-06-02,2023-06-02,7,-6.81
2023-06-02,2023-06-03,6,-6.81
2023-06-02,2023-06-04,5,-6.81
2023-06-02,2023-06-05,4,-49.81
2023-06-02,2023-06-06,3,-16.81
2023-06-02,2023-06-07,2,-139.81
2023-06-02,2023-06-08,1,-33.62
2023-06-09,2023-06-09,7,-6.81
2023-06-09,2023-06-10,6,-6.81
2023-06-09,2023-06-11,5,-6.81
2023-06-09,2023-06-12,4,33.19
2023-06-09,2023-06-13,3,40.19
2023-06-09,2023-06-14,2,80.19
2023-06-09,2023-06-15,1,-240.61
2023-06-16,2023-06-16,7,-6.81
2023-06-16,2023-06-17,6,-6.81
2023-06-16,2023-06-18,5,-6.81
2023-06-16,2023-06-19,4,-6.81
2023-06-16,2023-06-20,3,-144.81
2023-06-16,2023-06-21,2,-286.81
2023-06-16,2023-06-22,1,-363.62
2023-06-23,2023-06-23,7,-6.8
2023-06-23,2023-06-24,6,-6.8
2023-06-23,2023-06-25,5,-6.8
2023-06-23,2023-06-26,4,-84.81
2023-06-23,2023-06-27,3,-14.8
2023-06-23,2023-06-28,2,-21.8
2023-06-23,2023-06-29,1,41.39
2023-06-30,2023-06-30,7,-6.8
2023-06-30,2023-07-01,6,-6.8
2023-06-30,2023-07-02,5,-6.8
2023-06-30,2023-07-03,4,-51.8
2023-06-30,2023-07-04,3,-51.8
2023-06-30,2023-07-05,2,-22.8
2023-06-30,2023-07-06,1,-183.61
2023-07-07,2023-07-07,7,-6.81
2023-07-07,2023-07-08,6,-6.81
2023-07-07,2023-07-09,5,-6.81
2023-07-07,2023-07-10,4,-41.81
2023-07-07,2023-07-11,3,-1.81
2023-07-07,2023-07-12,2,-102.81
2023-07-07,2023-07-13,1,-283.62
2023-07-14,2023-07-14,7,-6.81
2023-07-14,2023-07-15,6,-6.81
2023-07-14,2023-07-16,5,-6.81
2023-07-14,2023-07-17,4,-9.81
2023-07-14,2023-07-18,3,-26.81
2023-07-14,2023-07-19,2,-1.81
2023-07-14,2023-07-20,1,151.39
2023-07-21,2023-07-21,7,-6.81
2023-07-21,2023-07-22,6,-6.81
2023-07-21,2023-07-23,5,-6.81
2023-07-21,2023-07-24,4,8.19
2023-07-21,2023-07-25,3,13.19
2023-07-21,2023-07-26,2,15.19
2023-07-21,2023-07-27,1,44.38
2023-07-28,2023-07-28,7,-6.8
2023-07-28,2023-07-29,6,-6.8
2023-07-28,2023-07-30,5,-6.8
2023-07-28,2023-07-31,4,-41.8
2023-07-28,2023-08-01,3,8.2
2023-07-28,2023-08-02,2,-46.8
2023-07-28,2023-08-03,1,-155.61
2023-08-04,2023-08-04,7,-6.8
2023-08-04,2023-08-05,6,-6.8
2023-08-04,2023-08-06,5,-6.8
2023-08-04,2023-08-07,4,-61.8
2023-08-04,2023-08-08,3,-49.8
2023-08-04,2023-08-09,2,-92.8
2023-08-04,2023-08-10,1,94.39
2023-08-11,2023-08-11,7,-6.81
2023-08-11,2023-08-12,6,-6.81
2023-08-11,2023-08-13,5,-6.81
2023-08-11,2023-08-14,4,33.19
2023-08-11,2023-08-15,3,8.19
2023-08-11,2023-08-16,2,-109.81
2023-08-11,2023-08-17,1,-65.62
2023-08-18,2023-08-18,7,-6.81
2023-08-18,2023-08-19,6,-6.81
2023-08-18,2023-08-20,5,-6.81
2023-08-18,2023-08-21,4,-44.81
2023-08-18,2023-08-22,3,-46.81
2023-08-18,2023-08-23,2,-121.81
2023-08-18,2023-08-24,1,36.39
2023-08-25,2023-08-25,7,-6.81
2023-08-25,2023-08-26,6,-6.81
2023-08-25,2023-08-27,5,-6.81
2023-08-25,2023-08-28,4,-61.81
2023-08-25,2023-08-29,3,-171.81
2023-08-25,2023-08-30,2,-257.81
2023-08-25,2023-08-31,1,-316.62
2023-09-01,2023-09-01,7,-6.8
2023-09-01,2023-09-02,6,-6.8
2023-09-01,2023-09-03,5,-6.8
2023-09-01,2023-09-04,4,-6.8
2023-09-01,2023-09-05,3,-14.8
2023-09-01,2023-09-06,2,-119.8
2023-09-01,2023-09-07,1,-83.61
2023-09-08,2023-09-08,7,-6.8
2023-09-08,2023-09-09,6,-6.8
2023-09-08,2023-09-10,5,-6.8
2023-09-08,2023-09-11,4,-66.8
2023-09-08,2023-09-12,3,-41.8
2023-09-08,2023-09-13,2,-117.8
2023-09-08,2023-09-14,1,-53.61
2023-09-15,2023-09-15,7,-6.81
2023-09-15,2023-09-16,6,-6.81
2023-09-15,2023-09-17,5,-6.81
2023-09-15,2023-09-18,4,18.19
2023-09-15,2023-09-19,3,35.19
2023-09-15,2023-09-20,2,3.19
2023-09-15,2023-09-21,1,-250.62
2023-09-22,2023-09-22,7,-6.81
2023-09-22,2023-09-23,6,-6.81
2023-09-22,2023-09-24,5,-6.81
2023-09-22,2023-09-25,4,-1.81
2023-09-22,2023-09-26,3,-16.81
2023-09-22,2023-09-27,2,20.19
2023-09-22,2023-09-28,1,21.39
2023-09-29,2023-09-29,7,-6.81
2023-09-29,2023-09-30,6,-6.81
2023-09-29,2023-10-01,5,-6.81
2023-09-29,2023-10-02,4,20.19
2023-09-29,2023-10-03,3,68.19
2023-09-29,2023-10-04,2,-4.81
2023-09-29,2023-10-05,1,64.38
2023-10-06,2023-10-06,7,-6.8
2023-10-06,2023-10-07,6,-6.8
2023-10-06,2023-10-08,5,-6.8
2023-10-06,2023-10-09,4,18.2
2023-10-06,2023-10-10,3,-26.8
2023-10-06,2023-10-11,2,-37.8
2023-10-06,2023-10-12,1,99.39
2023-10-13,2023-10-13,7,-6.8
2023-10-13,2023-10-14,6,-6.8
2023-10-13,2023-10-15,5,-6.8
2023-10-13,2023-10-16,4,-6.8
2023-10-13,2023-10-17,3,98.2
2023-10-13,2023-10-18,2,302.2
2023-10-13,2023-10-19,1,431.39
2023-10-20,2023-10-20,7,-6.81
2023-10-20,2023-10-21,6,-6.81
2023-10-20,2023-10-22,5,-6.81
2023-10-20,2023-10-23,4,-41.81
2023-10-20,2023-10-24,3,8.19
2023-10-20,2023-10-25,2,-12.81
2023-10-20,2023-10-26,1,184.38
2023-10-27,2023-10-27,7,-6.81
2023-10-27,2023-10-28,6,-6.81
2023-10-27,2023-10-29,5,-6.81
2023-10-27,2023-10-30,4,-89.81
2023-10-27,2023-10-31,3,-164.81
2023-10-27,2023-11-01,2,-319.81
2023-10-27,2023-11-02,1,-766.61
2023-11-03,2023-11-03,7,-6.81
2023-11-03,2023-11-04,6,-6.81
2023-11-03,2023-11-05,5,-6.81
2023-11-03,2023-11-06,4,-61.81
2023-11-03,2023-11-07,3,-9.81
2023-11-03,2023-11-08,2,-6.81
2023-11-03,2023-11-09,1,73.38
2023-11-10,2023-11-10,7,-6.8
2023-11-10,2023-11-11,6,-6.8
2023-11-10,2023-11-12,5,-6.8
2023-11-10,2023-11-13,4,-6.8
2023-11-10,2023-11-14,3,-176.8
2023-11-10,2023-11-15,2,-219.8
2023-11-10,2023-11-16,1,-171.61
2023-11-17,2023-11-17,7,-6.8
2023-11-17,2023-11-18,6,-6.8
2023-11-17,2023-11-19,5,-6.8
2023-11-17,2023-11-20,4,-121.8
2023-11-17,2023-11-21,3,-31.8
2023-11-17,2023-11-22,2,-27.8
2023-11-17,2023-11-23,1,-27.8
2023-11-17,2023-11-24,0,-314.42
2023-11-24,2023-11-24,7,-286.62
2023-11-24,2023-11-25,6,-286.62
2023-11-24,2023-11-26,5,-286.62
2023-11-24,2023-11-27,4,-341.62
2023-11-24,2023-11-28,3,-332.62
2023-11-24,2023-11-29,2,-249.62
2023-11-24,2023-11-30,1,-183.43
2023-12-01,2023-12-01,7,-6.81
2023-12-01,2023-12-02,6,-6.81
2023-12-01,2023-12-03,5,-6.81
2023-12-01,2023-12-04,4,-101.81
2023-12-01,2023-12-05,3,-76.81
2023-12-01,2023-12-06,2,-109.81
2023-12-01,2023-12-07,1,-40.61
2023-12-08,2023-12-08,7,-6.81
2023-12-08,2023-12-09,6,-6.81
2023-12-08,2023-12-10,5,-6.81
2023-12-08,2023-12-11,4,18.19
2023-12-08,2023-12-12,3,10.19
2023-12-08,2023-12-13,2,-45.81
2023-12-08,2023-12-14,1,11.38
2023-12-15,2023-12-15,7,-6.8
2023-12-15,2023-12-16,6,-6.8
2023-12-15,2023-12-17,5,-6.8
2023-12-15,2023-12-18,4,42.2
2023-12-15,2023-12-19,3,-4.8
2023-12-15,2023-12-20,2,40.2
2023-12-15,2023-12-21,1,194.39
2023-12-22,2023-12-22,7,-6.8
2023-12-22,2023-12-23,6,-6.8
2023-12-22,2023-12-24,5,-6.8
2023-12-22,2023-12-25,4,-6.8
2023-12-22,2023-12-26,3,-46.8
2023-12-22,2023-12-27,2,-227.8
2023-12-22,2023-12-28,1,-213.61
2023-12-29,2023-12-29,7,-6.81
2023-12-29,2023-12-30,6,-6.81
2023-12-29,2023-12-31,5,-6.81
2023-12-29,2024-01-01,4,-6.81
2023-12-29,2024-01-02,3,-61.81
2023-12-29,2024-01-03,2,-241.81
2023-12-29,2024-01-04,1,-220.62
2024-01-05,2024-01-05,7,-6.81
2024-01-05,2024-01-06,6,-6.81
2024-01-05,2024-01-07,5,-6.81
2024-01-05,2024-01-08,4,-176.81
2024-01-05,2024-01-09,3,-171.81
2024-01-05,2024-01-10,2,-277.81
2024-01-05,2024-01-11,1,-168.61
2024-01-12,2024-01-12,7,-6.81
2024-01-12,2024-01-13,6,-6.81
2024-01-12,2024-01-14,5,-6.81
2024-01-12,2024-01-15,4,-6.81
2024-01-12,2024-01-16,3,53.19
2024-01-12,2024-01-17,2,-69.81
2024-01-12,2024-01-18,1,66.38
2024-01-19,2024-01-19,7,-6.8
2024-01-19,2024-01-20,6,-6.8
2024-01-19,2024-01-21,5,-6.8
2024-01-19,2024-01-22,4,-56.8
2024-01-19,2024-01-23,3,-111.8
2024-01-19,2024-01-24,2,-69.8
2024-01-19,2024-01-25,1,48.39
2024-01-26,2024-01-26,7,-6.8
2024-01-26,2024-01-27,6,-6.8
2024-01-26,2024-01-28,5,-6.8
2024-01-26,2024-01-29,4,8.2
2024-01-26,2024-01-30,3,5.2
2024-01-26,2024-01-31,2,68.2
2024-01-26,2024-02-01,1,191.39
2024-02-02,2024-02-02,7,-6.81
2024-02-02,2024-02-03,6,-6.81
2024-02-02,2024-02-04,5,-6.81
2024-02-02,2024-02-05,4,-99.81
2024-02-02,2024-02-06,3,-111.81
2024-02-02,2024-02-07,2,-36.81
2024-02-02,2024-02-08,1,-70.62
2024-02-09,2024-02-09,7,-6.81
2024-02-09,2024-02-10,6,-6.81
2024-02-09,2024-02-11,5,-6.81
2024-02-09,2024-02-12,4,18.19
2024-02-09,2024-02-13,3,-267.81
2024-02-09,2024-02-14,2,-6.81
2024-02-09,2024-02-15,1,112.39
2024-02-16,2024-02-16,7,-6.81
2024-02-16,2024-02-17,6,-6.81
2024-02-16,2024-02-18,5,-6.81
2024-02-16,2024-02-19,4,-6.81
2024-02-16,2024-02-20,3,-91.81
2024-02-16,2024-02-21,2,-114.81
2024-02-16,2024-02-22,1,119.38
2024-02-23,2024-02-23,7,-6.8
2024-02-23,2024-02-24,6,-6.8
2024-02-23,2024-02-25,5,-6.8
2024-02-23,2024-02-26,4,-106.81
2024-02-23,2024-02-27,3,-86.8
2024-02-23,2024-02-28,2,-127.8
2024-02-23,2024-02-29,1,-23.61
2024-03-01,2024-03-01,7,-6.8
2024-03-01,2024-03-02,6,-6.8
2024-03-01,2024-03-03,5,-6.8
2024-03-01,2024-03-04,4,-51.8
2024-03-01,2024-03-05,3,-206.8
2024-03-01,2024-03-06,2,45.2
2024-03-01,2024-03-07,1,231.39
2024-03-08,2024-03-08,7,-6.81
2024-03-08,2024-03-09,6,-6.81
2024-03-08,2024-03-10,5,-6.81
2024-03-08,2024-03-11,4,-76.81
2024-03-08,2024-03-12,3,25.19
2024-03-08,2024-03-13,2,-36.81
2024-03-08,2024-03-14,1,118.38
2024-03-15,2024-03-15,7,-6.81
2024-03-15,2024-03-16,6,-6.81
2024-03-15,2024-03-17,5,-6.81
2024-03-15,2024-03-18,4,53.19
2024-03-15,2024-03-19,3,70.19
2024-03-15,2024-03-20,2,-16.81
2024-03-15,2024-03-21,1,-86.61
2024-03-22,2024-03-22,7,-6.81
2024-03-22,2024-03-23,6,-6.81
2024-03-22,2024-03-24,5,-6.81
2024-03-22,2024-03-25,4,-31.81
2024-03-22,2024-03-26,3,-96.81
2024-03-22,2024-03-27,2,-157.81
2024-03-22,2024-03-28,1,-46.62
2024-04-05,2024-04-05,7,-6.8
2024-04-05,2024-04-06,6,-6.8
2024-04-05,2024-04-07,5,-6.8
2024-04-05,2024-04-08,4,-121.81
2024-04-05,2024-04-09,3,-71.81
2024-04-05,2024-04-10,2,20.2
2024-04-05,2024-04-11,1,197.39
2024-04-12,2024-04-12,7,-6.8
2024-04-12,2024-04-13,6,-6.8
2024-04-12,2024-04-14,5,-6.8
2024-04-12,2024-04-15,4,-92.8
2024-04-12,2024-04-16,3,122.2
2024-04-12,2024-04-17,2,-17.8
2024-04-12,2024-04-18,1,159.39
2024-04-19,2024-04-19,7,-6.81
2024-04-19,2024-04-20,6,-6.81
2024-04-19,2024-04-21,5,-6.81
2024-04-19,2024-04-22,4,-236.81
2024-04-19,2024-04-23,3,-349.81
2024-04-19,2024-04-24,2,-369.81
2024-04-19,2024-04-25,1,-185.62
2024-04-26,2024-04-26,7,-6.81
2024-04-26,2024-04-27,6,-6.81
2024-04-26,2024-04-28,5,-6.81
2024-04-26,2024-04-29,4,-26.81
2024-04-26,2024-04-30,3,-72.81
2024-04-26,2024-05-01,2,-32.81
2024-04-26,2024-05-02,1,131.39
2024-05-03,2024-05-03,7,-6.81
2024-05-03,2024-05-04,6,-6.81
2024-05-03,2024-05-05,5,-6.81
2024-05-03,2024-05-06,4,-29.81
2024-05-03,2024-05-07,3,-106.81
2024-05-03,2024-05-08,2,-142.81
2024-05-03,2024-05-09,1,-280.62
2024-05-10,2024-05-10,7,-6.8
2024-05-10,2024-05-11,6,-6.8
2024-05-10,2024-05-12,5,-6.8
2024-05-10,2024-05-13,4,-71.8
2024-05-10,2024-05-14,3,-1.8
2024-05-10,2024-05-15,2,-6.8
2024-05-10,2024-05-16,1,-13.61
2024-05-17,2024-05-17,7,-6.8
2024-05-17,2024-05-18,6,-6.8
2024-05-17,2024-05-19,5,-6.8
2024-05-17,2024-05-20,4,8.2
2024-05-17,2024-05-21,3,33.2
2024-05-17,2024-05-22,2,78.2
2024-05-17,2024-05-23,1,239.39
2024-05-24,2024-05-24,7,-6.81
2024-05-24,2024-05-25,6,-6.81
2024-05-24,2024-05-26,5,-6.81
2024-05-24,2024-05-27,4,-6.81
2024-05-24,2024-05-28,3,-1.81
2024-05-24,2024-05-29,2,53.19
2024-05-24,2024-05-30,1,-10.62
2024-05-31,2024-05-31,7,-6.81
2024-05-31,2024-06-01,6,-6.81
2024-05-31,2024-06-02,5,-6.81
2024-05-31,2024-06-03,4,-61.81
2024-05-31,2024-06-04,3,-37.81
2024-05-31,2024-06-05,2,-172.81
2024-05-31,2024-06-06,1,-148.61
2024-06-07,2024-06-07,7,-6.81
2024-06-07,2024-06-08,6,-6.81
2024-06-07,2024-06-09,5,-6.81
2024-06-07,2024-06-10,4,-11.81
2024-06-07,2024-06-11,3,45.19
2024-06-07,2024-06-12,2,-9.81
2024-06-07,2024-06-13,1,53.38
2024-06-14,2024-06-14,7,-6.8
2024-06-14,2024-06-15,6,-6.8
2024-06-14,2024-06-16,5,-6.8
2024-06-14,2024-06-17,4,-99.8
2024-06-14,2024-06-18,3,-72.8
2024-06-14,2024-06-19,2,-72.8
2024-06-14,2024-06-20,1,32.39
2024-06-21,2024-06-21,7,-6.8
2024-06-21,2024-06-22,6,-6.8
2024-06-21,2024-06-23,5,-6.8
2024-06-21,2024-06-24,4,-89.8
2024-06-21,2024-06-25,3,-61.8
2024-06-21,2024-06-26,2,-142.8
2024-06-21,2024-06-27,1,-173.61
2024-06-28,2024-06-28,7,-6.81
2024-06-28,2024-06-29,6,-6.81
2024-06-28,2024-06-30,5,-6.81
2024-06-28,2024-07-01,4,-122.81
2024-06-28,2024-07-02,3,-21.81
2024-06-28,2024-07-03,2,-31.81
2024-06-28,2024-07-04,1,-31.81
2024-06-28,2024-07-05,0,-480.43
2024-07-05,2024-07-05,7,-448.62
2024-07-05,2024-07-06,6,-448.62
2024-07-05,2024-07-07,5,-448.62
2024-07-05,2024-07-08,4,-508.62
2024-07-05,2024-07-09,3,-493.62
2024-07-05,2024-07-10,2,-449.62
2024-07-05,2024-07-11,1,-217.42
2024-07-12,2024-07-12,7,-6.81
2024-07-12,2024-07-13,6,-6.81
2024-07-12,2024-07-14,5,-6.81
2024-07-12,2024-07-15,4,-46.81
2024-07-12,2024-07-16,3,40.19
2024-07-12,2024-07-17,2,25.19
2024-07-12,2024-07-18,1,52.38
2024-07-19,2024-07-19,7,-6.81
2024-07-19,2024-07-20,6,-6.81
2024-07-19,2024-07-21,5,-6.81
2024-07-19,2024-07-22,4,-131.8
2024-07-19,2024-07-23,3,-131.8
2024-07-19,2024-07-24,2,18.2
2024-07-19,2024-07-25,1,202.39
2024-07-26,2024-07-26,7,-6.8
2024-07-26,2024-07-27,6,-6.8
2024-07-26,2024-07-28,5,-6.8
2024-07-26,2024-07-29,4,8.2
2024-07-26,2024-07-30,3,98.2
2024-07-26,2024-07-31,2,200.2
2024-07-26,2024-08-01,1,707.39
2024-08-02,2024-08-02,7,-6.81
2024-08-02,2024-08-03,6,-6.81
2024-08-02,2024-08-04,5,-6.81
2024-08-02,2024-08-05,4,190.19
2024-08-02,2024-08-06,3,-22.81
2024-08-02,2024-08-07,2,220.19
2024-08-02,2024-08-08,1,557.38
2024-08-09,2024-08-09,7,-6.81
2024-08-09,2024-08-10,6,-6.81
2024-08-09,2024-08-11,5,-6.81
2024-08-09,2024-08-12,4,3.19
2024-08-09,2024-08-13,3,-111.81
2024-08-09,2024-08-14,2,-249.81
2024-08-09,2024-08-15,1,-663.61
2024-08-16,2024-08-16,7,-6.81
2024-08-16,2024-08-17,6,-6.81
2024-08-16,2024-08-18,5,-6.81
2024-08-16,2024-08-19,4,-81.81
2024-08-16,2024-08-20,3,18.19
2024-08-16,2024-08-21,2,98.19
2024-08-16,2024-08-22,1,411.38
2024-08-23,2024-08-23,7,-6.81
2024-08-23,2024-08-24,6,-6.81
2024-08-23,2024-08-25,5,-6.81
2024-08-23,2024-08-26,4,-111.8
2024-08-23,2024-08-27,3,-231.8
2024-08-23,2024-08-28,2,-201.8
2024-08-23,2024-08-29,1,-128.61
2024-08-30,2024-08-30,7,-6.8
2024-08-30,2024-08-31,6,-6.8
2024-08-30,2024-09-01,5,-6.8
2024-08-30,2024-09-02,4,-6.8
2024-08-30,2024-09-03,3,-111.8
2024-08-30,2024-09-04,2,-66.8
2024-08-30,2024-09-05,1,-127.61
2024-09-13,2024-09-13,7,-6.81
2024-09-13,2024-09-14,6,-6.81
2024-09-13,2024-09-15,5,-6.81
2024-09-13,2024-09-16,4,-81.81
2024-09-13,2024-09-17,3,8.19
2024-09-13,2024-09-18,2,268.19
2024-09-13,2024-09-19,1,297.38
2024-09-20,2024-09-20,7,-6.81
2024-09-20,2024-09-21,6,-6.81
2024-09-20,2024-09-22,5,-6.81
2024-09-20,2024-09-23,4,-136.81
2024-09-20,2024-09-24,3,-141.81
2024-09-20,2024-09-25,2,-85.81
2024-09-20,2024-09-26,1,159.39
2024-09-27,2024-09-27,7,-6.8
2024-09-27,2024-09-28,6,-6.8
2024-09-27,2024-09-29,5,-6.8
2024-09-27,2024-09-30,4,18.2
2024-09-27,2024-10-01,3,133.2
2024-09-27,2024-10-02,2,318.2
2024-09-27,2024-10-03,1,809.39
2024-10-04,2024-10-04,7,-6.81
2024-10-04,2024-10-05,6,-6.81
2024-10-04,2024-10-06,5,-6.81
2024-10-04,2024-10-07,4,135.19
2024-10-04,2024-10-08,3,275.19
2024-10-04,2024-10-09,2,318.19
2024-10-04,2024-10-10,1,139.38
2024-10-11,2024-10-11,7,-6.8
2024-10-11,2024-10-12,6,-6.8
2024-10-11,2024-10-13,5,-6.8
2024-10-11,2024-10-14,4,-21.8
2024-10-11,2024-10-15,3,-21.8
2024-10-11,2024-10-16,2,115.2
2024-10-11,2024-10-17,1,-83.61
2024-10-18,2024-10-18,7,-6.81
2024-10-18,2024-10-19,6,-6.81
2024-10-18,2024-10-20,5,-6.81
2024-10-18,2024-10-21,4,-51.81
2024-10-18,2024-10-22,3,-21.81
2024-10-18,2024-10-23,2,-97.81
2024-10-18,2024-10-24,1,-65.62
2024-10-25,2024-10-25,7,-6.81
2024-10-25,2024-10-26,6,-6.81
2024-10-25,2024-10-27,5,-6.81
2024-10-25,2024-10-28,4,-16.81
2024-10-25,2024-10-29,3,68.19
2024-10-25,2024-10-30,2,240.19
2024-10-25,2024-10-31,1,234.39
2024-11-01,2024-11-01,7,-6.8
2024-11-01,2024-11-02,6,-6.8
2024-11-01,2024-11-03,5,-6.8
2024-11-01,2024-11-04,4,-76.8
2024-11-01,2024-11-05,3,-41.8
2024-11-01,2024-11-06,2,-544.8
2024-11-01,2024-11-07,1,-802.61
2024-11-08,2024-11-08,7,-6.81
2024-11-08,2024-11-09,6,-6.81
2024-11-08,2024-11-10,5,-6.81
2024-11-08,2024-11-11,4,-81.81
2024-11-08,2024-11-12,3,-139.81
2024-11-08,2024-11-13,2,-249.81
2024-11-08,2024-11-14,1,-348.62
2024-11-15,2024-11-15,7,-6.8
2024-11-15,2024-11-16,6,-6.8
2024-11-15,2024-11-17,5,-6.8
2024-11-15,2024-11-18,4,-66.8
2024-11-15,2024-11-19,3,43.2
2024-11-15,2024-11-20,2,178.2
2024-11-15,2024-11-21,1,252.39
2024-11-22,2024-11-22,7,-6.81
2024-11-22,2024-11-23,6,-6.81
2024-11-22,2024-11-24,5,-6.81
2024-11-22,2024-11-25,4,-192.81
2024-11-22,2024-11-26,3,-224.81
2024-11-22,2024-11-27,2,-169.81
2024-11-22,2024-11-28,1,-169.81
2024-11-22,2024-11-29,0,-451.43
2024-11-29,2024-11-29,7,-281.62
2024-11-29,2024-11-30,6,-281.62
2024-11-29,2024-12-01,5,-281.62
2024-11-29,2024-12-02,4,-351.62
2024-11-29,2024-12-03,3,-391.62
2024-11-29,2024-12-04,2,-326.62
2024-11-29,2024-12-05,1,-463.42
2024-12-06,2024-12-06,7,-6.8
2024-12-06,2024-12-07,6,-6.8
2024-12-06,2024-12-08,5,-6.8
2024-12-06,2024-12-09,4,-59.8
2024-12-06,2024-12-10,3,-14.8
2024-12-06,2024-12-11,2,15.2
2024-12-06,2024-12-12,1,-68.61
2024-12-13,2024-12-13,7,-6.81
2024-12-13,2024-12-14,6,-6.81
2024-12-13,2024-12-15,5,-6.81
2024-12-13,2024-12-16,4,33.19
2024-12-13,2024-12-17,3,13.19
2024-12-13,2024-12-18,2,-1.81
2024-12-13,2024-12-19,1,-362.62
2024-12-20,2024-12-20,7,-6.8
2024-12-20,2024-12-21,6,-6.8
2024-12-20,2024-12-22,5,-6.8
2024-12-20,2024-12-23,4,-31.8
2024-12-20,2024-12-24,3,-584.8
2024-12-20,2024-12-25,2,-584.8
2024-12-20,2024-12-26,1,-566.61
2024-12-27,2024-12-27,7,-6.81
2024-12-27,2024-12-28,6,-6.81
2024-12-27,2024-12-29,5,-6.81
2024-12-27,2024-12-30,4,5.19
2024-12-27,2024-12-31,3,63.19
2024-12-27,2025-01-01,2,63.19
2024-12-27,2025-01-02,1,37.38
2025-01-03,2025-01-03,7,-6.81
2025-01-03,2025-01-04,6,-6.81
2025-01-03,2025-01-05,5,-6.81
2025-01-03,2025-01-06,4,-76.81
2025-01-03,2025-01-07,3,-4.81
2025-01-03,2025-01-08,2,180.19
2025-01-03,2025-01-09,1,180.19
2025-01-03,2025-01-10,0,809.59
2025-01-10,2025-01-10,7,629.4
2025-01-10,2025-01-11,6,629.4
2025-01-10,2025-01-12,5,629.4
2025-01-10,2025-01-13,4,544.4
2025-01-10,2025-01-14,3,504.4
2025-01-10,2025-01-15,2,151.4
2025-01-10,2025-01-16,1,494.59
2025-01-17,2025-01-17,7,-6.81
2025-01-17,2025-01-18,6,-6.81
2025-01-17,2025-01-19,5,-6.81
2025-01-17,2025-01-20,4,-6.81
2025-01-17,2025-01-21,3,-162.81
2025-01-17,2025-01-22,2,-137.81
2025-01-17,2025-01-23,1,-198.62
2025-01-24,2025-01-24,7,-6.8
2025-01-24,2025-01-25,6,-6.8
2025-01-24,2025-01-26,5,-6.8
2025-01-24,2025-01-27,4,-181.8
2025-01-24,2025-01-28,3,143.2
2025-01-24,2025-01-29,2,150.2
2025-01-24,2025-01-30,1,424.39
2025-01-31,2025-01-31,7,-6.81
2025-01-31,2025-02-01,6,-6.81
2025-01-31,2025-02-02,5,-6.81
2025-01-31,2025-02-03,4,93.19
2025-01-31,2025-02-04,3,23.19
2025-01-31,2025-02-05,2,20.19
2025-01-31,2025-02-06,1,-96.62
2025-02-07,2025-02-07,7,-6.81
2025-02-07,2025-02-08,6,-6.81
2025-02-07,2025-02-09,5,-6.81
2025-02-07,2025-02-10,4,-111.81
2025-02-07,2025-02-11,3,-41.81
2025-02-07,2025-02-12,2,15.19
2025-02-07,2025-02-13,1,171.39
2025-02-14,2025-02-14,7,-6.8
2025-02-14,2025-02-15,6,-6.8
2025-02-14,2025-02-16,5,-6.8
2025-02-14,2025-02-17,4,-6.8
2025-02-14,2025-02-18,3,-89.8
2025-02-14,2025-02-19,2,-126.8
2025-02-14,2025-02-20,1,-5.61
2025-02-21,2025-02-21,7,-6.81
2025-02-21,2025-02-22,6,-6.81
2025-02-21,2025-02-23,5,-6.81
2025-02-21,2025-02-24,4,-11.81
2025-02-21,2025-02-25,3,170.19
2025-02-21,2025-02-26,2,155.19
2025-02-21,2025-02-27,1,577.38
2025-02-28,2025-02-28,7,-6.8
2025-02-28,2025-03-01,6,-6.8
2025-02-28,2025-03-02,5,-6.8
2025-02-28,2025-03-03,4,-106.8
2025-02-28,2025-03-04,3,-16.8
2025-02-28,2025-03-05,2,305.2
2025-02-28,2025-03-06,1,494.39
2025-03-07,2025-03-07,7,-6.81
2025-03-07,2025-03-08,6,-6.81
2025-03-07,2025-03-09,5,-6.81
2025-03-07,2025-03-10,4,-224.81
2025-03-07,2025-03-11,3,-124.81
2025-03-07,2025-03-12,2,-66.81
2025-03-07,2025-03-13,1,-213.62
2025-03-14,2025-03-14,7,-6.81
2025-03-14,2025-03-15,6,-6.81
2025-03-14,2025-03-16,5,-6.81
2025-03-14,2025-03-17,4,-141.81
2025-03-14,2025-03-18,3,-26.81
2025-03-14,2025-03-19,2,-126.81
2025-03-14,2025-03-20,1,-162.61
2025-03-21,2025-03-21,7,-6.81
2025-03-21,2025-03-22,6,-6.81
2025-03-21,2025-03-23,5,-6.81
2025-03-21,2025-03-24,4,-286.8
2025-03-21,2025-03-25,3,-509.8
2025-03-21,2025-03-26,2,68.2
2025-03-21,2025-03-27,1,369.39
2025-03-28,2025-03-28,7,-6.81
2025-03-28,2025-03-29,6,-6.81
2025-03-28,2025-03-30,5,-6.81
2025-03-28,2025-03-31,4,-111.81
2025-03-28,2025-04-01,3,28.19
2025-03-28,2025-04-02,2,98.19
2025-03-28,2025-04-03,1,624.38
2025-04-04,2025-04-04,7,-6.8
2025-04-04,2025-04-05,6,-6.8
2025-04-04,2025-04-06,5,-6.8
2025-04-04,2025-04-07,4,1018.2
2025-04-04,2025-04-08,3,1353.2
2025-04-04,2025-04-09,2,633.2
2025-04-04,2025-04-10,1,5977.39
2025-04-11,2025-04-11,7,-6.81
2025-04-11,2025-04-12,6,-6.81
2025-04-11,2025-04-13,5,-6.81
2025-04-11,2025-04-14,4,-811.81
2025-04-11,2025-04-15,3,-1206.81
2025-04-11,2025-04-16,2,-1139.81
2025-04-11,2025-04-17,1,-2274.62
2025-04-25,2025-04-25,7,-6.81
2025-04-25,2025-04-26,6,-6.81
2025-04-25,2025-04-27,5,-6.81
2025-04-25,2025-04-28,4,-66.81
2025-04-25,2025-04-29,3,-41.81
2025-04-25,2025-04-30,2,228.19
2025-04-25,2025-05-01,1,349.39
2025-05-23,2025-05-23,7,-6.8
2025-05-23,2025-05-24,6,-6.8
2025-05-23,2025-05-25,5,-6.8
2025-05-23,2025-05-26,4,-6.8
2025-05-23,2025-05-27,3,-671.81
2025-05-23,2025-05-28,2,-609.81
2025-05-23,2025-05-29,1,-455.61
2025-05-30,2025-05-30,7,-6.81
2025-05-30,2025-05-31,6,-6.81
2025-05-30,2025-06-01,5,-6.81
2025-05-30,2025-06-02,4,33.19
2025-05-30,2025-06-03,3,38.19
2025-05-30,2025-06-04,2,3.19
2025-05-30,2025-06-05,1,19.39
2025-06-06,2025-06-06,7,-6.81
2025-06-06,2025-06-07,6,-6.81
2025-06-06,2025-06-08,5,-6.81
2025-06-06,2025-06-09,4,-46.81
2025-06-06,2025-06-10,3,-76.81
2025-06-06,2025-06-11,2,238.19
2025-06-06,2025-06-12,1,344.38
2025-06-13,2025-06-13,7,-6.81
2025-06-13,2025-06-14,6,-6.81
2025-06-13,2025-06-15,5,-6.81
2025-06-13,2025-06-16,4,-106.81
2025-06-13,2025-06-17,3,133.19
2025-06-13,2025-06-18,2,555.19
2025-06-13,2025-06-19,1,555.19
2025-06-13,2025-06-20,0,741.58
2025-06-20,2025-06-20,7,186.39
2025-06-20,2025-06-21,6,186.39
2025-06-20,2025-06-22,5,186.39
2025-06-20,2025-06-23,4,111.39
2025-06-20,2025-06-24,3,-201.61
2025-06-20,2025-06-25,2,-261.61
2025-06-20,2025-06-26,1,-838.42
2025-06-27,2025-06-27,7,-6.8
2025-06-27,2025-06-28,6,-6.8
2025-06-27,2025-06-29,5,-6.8
2025-06-27,2025-06-30,4,80.2
2025-06-27,2025-07-01,3,135.2
2025-06-27,2025-07-02,2,-19.8
2025-06-27,2025-07-03,1,-603.61
2025-07-11,2025-07-11,7,-6.81
2025-07-11,2025-07-12,6,-6.81
2025-07-11,2025-07-13,5,-6.81
2025-07-11,2025-07-14,4,23.19
2025-07-11,2025-07-15,3,28.19
2025-07-11,2025-07-16,2,185.19
2025-07-11,2025-07-17,1,19.39
2025-07-18,2025-07-18,7,-6.81
2025-07-18,2025-07-19,6,-6.81
2025-07-18,2025-07-20,5,-6.81
2025-07-18,2025-07-21,4,-116.81
2025-07-18,2025-07-22,3,-76.81
2025-07-18,2025-07-23,2,-186.81
2025-07-18,2025-07-24,1,-53.62
2025-07-25,2025-07-25,7,-6.81
2025-07-25,2025-07-26,6,-6.81
2025-07-25,2025-07-27,5,-6.81
2025-07-25,2025-07-28,4,-41.81
2025-07-25,2025-07-29,3,-66.81
2025-07-25,2025-07-30,2,-36.81
2025-07-25,2025-07-31,1,147.38
2025-08-01,2025-08-01,7,-6.8
2025-08-01,2025-08-02,6,-6.8
2025-08-01,2025-08-03,5,-6.8
2025-08-01,2025-08-04,4,-186.8
2025-08-01,2025-08-05,3,-71.8
2025-08-01,2025-08-06,2,-176.8
2025-08-01,2025-08-07,1,-187.61
2025-08-08,2025-08-08,7,-6.8
2025-08-08,2025-08-09,6,-6.8
2025-08-08,2025-08-10,5,-6.8
2025-08-08,2025-08-11,4,43.2
2025-08-08,2025-08-12,3,88.19
2025-08-08,2025-08-13,2,-99.81
2025-08-08,2025-08-14,1,89.39
2025-08-15,2025-08-15,7,-6.81
2025-08-15,2025-08-16,6,-6.81
2025-08-15,2025-08-17,5,-6.81
2025-08-15,2025-08-18,4,-111.81
2025-08-15,2025-08-19,3,-266.81
2025-08-15,2025-08-20,2,-191.81
2025-08-15,2025-08-21,1,-100.61
2025-08-22,2025-08-22,7,-6.81
2025-08-22,2025-08-23,6,-6.81
2025-08-22,2025-08-24,5,-6.81
2025-08-22,2025-08-25,4,-121.81
2025-08-22,2025-08-26,3,-46.81
2025-08-22,2025-08-27,2,-36.81
2025-08-22,2025-08-28,1,-265.62
2025-08-29,2025-08-29,7,-6.81
2025-08-29,2025-08-30,6,-6.81
2025-08-29,2025-08-31,5,-6.81
2025-08-29,2025-09-01,4,-6.81
2025-08-29,2025-09-02,3,63.19
2025-08-29,2025-09-03,2,5.19
2025-08-29,2025-09-04,1,-65.62
2025-09-05,2025-09-05,7,-6.8
2025-09-05,2025-09-06,6,-6.8
2025-09-05,2025-09-07,5,-6.8
2025-09-05,2025-09-08,4,-36.8
2025-09-05,2025-09-09,3,-51.8
2025-09-05,2025-09-10,2,5.2
2025-09-05,2025-09-11,1,-201.61
2025-09-12,2025-09-12,7,-6.8
2025-09-12,2025-09-13,6,-6.8
2025-09-12,2025-09-14,5,-6.8
2025-09-12,2025-09-15,4,118.2
2025-09-12,2025-09-16,3,178.2
2025-09-12,2025-09-17,2,263.2
2025-09-12,2025-09-18,1,247.39
2025-09-19,2025-09-19,7,-6.81
2025-09-19,2025-09-20,6,-6.81
2025-09-19,2025-09-21,5,-6.81
2025-09-19,2025-09-22,4,18.19
2025-09-19,2025-09-23,3,53.19
2025-09-19,2025-09-24,2,-44.81
2025-09-19,2025-09-25,1,-263.61
2025-09-26,2025-09-26,7,-6.81
2025-09-26,2025-09-27,6,-6.81
2025-09-26,2025-09-28,5,-6.81
2025-09-26,2025-09-29,4,-81.81
2025-09-26,2025-09-30,3,63.19
2025-09-26,2025-10-01,2,108.19
2025-09-26,2025-10-02,1,306.38
2025-10-03,2025-10-03,7,-6.81
2025-10-03,2025-10-04,6,-6.81
2025-10-03,2025-10-05,5,-6.81
2025-10-03,2025-10-06,4,-6.81
2025-10-03,2025-10-07,3,13.19
2025-10-03,2025-10-08,2,-84.81
2025-10-03,2025-10-09,1,22.38
2025-10-10,2025-10-10,7,-6.8
2025-10-10,2025-10-11,6,-6.8
2025-10-10,2025-10-12,5,-6.8
2025-10-10,2025-10-13,4,-56.8
2025-10-10,2025-10-14,3,113.2
2025-10-10,2025-10-15,2,385.2
2025-10-10,2025-10-16,1,1284.39
2025-10-17,2025-10-17,7,-6.8
2025-10-17,2025-10-18,6,-6.8
2025-10-17,2025-10-19,5,-6.8
2025-10-17,2025-10-20,4,-231.8
2025-10-17,2025-10-21,3,-359.8
2025-10-17,2025-10-22,2,-156.8
2025-10-17,2025-10-23,1,-210.61
2025-10-24,2025-10-24,7,-6.81
2025-10-24,2025-10-25,6,-6.81
2025-10-24,2025-10-26,5,-6.81
2025-10-24,2025-10-27,4,53.19
2025-10-24,2025-10-28,3,158.19
2025-10-24,2025-10-29,2,470.19
2025-10-24,2025-10-30,1,423.39
2025-10-31,2025-10-31,7,-6.81
2025-10-31,2025-11-01,6,-6.81
2025-10-31,2025-11-02,5,-6.81
2025-10-31,2025-11-03,4,-114.81
2025-10-31,2025-11-04,3,-256.81
2025-10-31,2025-11-05,2,-324.81
2025-10-31,2025-11-06,1,-200.62
2025-11-07,2025-11-07,7,-6.81
2025-11-07,2025-11-08,6,-6.81
2025-11-07,2025-11-09,5,-6.81
2025-11-07,2025-11-10,4,-309.81
2025-11-07,2025-11-11,3,-379.81
2025-11-07,2025-11-12,2,-302.81
2025-11-07,2025-11-13,1,612.38
2025-11-14,2025-11-14,7,-6.8
2025-11-14,2025-11-15,6,-6.8
2025-11-14,2025-11-16,5,-6.8
2025-11-14,2025-11-17,4,-11.8
2025-11-14,2025-11-18,3,130.2
2025-11-14,2025-11-19,2,120.2
2025-11-14,2025-11-20,1,427.39
2025-11-21,2025-11-21,7,-6.8
2025-11-21,2025-11-22,6,-6.8
2025-11-21,2025-11-23,5,-6.8
2025-11-21,2025-11-24,4,-206.8
2025-11-21,2025-11-25,3,-686.8
2025-11-21,2025-11-26,2,-1409.8
2025-11-21,2025-11-27,1,-1409.8
2025-11-21,2025-11-28,0,-1770.42
2025-11-28,2025-11-28,7,-360.62
2025-11-28,2025-11-29,6,-360.62
2025-11-28,2025-11-30,5,-360.62
2025-11-28,2025-12-01,4,-445.62
2025-11-28,2025-12-02,3,-453.62
2025-11-28,2025-12-03,2,-596.62
2025-11-28,2025-12-04,1,-619.42
2025-12-05,2025-12-05,7,-6.81
2025-12-05,2025-12-06,6,-6.81
2025-12-05,2025-12-07,5,-6.81
2025-12-05,2025-12-08,4,33.19
2025-12-05,2025-12-09,3,55.19
2025-12-05,2025-12-10,2,133.19
2025-12-05,2025-12-11,1,-178.62
2025-12-12,2025-12-12,7,-6.81
2025-12-12,2025-12-13,6,-6.81
2025-12-12,2025-12-14,5,-6.81
2025-12-12,2025-12-15,4,58.19
2025-12-12,2025-12-16,3,155.19
2025-12-12,2025-12-17,2,253.19
2025-12-12,2025-12-18,1,66.38
2025-12-19,2025-12-19,7,-6.8
2025-12-19,2025-12-20,6,-6.8
2025-12-19,2025-12-21,5,-6.8
2025-12-19,2025-12-22,4,-306.8
2025-12-19,2025-12-23,3,-432.8
2025-12-19,2025-12-24,2,-847.8
2025-12-19,2025-12-25,1,-847.8
2025-12-19,2025-12-26,0,-1148.41
2025-12-26,2025-12-26,7,-300.61
2025-12-26,2025-12-27,6,-300.61
2025-12-26,2025-12-28,5,-300.61
2025-12-26,2025-12-29,4,-485.61
2025-12-26,2025-12-30,3,-471.61
2025-12-26,2025-12-31,2,-658.61
2025-12-26,2026-01-01,1,-658.61
2025-12-26,2026-01-02,0,-192.23
2026-01-02,2026-01-02,7,466.38
2026-01-02,2026-01-03,6,466.38
2026-01-02,2026-01-04,5,466.38
2026-01-02,2026-01-05,4,401.38
2026-01-02,2026-01-06,3,331.38
2026-01-02,2026-01-07,2,488.38
2026-01-02,2026-01-08,1,565.58
2026-01-09,2026-01-09,7,-6.81
2026-01-09,2026-01-10,6,-6.81
2026-01-09,2026-01-11,5,-6.81
2026-01-09,2026-01-12,4,-66.81
2026-01-09,2026-01-13,3,70.19
2026-01-09,2026-01-14,2,90.19
2026-01-09,2026-01-15,1,104.38
2026-01-16,2026-01-16,7,-6.81
2026-01-16,2026-01-17,6,-6.81
2026-01-16,2026-01-18,5,-6.81
2026-01-16,2026-01-19,4,-6.81
2026-01-16,2026-01-20,3,-186.81
2026-01-16,2026-01-21,2,78.19
2026-01-16,2026-01-22,1,-145.62
2026-01-23,2026-01-23,7,-6.8
2026-01-23,2026-01-24,6,-6.8
2026-01-23,2026-01-25,5,-6.8
2026-01-23,2026-01-26,4,98.2
2026-01-23,2026-01-27,3,228.2
2026-01-23,2026-01-28,2,285.2
2026-01-23,2026-01-29,1,501.39
2026-01-30,2026-01-30,7,-6.8
2026-01-30,2026-01-31,6,-6.8
2026-01-30,2026-02-01,5,-6.8
2026-01-30,2026-02-02,4,53.2
2026-01-30,2026-02-03,3,170.2
2026-01-30,2026-02-04,2,493.2
2026-01-30,2026-02-05,1,749.39
2026-02-06,2026-02-06,7,-6.81
2026-02-06,2026-02-07,6,-6.81
2026-02-06,2026-02-08,5,-6.81
2026-02-06,2026-02-09,4,63.19
2026-02-06,2026-02-10,3,83.19
2026-02-06,2026-02-11,2,30.19
2026-02-06,2026-02-12,1,494.39
2026-02-13,2026-02-13,7,-6.81
2026-02-13,2026-02-14,6,-6.81
2026-02-13,2026-02-15,5,-6.81
2026-02-13,2026-02-16,4,-6.81
2026-02-13,2026-02-17,3,73.19
2026-02-13,2026-02-18,2,228.19
2026-02-13,2026-02-19,1,442.38
2026-02-20,2026-02-20,7,-6.81
2026-02-20,2026-02-21,6,-6.81
2026-02-20,2026-02-22,5,-6.81
2026-02-20,2026-02-23,4,187.19
2026-02-20,2026-02-24,3,103.19
2026-02-20,2026-02-25,2,90.19
2026-02-20,2026-02-26,1,126.38
2026-02-27,2026-02-27,7,-6.8
2026-02-27,2026-02-28,6,-6.8
2026-02-27,2026-03-01,5,-6.8
2026-02-27,2026-03-02,4,268.2
2026-02-27,2026-03-03,3,430.2
2026-02-27,2026-03-04,2,530.2
2026-02-27,2026-03-05,1,769.39
2026-03-06,2026-03-06,7,-6.8
2026-03-06,2026-03-07,6,-6.8
2026-03-06,2026-03-08,5,-6.8
2026-03-06,2026-03-09,4,103.2
2026-03-06,2026-03-10,3,433.2
2026-03-06,2026-03-11,2,503.19
2026-03-06,2026-03-12,1,844.39
2026-03-13,2026-03-13,7,-6.81
2026-03-13,2026-03-14,6,-6.81
2026-03-13,2026-03-15,5,-6.81
2026-03-13,2026-03-16,4,-166.81
2026-03-13,2026-03-17,3,-396.81
2026-03-13,2026-03-18,2,-182.81
2026-03-13,2026-03-19,1,2.39
2026-03-20,2026-03-20,7,-6.81
2026-03-20,2026-03-21,6,-6.81
2026-03-20,2026-03-22,5,-6.81
2026-03-20,2026-03-23,4,248.19
2026-03-20,2026-03-24,3,1093.19
2026-03-20,2026-03-25,2,1133.19
2026-03-20,2026-03-26,1,1357.38
2026-03-27,2026-03-27,7,-6.81
2026-03-27,2026-03-28,6,-6.81
2026-03-27,2026-03-29,5,-6.81
2026-03-27,2026-03-30,4,103.19
2026-03-27,2026-03-31,3,-749.81
2026-03-27,2026-04-01,2,-769.81
2026-03-27,2026-04-02,1,228.38
2026-04-10,2026-04-10,7,-6.8
2026-04-10,2026-04-11,6,-6.8
2026-04-10,2026-04-12,5,-6.8
2026-04-10,2026-04-13,4,333.2
2026-04-10,2026-04-14,3,108.2
2026-04-10,2026-04-15,2,-521.8
2026-04-10,2026-04-16,1,-820.61
2026-04-24,2026-04-24,7,-6.8
2026-04-24,2026-04-25,6,-6.8
2026-04-24,2026-04-26,5,-6.8
2026-04-24,2026-04-27,4,-66.8
2026-04-24,2026-04-28,3,-254.8
2026-04-24,2026-04-29,2,-161.8
2026-04-24,2026-04-30,1,-398.6
2026-05-01,2026-05-01,7,-6.81
2026-05-01,2026-05-02,6,-6.81
2026-05-01,2026-05-03,5,-6.81
2026-05-01,2026-05-04,4,-26.81
2026-05-01,2026-05-05,3,168.19
2026-05-01,2026-05-06,2,-101.81
2026-05-01,2026-05-07,1,257.38
