trade_date,exp_date,underlying,dte_entry,spot_entry,vix_entry,roll_dir,restruck,short_put,long_put,delta_short,delta_long,iv_short,iv_long,dte_close,total_credit,cash_close,cash_open,net_roll,net_roll_usd,spot_close,spot_exit,effective_close_date,dd_index,k_gap,mark,cum_pnl_pts,pnl_usd,pnl_usd_at_exp,result,exit_method,in_range
2021-06-04,2021-07-09,RUT,35,2284.62,16.65,entry,1,2175.0,2030.0,-0.25,-0.099,0.2496,0.3071,28,6.2,0.0,6.2,6.2,620.0,2328.64,2328.64,2021-06-11,-0.75,0.0,-6.2,3.5,350.0,350.0,win,roll,1
2021-06-11,2021-07-23,RUT,42,2328.64,15.43,up,1,2220.0,2070.0,-0.252,-0.099,0.223,0.2794,35,6.4,-2.7,6.4,3.7,370.0,2261.73,2261.73,2021-06-18,-0.93,0.0,-6.4,-3.95,-745.0,-745.0,loss,roll,0
2021-06-18,2021-07-30,RUT,42,2261.73,19.52,down,0,2220.0,2070.0,-0.392,-0.168,0.2345,0.2862,35,11.8,-13.85,11.8,-2.05,-205.0,2339.34,2339.34,2021-06-25,-3.77,0.0,-11.8,2.2,615.0,615.0,win,roll,1
2021-06-25,2021-08-06,RUT,42,2339.34,15.71,up,1,2230.0,2075.0,-0.253,-0.1,0.2256,0.2866,35,6.85,-5.65,6.85,1.2,120.0,2313.79,2313.79,2021-07-02,-0.47,0.0,-6.85,-0.25,-245.0,-245.0,loss,roll,0
2021-07-02,2021-08-13,RUT,42,2313.79,14.52,down,0,2230.0,2075.0,-0.296,-0.11,0.2182,0.272,35,9.15,-9.3,9.15,-0.15,-15.0,2263.35,2263.35,2021-07-09,-1.56,0.0,-9.15,-8.2,-795.0,-795.0,loss,roll,0
2021-07-09,2021-08-13,RUT,35,2263.35,16.97,down,0,2230.0,2075.0,-0.4,-0.144,0.2168,0.2755,28,17.1,-17.1,17.1,0.0,0.0,2200.43,2200.43,2021-07-16,-3.7,0.0,-17.1,-23.2,-1500.0,-1500.0,loss,roll,0
2021-07-16,2021-08-27,RUT,42,2200.43,16.42,down,0,2230.0,2075.0,-0.555,-0.239,0.2239,0.2606,35,23.95,-32.1,23.95,-8.15,-815.0,2194.14,2194.14,2021-07-23,-6.38,0.0,-23.95,-24.3,-110.0,-110.0,loss,roll,0
2021-07-23,2021-09-03,RUT,42,2194.14,17.21,down,0,2230.0,2075.0,-0.562,-0.263,0.2416,0.2804,35,20.45,-25.05,20.45,-4.6,-460.0,2248.93,2248.93,2021-07-30,-6.65,0.0,-20.45,-21.45,285.0,285.0,win,roll,1
2021-07-30,2021-09-10,RUT,42,2248.93,17.89,up,1,2125.0,1975.0,-0.247,-0.1,0.2619,0.3119,35,6.95,-17.6,6.95,-10.65,-1065.0,2243.33,2243.33,2021-08-06,-4.32,0.0,-6.95,-22.65,-120.0,-120.0,loss,roll,0
2021-08-06,2021-09-10,RUT,35,2243.33,16.94,down,0,2125.0,1975.0,-0.243,-0.092,0.2669,0.3211,28,8.15,-8.15,8.15,0.0,0.0,2232.04,2232.04,2021-08-13,-4.55,0.0,-8.15,-22.8,-15.0,-15.0,loss,roll,0
2021-08-13,2021-09-24,RUT,42,2232.04,15.33,down,0,2125.0,1975.0,-0.268,-0.108,0.2517,0.3039,35,7.9,-8.3,7.9,-0.4,-40.0,2138.41,2138.41,2021-08-20,-5.04,0.0,-7.9,-30.5,-770.0,-770.0,loss,roll,0
2021-08-20,2021-10-01,RUT,42,2138.41,21.57,down,0,2125.0,1975.0,-0.452,-0.204,0.2288,0.3013,35,12.7,-15.6,12.7,-2.9,-290.0,2235.95,2235.95,2021-08-27,-9.02,0.0,-12.7,-24.3,620.0,620.0,win,roll,1
2021-08-27,2021-10-08,RUT,42,2235.95,17.59,up,1,2115.0,1950.0,-0.252,-0.099,0.2627,0.3281,35,7.05,-6.5,7.05,0.55,55.0,2298.12,2298.12,2021-09-03,-4.87,0.0,-7.05,-20.95,335.0,335.0,win,roll,1
2021-09-03,2021-10-08,RUT,35,2298.12,16.6,up,1,2190.0,2045.0,-0.251,-0.1,0.2453,0.3046,28,6.05,-3.7,6.05,2.35,235.0,2254.78,2254.78,2021-09-10,-2.22,0.0,-6.05,-24.7,-375.0,-375.0,loss,roll,0
2021-09-10,2021-10-22,RUT,42,2254.78,17.69,down,0,2190.0,2045.0,-0.347,-0.155,0.2439,0.2979,35,7.05,-9.8,7.05,-2.75,-275.0,2231.53,2231.53,2021-09-17,-4.07,0.0,-7.05,-27.8,-310.0,-310.0,loss,roll,0
2021-09-17,2021-10-29,RUT,42,2231.53,19.5,down,0,2190.0,2040.0,-0.392,-0.171,0.2361,0.2941,35,9.5,-10.15,9.5,-0.65,-65.0,2247.39,2247.39,2021-09-24,-5.06,5.0,-9.5,-29.0,-120.0,-120.0,loss,roll,0
2021-09-24,2021-11-05,RUT,42,2247.39,18.68,up,1,2125.0,1945.0,-0.251,-0.1,0.263,0.348,35,9.6,-10.7,9.6,-1.1,-110.0,2206.23,2206.23,2021-10-01,-4.38,0.0,-9.6,-35.15,-615.0,-615.0,loss,roll,0
2021-10-01,2021-11-12,RUT,42,2206.23,22.91,down,0,2125.0,1945.0,-0.331,-0.127,0.2832,0.3426,35,14.8,-15.75,14.8,-0.95,-95.0,2248.72,2248.72,2021-10-08,-6.13,0.0,-14.8,-32.05,310.0,310.0,win,roll,1
2021-10-08,2021-11-12,RUT,35,2248.72,18.92,up,1,2140.0,2005.0,-0.251,-0.098,0.2528,0.2976,28,7.6,-11.7,7.6,-4.1,-410.0,2296.66,2296.66,2021-10-15,-4.33,0.0,-7.6,-27.9,415.0,415.0,win,roll,1
2021-10-15,2021-11-26,RUT,42,2296.66,15.9,up,1,2195.0,2060.0,-0.254,-0.099,0.2131,0.2573,35,7.05,-3.45,7.05,3.6,360.0,2293.85,2293.85,2021-10-22,-2.29,0.0,-7.05,-27.85,5.0,5.0,win,roll,1
2021-10-22,2021-12-03,RUT,42,2293.85,15.06,down,0,2195.0,2060.0,-0.262,-0.105,0.2157,0.2619,35,6.55,-7.0,6.55,-0.45,-45.0,2298.79,2298.79,2021-10-29,-2.41,0.0,-6.55,-27.8,5.0,5.0,win,roll,1
2021-10-29,2021-12-10,RUT,42,2298.79,17.06,up,1,2185.0,2040.0,-0.247,-0.099,0.2321,0.2842,35,6.35,-6.5,6.35,-0.15,-15.0,2436.97,2436.97,2021-11-05,-2.2,0.0,-6.35,-22.7,510.0,510.0,win,roll,1
2021-11-05,2021-12-23,RUT,48,2436.97,15.07,up,1,2310.0,2155.0,-0.248,-0.1,0.2312,0.2758,41,6.9,-1.25,6.9,5.65,565.0,2416.11,2416.11,2021-11-12,-0.24,0.0,-6.9,-24.75,-205.0,-205.0,loss,roll,0
2021-11-12,2021-12-23,RUT,41,2416.11,17.08,down,0,2310.0,2155.0,-0.275,-0.108,0.2404,0.2874,34,8.95,-8.95,8.95,0.0,0.0,2353.54,2353.54,2021-11-19,-1.74,0.0,-8.95,-32.5,-775.0,-775.0,loss,roll,0
2021-11-19,2021-12-31,RUT,42,2353.54,17.87,down,0,2310.0,2150.0,-0.391,-0.157,0.2316,0.2781,35,15.8,-16.7,15.8,-0.9,-90.0,2256.63,2256.63,2021-11-26,-4.28,5.0,-15.8,-33.3,-80.0,-80.0,loss,roll,0
2021-11-26,2022-01-07,RUT,42,2256.63,25.77,down,0,2310.0,2150.0,-0.572,-0.314,0.2966,0.3332,35,11.15,-16.6,11.15,-5.45,-545.0,2180.03,2180.03,2021-12-03,-8.22,0.0,-11.15,-20.15,1315.0,1315.0,win,roll,1
2021-12-03,2022-01-14,RUT,42,2180.03,28.99,down,0,2310.0,2150.0,-0.709,-0.429,0.285,0.3402,35,-8.8,2.0,-8.8,-6.8,-680.0,2217.2,2217.2,2021-12-10,-11.34,0.0,8.8,-52.95,-3280.0,-3280.0,loss,roll,0
2021-12-10,2022-01-14,RUT,35,2217.2,20.18,up,1,2085.0,1910.0,-0.25,-0.1,0.3175,0.3941,28,7.6,-24.0,7.6,-16.4,-1640.0,2136.72,2136.72,2021-12-17,-9.83,0.0,-7.6,-63.85,-1090.0,-1090.0,loss,roll,0
2021-12-17,2022-01-28,RUT,42,2136.72,22.2,down,0,2085.0,1910.0,-0.385,-0.166,0.2981,0.3637,35,13.65,-18.5,13.65,-4.85,-485.0,2254.83,2254.83,2021-12-31,-13.1,0.0,-13.65,-54.6,925.0,925.0,win,roll,1
2021-12-31,2022-02-11,RUT,42,2254.83,17.72,up,1,2140.0,1980.0,-0.252,-0.099,0.2462,0.3108,35,6.75,-4.4,6.75,2.35,235.0,2219.69,2219.69,2022-01-07,-8.3,0.0,-6.75,-58.4,-380.0,-380.0,loss,roll,0
2022-01-07,2022-02-11,RUT,35,2219.69,19.15,down,0,2140.0,1980.0,-0.314,-0.122,0.2667,0.3307,28,10.55,-10.55,10.55,0.0,0.0,2152.79,2152.79,2022-01-14,-9.72,0.0,-10.55,-71.4,-1300.0,-1300.0,loss,roll,0
2022-01-14,2022-02-25,RUT,42,2152.79,20.24,down,0,2140.0,1980.0,-0.454,-0.187,0.2218,0.2934,35,18.1,-23.55,18.1,-5.45,-545.0,2008.57,2008.57,2022-01-21,-12.44,0.0,-18.1,-74.5,-310.0,-310.0,loss,roll,0
2022-01-21,2022-03-04,RUT,42,2008.57,27.11,down,0,2140.0,1980.0,-0.76,-0.424,0.2492,0.2991,35,13.5,-21.2,13.5,-7.7,-770.0,1910.97,1910.97,2022-01-28,-18.31,0.0,-13.5,-65.7,880.0,880.0,win,roll,1
2022-01-28,2022-03-11,RUT,42,1910.97,31.85,down,0,2140.0,1980.0,-0.862,-0.605,0.2931,0.3261,35,-5.1,-4.7,-5.1,-9.8,-980.0,1980.04,1980.04,2022-02-04,-22.28,0.0,5.1,-101.15,-3545.0,-3545.0,loss,roll,0
2022-02-04,2022-03-11,RUT,35,1980.04,24.54,up,1,1855.0,1700.0,-0.252,-0.099,0.3424,0.4028,28,8.95,-30.35,8.95,-21.4,-2140.0,2056.84,2056.84,2022-02-11,-19.47,0.0,-8.95,-97.1,405.0,405.0,win,roll,1
2022-02-11,2022-03-25,RUT,42,2056.84,24.25,up,1,1915.0,1750.0,-0.247,-0.101,0.3358,0.3933,35,8.65,-4.9,8.65,3.75,375.0,2036.73,2036.73,2022-02-18,-16.35,0.0,-8.65,-99.3,-220.0,-220.0,loss,roll,0
2022-02-18,2022-04-01,RUT,42,2036.73,27.85,down,0,1915.0,1750.0,-0.277,-0.117,0.341,0.3989,35,9.6,-10.85,9.6,-1.25,-125.0,1995.61,1995.61,2022-02-25,-17.16,0.0,-9.6,-102.3,-300.0,-300.0,loss,roll,0
2022-02-25,2022-04-08,RUT,42,1995.61,29.85,down,0,1915.0,1750.0,-0.342,-0.152,0.3479,0.4031,35,10.85,-12.6,10.85,-1.75,-175.0,2008.97,2008.97,2022-03-04,-18.84,0.0,-10.85,-102.5,-20.0,-20.0,loss,roll,0
2022-03-04,2022-04-08,RUT,35,2008.97,32.94,up,1,1865.0,1690.0,-0.252,-0.101,0.3952,0.4625,28,11.0,-11.05,11.0,-0.05,-5.0,2019.91,2019.91,2022-03-11,-18.29,0.0,-11.0,-102.25,25.0,25.0,win,roll,1
2022-03-11,2022-04-22,RUT,42,2019.91,29.79,up,1,1870.0,1695.0,-0.249,-0.1,0.3688,0.4276,35,9.9,-10.75,9.9,-0.85,-85.0,2066.12,2066.12,2022-03-18,-17.85,0.0,-9.9,-98.7,355.0,355.0,win,roll,1
2022-03-18,2022-04-29,RUT,42,2066.12,25.55,up,1,1930.0,1750.0,-0.247,-0.092,0.3193,0.388,35,10.75,-6.35,10.75,4.4,440.0,2071.13,2071.13,2022-03-25,-15.97,0.0,-10.75,-97.45,125.0,125.0,win,roll,1
2022-03-25,2022-05-06,RUT,42,2071.13,21.59,up,1,1950.0,1795.0,-0.251,-0.099,0.2858,0.3432,35,8.15,-9.5,8.15,-1.35,-135.0,2090.14,2090.14,2022-04-01,-15.77,0.0,-8.15,-97.5,-5.0,-5.0,loss,roll,0
2022-04-01,2022-05-13,RUT,42,2090.14,20.2,up,1,1970.0,1820.0,-0.252,-0.101,0.2805,0.334,35,8.4,-8.2,8.4,0.2,20.0,1994.43,1994.43,2022-04-08,-14.99,0.0,-8.4,-107.4,-990.0,-990.0,loss,roll,0
2022-04-08,2022-05-13,RUT,35,1994.43,22.27,down,0,1970.0,1820.0,-0.423,-0.164,0.2574,0.3183,28,18.3,-18.3,18.3,0.0,0.0,1981.45,1981.45,2022-04-22,-18.89,0.0,-18.3,-113.75,-635.0,-635.0,loss,roll,0
2022-04-22,2022-06-03,RUT,42,1981.45,23.9,down,0,1970.0,1820.0,-0.454,-0.203,0.2209,0.3236,35,15.55,-24.65,15.55,-9.1,-910.0,1927.13,1927.13,2022-04-29,-19.41,0.0,-15.55,-116.8,-305.0,-305.0,loss,roll,0
2022-04-29,2022-06-10,RUT,42,1927.13,28.98,down,0,1970.0,1820.0,-0.569,-0.287,0.292,0.3337,35,13.45,-18.6,13.45,-5.15,-515.0,1824.59,1824.59,2022-05-06,-21.62,0.0,-13.45,-115.65,115.0,115.0,win,roll,1
2022-05-06,2022-06-10,RUT,35,1824.59,35.09,down,0,1970.0,1820.0,-0.77,-0.466,0.3144,0.1195,28,12.3,-12.3,12.3,0.0,0.0,1779.1,1779.1,2022-05-13,-25.79,0.0,-12.3,-129.8,-1415.0,-1415.0,loss,roll,0
2022-05-13,2022-06-24,RUT,42,1779.1,29.71,down,0,1970.0,1820.0,-0.831,-0.558,0.2978,0.3299,35,6.85,-26.45,6.85,-19.6,-1960.0,1785.74,1785.74,2022-05-20,-27.64,0.0,-6.85,-143.95,-1415.0,-1415.0,loss,roll,0
2022-05-20,2022-07-01,RUT,42,1785.74,28.22,up,1,1660.0,1510.0,-0.251,-0.099,0.3517,0.4062,35,9.95,-21.0,9.95,-11.05,-1105.0,1863.25,1863.25,2022-05-27,-27.37,0.0,-9.95,-139.35,460.0,460.0,win,roll,1
2022-05-27,2022-07-08,RUT,42,1863.25,26.13,up,1,1745.0,1605.0,-0.252,-0.102,0.3151,0.3645,35,9.4,-5.35,9.4,4.05,405.0,1887.2,1887.2,2022-06-03,-24.22,0.0,-9.4,-138.2,115.0,115.0,win,roll,1
2022-06-03,2022-07-08,RUT,35,1887.2,25.29,up,1,1775.0,1640.0,-0.253,-0.098,0.3214,0.3675,28,9.45,-8.25,9.45,1.2,120.0,1822.42,1822.42,2022-06-10,-23.25,0.0,-9.45,-144.4,-620.0,-620.0,loss,roll,0
2022-06-10,2022-07-22,RUT,42,1822.42,27.92,down,0,1775.0,1640.0,-0.381,-0.18,0.3086,0.3636,35,10.1,-15.65,10.1,-5.55,-555.0,1682.94,1682.94,2022-06-17,-25.88,0.0,-10.1,-149.7,-530.0,-530.0,loss,roll,0
2022-06-17,2022-07-29,RUT,42,1682.94,31.44,down,0,1770.0,1640.0,-0.654,-0.386,0.3281,0.3261,35,5.15,-15.4,5.15,-10.25,-1025.0,1740.13,1740.13,2022-06-24,-31.55,5.0,-5.15,-159.7,-1000.0,-1000.0,loss,roll,0
2022-06-24,2022-08-05,RUT,42,1740.13,28.4,up,1,1620.0,1475.0,-0.251,-0.101,0.344,0.4032,35,9.15,-15.15,9.15,-6.0,-600.0,1721.95,1721.95,2022-07-01,-29.23,0.0,-9.15,-162.75,-305.0,-305.0,loss,roll,0
2022-07-01,2022-08-12,RUT,42,1721.95,27.94,down,0,1620.0,1475.0,-0.277,-0.109,0.3358,0.3923,35,11.4,-12.2,11.4,-0.8,-80.0,1754.25,1754.25,2022-07-08,-29.97,0.0,-11.4,-160.9,185.0,185.0,win,roll,1
2022-07-08,2022-08-12,RUT,35,1754.25,25.76,up,1,1645.0,1525.0,-0.246,-0.1,0.3256,0.3699,28,7.7,-9.55,7.7,-1.85,-185.0,1710.83,1710.83,2022-07-15,-28.65,0.0,-7.7,-165.5,-460.0,-460.0,loss,roll,0
2022-07-15,2022-08-26,RUT,42,1710.83,25.31,down,0,1645.0,1525.0,-0.331,-0.15,0.2989,0.3474,35,8.9,-12.3,8.9,-3.4,-340.0,1825.87,1825.87,2022-07-22,-30.42,0.0,-8.9,-160.4,510.0,510.0,win,roll,1
2022-07-22,2022-09-02,RUT,42,1825.87,23.25,up,1,1715.0,1585.0,-0.25,-0.101,0.296,0.342,35,7.85,-3.8,7.85,4.05,405.0,1869.39,1869.39,2022-07-29,-25.74,0.0,-7.85,-158.55,185.0,185.0,win,roll,1
2022-07-29,2022-09-09,RUT,42,1869.39,21.72,up,1,1765.0,1640.0,-0.249,-0.102,0.2685,0.3176,35,7.45,-6.0,7.45,1.45,145.0,1902.05,1902.05,2022-08-05,-23.97,0.0,-7.45,-157.85,70.0,70.0,win,roll,1
2022-08-05,2022-09-09,RUT,35,1902.05,21.7,up,1,1810.0,1695.0,-0.255,-0.101,0.2586,0.3028,28,7.9,-6.75,7.9,1.15,115.0,1988.23,1988.23,2022-08-12,-22.64,0.0,-7.9,-152.75,510.0,510.0,win,roll,1
2022-08-12,2022-09-23,RUT,42,1988.23,19.84,up,1,1880.0,1745.0,-0.248,-0.099,0.2585,0.3118,35,7.45,-2.8,7.45,4.65,465.0,1964.84,1964.84,2022-08-19,-19.14,0.0,-7.45,-155.95,-320.0,-320.0,loss,roll,0
2022-08-19,2022-09-30,RUT,42,1964.84,20.72,down,0,1880.0,1740.0,-0.295,-0.117,0.2638,0.3152,35,10.75,-10.65,10.75,0.1,10.0,1955.93,1955.93,2022-08-26,-20.09,5.0,-10.75,-158.1,-215.0,-215.0,loss,roll,0
2022-08-26,2022-10-07,RUT,42,1955.93,22.06,down,0,1880.0,1740.0,-0.314,-0.128,0.2652,0.3185,35,11.55,-12.9,11.55,-1.35,-135.0,1825.33,1825.33,2022-09-02,-20.45,0.0,-11.55,-173.05,-1495.0,-1495.0,loss,roll,0
2022-09-02,2022-10-14,RUT,42,1825.33,24.16,down,0,1880.0,1740.0,-0.596,-0.294,0.2966,0.2863,35,21.85,-26.5,21.85,-4.65,-465.0,1870.29,1870.29,2022-09-09,-25.76,0.0,-21.85,-174.95,-190.0,-190.0,loss,roll,0
2022-09-09,2022-10-14,RUT,35,1870.29,22.91,up,1,1770.0,1655.0,-0.247,-0.099,0.2771,0.3189,28,7.85,-23.75,7.85,-15.9,-1590.0,1783.43,1783.43,2022-09-16,-23.93,0.0,-7.85,-180.3,-535.0,-535.0,loss,roll,0
2022-09-16,2022-10-28,RUT,42,1783.43,28.34,down,0,1770.0,1655.0,-0.441,-0.241,0.1901,0.3408,35,6.5,-13.2,6.5,-6.7,-670.0,1679.81,1679.81,2022-09-23,-27.47,0.0,-6.5,-183.75,-345.0,-345.0,loss,roll,0
2022-09-23,2022-11-04,RUT,42,1679.81,29.13,down,0,1770.0,1655.0,-0.657,-0.412,0.335,0.2414,35,2.95,-9.95,2.95,-7.0,-700.0,1688.29,1688.29,2022-09-30,-31.68,0.0,-2.95,-182.2,155.0,155.0,win,roll,1
2022-09-30,2022-11-11,RUT,42,1688.29,31.01,up,1,1565.0,1420.0,-0.247,-0.098,0.3579,0.418,35,10.05,-1.4,10.05,8.65,865.0,1714.96,1714.96,2022-10-07,-31.34,0.0,-10.05,-180.65,155.0,155.0,win,roll,1
2022-10-07,2022-11-11,RUT,35,1714.96,31.61,up,1,1600.0,1465.0,-0.253,-0.102,0.3677,0.4216,28,9.15,-8.5,9.15,0.65,65.0,1730.79,1730.79,2022-10-14,-30.25,0.0,-9.15,-181.1,-45.0,-45.0,loss,roll,0
2022-10-14,2022-11-25,RUT,42,1730.79,31.65,up,1,1610.0,1475.0,-0.247,-0.101,0.3415,0.3903,35,9.25,-9.6,9.25,-0.35,-35.0,1713.86,1713.86,2022-10-21,-29.61,0.0,-9.25,-183.3,-220.0,-220.0,loss,roll,0
2022-10-21,2022-12-02,RUT,42,1713.86,29.38,down,0,1610.0,1475.0,-0.26,-0.101,0.3129,0.365,35,10.8,-11.45,10.8,-0.65,-65.0,1819.74,1819.74,2022-10-28,-30.3,0.0,-10.8,-176.4,690.0,690.0,win,roll,1
2022-10-28,2022-12-09,RUT,42,1819.74,27.39,up,1,1705.0,1580.0,-0.247,-0.101,0.3036,0.3425,35,8.4,-3.9,8.4,4.5,450.0,1791.99,1791.99,2022-11-04,-25.99,0.0,-8.4,-181.15,-475.0,-475.0,loss,roll,0
2022-11-04,2022-12-09,RUT,35,1791.99,24.72,down,0,1705.0,1580.0,-0.268,-0.093,0.2796,0.3197,28,13.15,-13.15,13.15,0.0,0.0,1885.98,1885.98,2022-11-11,-27.12,0.0,-13.15,-172.05,910.0,910.0,win,roll,1
2022-11-11,2022-12-23,RUT,42,1885.98,23.43,up,1,1775.0,1650.0,-0.246,-0.1,0.2801,0.3205,35,9.15,-4.05,9.15,5.1,510.0,1859.22,1859.22,2022-11-18,-23.3,0.0,-9.15,-173.65,-160.0,-160.0,loss,roll,0
2022-11-18,2022-12-30,RUT,42,1859.22,23.6,down,0,1770.0,1650.0,-0.276,-0.128,0.2642,0.3252,35,8.45,-10.75,8.45,-2.3,-230.0,1867.21,1867.21,2022-11-25,-24.38,5.0,-8.45,-173.7,-5.0,-5.0,loss,roll,0
2022-11-25,2023-01-06,RUT,42,1867.21,20.97,up,1,1775.0,1655.0,-0.253,-0.098,0.2392,0.2859,35,8.5,-8.5,8.5,0.0,0.0,1867.3,1867.3,2022-12-02,-24.06,0.0,-8.5,-175.2,-150.0,-150.0,loss,roll,0
2022-12-02,2023-01-13,RUT,42,1867.3,19.88,up,1,1775.0,1665.0,-0.25,-0.102,0.2356,0.2761,35,7.7,-10.0,7.7,-2.3,-230.0,1812.8,1812.8,2022-12-09,-24.06,0.0,-7.7,-181.05,-585.0,-585.0,loss,roll,0
2022-12-09,2023-01-13,RUT,35,1812.8,22.86,down,0,1775.0,1665.0,-0.368,-0.154,0.2256,0.2814,28,13.55,-13.55,13.55,0.0,0.0,1764.66,1764.66,2022-12-16,-26.27,0.0,-13.55,-187.2,-615.0,-615.0,loss,roll,0
2022-12-16,2023-01-27,RUT,42,1764.66,22.41,down,0,1775.0,1665.0,-0.486,-0.232,0.4347,0.2477,35,13.6,-19.7,13.6,-6.1,-610.0,1743.74,1743.74,2022-12-23,-28.23,0.0,-13.6,-192.7,-550.0,-550.0,loss,roll,0
2022-12-23,2023-02-03,RUT,42,1743.74,22.49,down,0,1775.0,1665.0,-0.538,-0.278,0.34,0.2497,35,14.15,-19.1,14.15,-4.95,-495.0,1752.61,1752.61,2022-12-30,-29.08,0.0,-14.15,-196.8,-410.0,-410.0,loss,roll,0
2022-12-30,2023-02-10,RUT,42,1752.61,22.03,up,1,1665.0,1560.0,-0.254,-0.101,0.2438,0.2799,35,8.55,-18.25,8.55,-9.7,-970.0,1760.73,1760.73,2023-01-06,-28.72,0.0,-8.55,-196.5,30.0,30.0,win,roll,1
2023-01-06,2023-02-10,RUT,35,1760.73,21.85,up,1,1680.0,1600.0,-0.253,-0.1,0.2416,0.2492,28,4.7,-8.25,4.7,-3.55,-355.0,1867.65,1867.65,2023-01-13,-28.39,0.0,-4.7,-192.7,380.0,380.0,win,roll,1
2023-01-13,2023-02-24,RUT,42,1867.65,18.7,up,1,1785.0,1650.0,-0.251,-0.101,0.21,0.2982,35,12.2,-0.9,12.2,11.3,1130.0,1849.0,1849.0,2023-01-20,-24.04,0.0,-12.2,-194.75,-205.0,-205.0,loss,roll,0
2023-01-20,2023-03-03,RUT,42,1849.0,20.23,down,0,1785.0,1650.0,-0.298,-0.112,0.2099,0.288,35,13.9,-14.25,13.9,-0.35,-35.0,1906.11,1906.11,2023-01-27,-24.8,0.0,-13.9,-186.9,785.0,785.0,win,roll,1
2023-01-27,2023-03-10,RUT,42,1906.11,18.38,up,1,1825.0,1705.0,-0.252,-0.107,0.2019,0.2746,35,8.25,-6.05,8.25,2.2,220.0,1992.12,1992.12,2023-02-03,-22.48,0.0,-8.25,-181.8,510.0,510.0,win,roll,1
2023-02-03,2023-03-10,RUT,35,1992.12,18.46,up,1,1910.0,1785.0,-0.248,-0.105,0.2094,0.294,28,7.9,-3.15,7.9,4.75,475.0,1908.29,1908.29,2023-02-10,-18.98,0.0,-7.9,-194.35,-1255.0,-1255.0,loss,roll,0
2023-02-10,2023-03-24,RUT,42,1908.29,21.31,down,0,1910.0,1785.0,-0.462,-0.215,0.596,0.2647,35,13.3,-20.45,13.3,-7.15,-715.0,1929.21,1929.21,2023-02-17,-22.39,0.0,-13.3,-195.5,-115.0,-115.0,loss,roll,0
2023-02-17,2023-03-31,RUT,42,1929.21,21.02,up,1,1830.0,1710.0,-0.246,-0.101,0.2407,0.2899,35,6.95,-14.45,6.95,-7.5,-750.0,1880.85,1880.85,2023-02-24,-21.54,0.0,-6.95,-200.7,-520.0,-520.0,loss,roll,0
2023-02-24,2023-04-06,RUT,41,1880.85,22.76,down,0,1830.0,1710.0,-0.34,-0.146,0.2178,0.2826,34,10.9,-12.15,10.9,-1.25,-125.0,1908.64,1908.64,2023-03-03,-23.5,0.0,-10.9,-200.0,70.0,70.0,win,roll,1
2023-03-03,2023-04-14,RUT,42,1908.64,19.21,up,1,1820.0,1695.0,-0.25,-0.103,0.2201,0.2873,35,9.85,-10.2,9.85,-0.35,-35.0,1794.73,1794.73,2023-03-10,-22.37,0.0,-9.85,-210.7,-1070.0,-1070.0,loss,roll,0
2023-03-10,2023-04-14,RUT,35,1794.73,23.36,down,0,1820.0,1695.0,-0.531,-0.231,0.343,0.2657,28,20.55,-20.55,20.55,0.0,0.0,1747.8,1747.8,2023-03-17,-27.01,0.0,-20.55,-214.45,-375.0,-375.0,loss,roll,0
2023-03-17,2023-04-28,RUT,42,1747.8,24.02,down,0,1820.0,1690.0,-0.645,-0.327,0.2846,0.2436,35,17.75,-24.3,17.75,-6.55,-655.0,1702.52,1702.52,2023-03-24,-28.92,5.0,-17.75,-217.4,-295.0,-295.0,loss,roll,0
2023-03-24,2023-05-05,RUT,42,1702.52,24.09,down,0,1820.0,1690.0,-0.758,-0.427,0.2641,0.1361,35,13.0,-20.7,13.0,-7.7,-770.0,1784.44,1784.44,2023-03-31,-30.76,0.0,-13.0,-228.0,-1060.0,-1060.0,loss,roll,0
2023-03-31,2023-05-12,RUT,42,1784.44,18.88,up,1,1690.0,1560.0,-0.249,-0.099,0.2529,0.3216,35,8.5,-23.6,8.5,-15.1,-1510.0,1805.02,1805.02,2023-04-14,-27.43,0.0,-8.5,-225.0,300.0,300.0,win,roll,1
2023-04-14,2023-05-26,RUT,42,1805.02,17.55,up,1,1725.0,1600.0,-0.251,-0.105,0.2106,0.2952,35,8.3,-5.5,8.3,2.8,280.0,1785.73,1785.73,2023-04-21,-26.59,0.0,-8.3,-225.75,-75.0,-75.0,loss,roll,0
2023-04-21,2023-06-02,RUT,42,1785.73,17.35,down,0,1725.0,1600.0,-0.289,-0.104,0.1946,0.2666,35,8.45,-9.05,8.45,-0.6,-60.0,1757.56,1757.56,2023-04-28,-27.37,0.0,-8.45,-230.55,-480.0,-480.0,loss,roll,0
2023-04-28,2023-06-09,RUT,42,1757.56,16.54,down,0,1725.0,1600.0,-0.357,-0.126,0.1632,0.2515,35,11.95,-13.25,11.95,-1.3,-130.0,1749.07,1749.07,2023-05-05,-28.52,0.0,-11.95,-231.6,-105.0,-105.0,loss,roll,0
2023-05-05,2023-06-09,RUT,35,1749.07,17.97,down,0,1725.0,1600.0,-0.385,-0.139,0.1678,0.2756,28,13.0,-13.0,13.0,0.0,0.0,1752.29,1752.29,2023-05-12,-28.86,0.0,-13.0,-232.3,-70.0,-70.0,loss,roll,0
2023-05-12,2023-06-23,RUT,42,1752.29,16.54,up,1,1675.0,1555.0,-0.255,-0.099,0.2138,0.2847,35,6.5,-13.7,6.5,-7.2,-720.0,1792.76,1792.76,2023-05-19,-28.73,0.0,-6.5,-229.8,250.0,250.0,win,roll,1
2023-05-19,2023-06-30,RUT,42,1792.76,16.03,up,1,1720.0,1610.0,-0.256,-0.102,0.1959,0.258,35,5.5,-4.0,5.5,1.5,150.0,1757.89,1757.89,2023-05-26,-27.09,0.0,-5.5,-233.0,-320.0,-320.0,loss,roll,0
2023-05-26,2023-07-07,RUT,42,1757.89,18.23,down,0,1720.0,1610.0,-0.349,-0.151,0.1795,0.2619,35,7.15,-8.7,7.15,-1.55,-155.0,1789.41,1789.41,2023-06-02,-28.51,0.0,-7.15,-232.3,70.0,70.0,win,roll,1
2023-06-02,2023-07-14,RUT,42,1789.41,15.13,up,1,1715.0,1610.0,-0.248,-0.099,0.1937,0.2506,35,4.9,-6.45,4.9,-1.55,-155.0,1877.39,1877.39,2023-06-09,-27.22,0.0,-4.9,-228.85,345.0,345.0,win,roll,1
2023-06-09,2023-07-14,RUT,35,1877.39,13.56,up,1,1810.0,1715.0,-0.252,-0.101,0.1842,0.2355,28,5.15,-1.45,5.15,3.7,370.0,1883.96,1883.96,2023-06-16,-23.65,0.0,-5.15,-228.85,0.0,0.0,flat,roll,1
2023-06-16,2023-07-28,RUT,42,1883.96,14.39,up,1,1810.0,1725.0,-0.246,-0.098,0.1794,0.2062,35,3.0,-5.15,3.0,-2.15,-215.0,1835.05,1835.05,2023-06-23,-23.38,0.0,-3.0,-232.25,-340.0,-340.0,loss,roll,0
2023-06-23,2023-08-04,RUT,42,1835.05,13.44,down,0,1810.0,1725.0,-0.369,-0.177,0.1297,0.2043,35,4.55,-6.4,4.55,-1.85,-185.0,1895.76,1895.76,2023-06-30,-25.37,0.0,-4.55,-230.7,155.0,155.0,win,roll,1
2023-06-30,2023-08-11,RUT,42,1895.76,13.47,up,1,1830.0,1735.0,-0.253,-0.101,0.1634,0.2108,35,5.1,-3.0,5.1,2.1,210.0,1860.11,1860.11,2023-07-07,-22.9,0.0,-5.1,-233.65,-295.0,-295.0,loss,roll,0
2023-07-07,2023-08-11,RUT,35,1860.11,14.98,down,0,1830.0,1735.0,-0.35,-0.14,0.1458,0.2143,28,8.05,-8.05,8.05,0.0,0.0,1937.34,1937.34,2023-07-14,-24.35,0.0,-8.05,-228.05,560.0,560.0,win,roll,1
2023-07-14,2023-08-25,RUT,42,1937.34,13.69,up,1,1865.0,1785.0,-0.247,-0.102,0.171,0.1952,35,2.3,-2.45,2.3,-0.15,-15.0,1965.41,1965.41,2023-07-21,-21.21,0.0,-2.3,-227.5,55.0,55.0,win,roll,1
2023-07-21,2023-09-01,RUT,42,1965.41,13.79,up,1,1895.0,1790.0,-0.255,-0.1,0.1703,0.2213,35,5.8,-1.75,5.8,4.05,405.0,1978.28,1978.28,2023-07-28,-20.07,0.0,-5.8,-225.95,155.0,155.0,win,roll,1
2023-07-28,2023-09-08,RUT,42,1978.28,13.53,up,1,1910.0,1815.0,-0.251,-0.099,0.161,0.203,35,3.8,-4.25,3.8,-0.45,-45.0,1959.96,1959.96,2023-08-04,-19.54,0.0,-3.8,-227.5,-155.0,-155.0,loss,roll,0
2023-08-04,2023-09-08,RUT,35,1959.96,15.27,down,0,1910.0,1815.0,-0.3,-0.126,0.1678,0.2229,28,5.35,-5.35,5.35,0.0,0.0,1918.21,1918.21,2023-08-11,-20.29,0.0,-5.35,-233.25,-575.0,-575.0,loss,roll,0
2023-08-11,2023-09-22,RUT,42,1918.21,16.15,down,0,1910.0,1815.0,-0.425,-0.206,0.0714,0.2073,35,6.3,-11.1,6.3,-4.8,-480.0,1851.48,1851.48,2023-08-18,-21.99,0.0,-6.3,-238.3,-505.0,-505.0,loss,roll,0
2023-08-18,2023-09-29,RUT,42,1851.48,18.58,down,0,1910.0,1810.0,-0.628,-0.34,0.2489,0.1746,35,10.0,-11.35,10.0,-1.35,-135.0,1850.78,1850.78,2023-08-25,-24.7,5.0,-10.0,-247.65,-935.0,-935.0,loss,roll,0
2023-08-25,2023-10-06,RUT,42,1850.78,16.64,down,0,1910.0,1810.0,-0.642,-0.329,0.2305,0.158,35,15.35,-19.35,15.35,-4.0,-400.0,1917.35,1917.35,2023-09-01,-24.73,0.0,-15.35,-245.7,195.0,195.0,win,roll,1
2023-09-01,2023-10-13,RUT,42,1917.35,13.27,up,1,1855.0,1735.0,-0.256,-0.094,0.1548,0.2309,35,8.45,-13.4,8.45,-4.95,-495.0,1849.69,1849.69,2023-09-08,-22.02,0.0,-8.45,-256.9,-1120.0,-1120.0,loss,roll,0
2023-09-08,2023-10-13,RUT,35,1849.69,14.03,down,0,1855.0,1735.0,-0.471,-0.145,0.5686,0.2015,28,19.65,-19.65,19.65,0.0,0.0,1856.69,1856.69,2023-09-15,-24.77,0.0,-19.65,-256.85,5.0,5.0,win,roll,1
2023-09-15,2023-10-27,RUT,42,1856.69,13.15,up,1,1795.0,1715.0,-0.245,-0.101,0.15,0.1879,35,4.0,-19.6,4.0,-15.6,-1560.0,1785.3,1785.3,2023-09-22,-24.49,0.0,-4.0,-260.9,-405.0,-405.0,loss,roll,0
2023-09-22,2023-11-03,RUT,42,1785.3,16.79,down,0,1795.0,1715.0,-0.481,-0.251,0.4759,0.1847,35,5.15,-8.05,5.15,-2.9,-290.0,1805.9,1805.9,2023-09-29,-27.39,0.0,-5.15,-263.1,-220.0,-220.0,loss,roll,0
2023-09-29,2023-11-10,RUT,42,1805.9,15.9,up,1,1735.0,1615.0,-0.254,-0.11,0.1875,0.2789,35,8.7,-7.35,8.7,1.35,135.0,1720.05,1720.05,2023-10-06,-26.55,0.0,-8.7,-275.7,-1260.0,-1260.0,loss,roll,0
2023-10-06,2023-11-10,RUT,35,1720.05,19.23,down,0,1735.0,1615.0,-0.507,-0.18,0.3719,0.2313,28,21.3,-21.3,21.3,0.0,0.0,1734.36,1734.36,2023-10-13,-30.04,0.0,-21.3,-274.1,160.0,160.0,win,roll,1
2023-10-13,2023-11-24,RUT,42,1734.36,16.94,up,1,1665.0,1560.0,-0.254,-0.093,0.1911,0.2442,35,6.25,-19.7,6.25,-13.45,-1345.0,1699.86,1699.86,2023-10-20,-29.46,0.0,-6.25,-276.95,-285.0,-285.0,loss,roll,0
2023-10-20,2023-12-01,RUT,42,1699.86,20.74,down,0,1665.0,1560.0,-0.358,-0.159,0.1833,0.2652,35,7.45,-9.1,7.45,-1.65,-165.0,1646.11,1646.11,2023-10-27,-30.87,0.0,-7.45,-286.4,-945.0,-945.0,loss,roll,0
2023-10-27,2023-12-08,RUT,42,1646.11,20.09,down,0,1665.0,1560.0,-0.509,-0.235,0.3825,0.232,35,14.3,-16.9,14.3,-2.6,-260.0,1764.64,1764.64,2023-11-03,-33.05,0.0,-14.3,-276.7,970.0,970.0,win,roll,1
2023-11-03,2023-12-08,RUT,35,1764.64,15.18,up,1,1700.0,1615.0,-0.245,-0.101,0.1825,0.2305,28,5.05,-4.6,5.05,0.45,45.0,1694.16,1694.16,2023-11-10,-28.23,0.0,-5.05,-285.15,-845.0,-845.0,loss,roll,0
2023-11-10,2023-12-22,RUT,42,1694.16,14.85,down,0,1700.0,1615.0,-0.469,-0.23,0.5621,0.2004,35,9.05,-13.5,9.05,-4.45,-445.0,1788.28,1788.28,2023-11-17,-31.1,0.0,-9.05,-279.4,575.0,575.0,win,roll,1
2023-11-17,2023-12-29,RUT,42,1788.28,13.93,up,1,1720.0,1630.0,-0.243,-0.097,0.1723,0.2162,35,5.05,-3.3,5.05,1.75,175.0,1803.13,1803.13,2023-11-24,-27.27,0.0,-5.05,-278.75,65.0,65.0,win,roll,1
2023-11-24,2024-01-05,RUT,42,1803.13,13.07,up,1,1740.0,1650.0,-0.252,-0.098,0.1643,0.2078,35,5.5,-4.4,5.5,1.1,110.0,1812.19,1812.19,2023-12-01,-26.67,0.0,-5.5,-278.8,-5.0,-5.0,loss,roll,0
2023-12-01,2024-01-12,RUT,42,1812.19,12.82,up,1,1750.0,1660.0,-0.255,-0.103,0.1632,0.21,35,6.1,-5.55,6.1,0.55,55.0,1875.52,1875.52,2023-12-08,-26.3,0.0,-6.1,-274.45,435.0,435.0,win,roll,1
2023-12-08,2024-01-12,RUT,35,1875.52,12.78,up,1,1810.0,1730.0,-0.245,-0.101,0.1732,0.2099,28,4.7,-1.75,4.7,2.95,295.0,1994.7,1994.7,2023-12-15,-23.72,0.0,-4.7,-269.68,477.0,477.0,win,roll,1
2023-12-15,2024-01-26,RUT,42,1994.7,12.28,up,1,1925.0,1835.0,-0.252,-0.102,0.1634,0.1985,35,6.45,0.08,6.45,6.53,653.0,2040.24,2040.24,2023-12-22,-18.87,0.0,-6.45,-265.58,410.0,410.0,win,roll,1
2023-12-22,2024-02-02,RUT,42,2040.24,13.83,up,1,1955.0,1840.0,-0.248,-0.098,0.1943,0.2434,35,6.8,-2.35,6.8,4.45,445.0,2053.33,2053.33,2023-12-29,-17.02,0.0,-6.8,-265.13,45.0,45.0,win,roll,1
2023-12-29,2024-02-09,RUT,42,2053.33,12.65,up,1,1970.0,1865.0,-0.246,-0.102,0.1862,0.23,35,5.8,-6.35,5.8,-0.55,-55.0,1955.11,1955.11,2024-01-05,-16.49,0.0,-5.8,-276.78,-1165.0,-1165.0,loss,roll,0
2024-01-05,2024-02-09,RUT,35,1955.11,13.56,down,0,1970.0,1865.0,-0.501,-0.216,0.389,0.2016,28,17.45,-17.45,17.45,0.0,0.0,1976.58,1976.58,2024-01-12,-20.48,0.0,-17.45,-277.38,-60.0,-60.0,loss,roll,0
2024-01-12,2024-02-23,RUT,42,1976.58,12.66,up,1,1900.0,1805.0,-0.252,-0.101,0.1824,0.2164,35,6.3,-18.05,6.3,-11.75,-1175.0,1921.41,1921.41,2024-01-19,-19.61,0.0,-6.3,-282.83,-545.0,-545.0,loss,roll,0
2024-01-19,2024-03-01,RUT,42,1921.41,13.76,down,0,1900.0,1805.0,-0.39,-0.178,0.1287,0.2075,35,9.9,-11.75,9.9,-1.85,-185.0,1986.61,1986.61,2024-01-26,-21.86,0.0,-9.9,-278.28,455.0,455.0,win,roll,1
2024-01-26,2024-03-08,RUT,42,1986.61,13.56,up,1,1910.0,1805.0,-0.254,-0.1,0.1838,0.2272,35,6.7,-5.35,6.7,1.35,135.0,1950.2,1950.2,2024-02-02,-19.2,0.0,-6.7,-282.03,-375.0,-375.0,loss,roll,0
2024-02-02,2024-03-08,RUT,35,1950.2,13.95,down,0,1910.0,1805.0,-0.341,-0.136,0.1756,0.2355,28,10.45,-10.45,10.45,0.0,0.0,1988.38,1988.38,2024-02-09,-20.68,0.0,-10.45,-279.23,280.0,280.0,win,roll,1
2024-02-09,2024-03-22,RUT,42,1988.38,12.83,up,1,1910.0,1810.0,-0.249,-0.098,0.1831,0.2206,35,7.1,-7.65,7.1,-0.55,-55.0,2035.48,2035.48,2024-02-16,-19.13,0.0,-7.1,-275.78,345.0,345.0,win,roll,1
2024-02-16,2024-03-28,RUT,41,2035.48,14.54,up,1,1940.0,1830.0,-0.243,-0.099,0.2166,0.2555,34,6.35,-3.65,6.35,2.7,270.0,2006.75,2006.75,2024-02-23,-17.22,0.0,-6.35,-278.88,-310.0,-310.0,loss,roll,0
2024-02-23,2024-04-05,RUT,42,2006.75,14.19,down,0,1940.0,1830.0,-0.289,-0.119,0.1909,0.2382,35,8.6,-9.45,8.6,-0.85,-85.0,2054.62,2054.62,2024-03-01,-18.38,0.0,-8.6,-275.88,300.0,300.0,win,roll,1
2024-03-01,2024-04-12,RUT,42,2054.62,13.28,up,1,1970.0,1860.0,-0.253,-0.1,0.1967,0.2366,35,8.0,-5.6,8.0,2.4,240.0,2112.72,2112.72,2024-03-08,-16.44,0.0,-8.0,-271.28,460.0,460.0,win,roll,1
2024-03-08,2024-04-12,RUT,35,2112.72,14.05,up,1,2035.0,1935.0,-0.254,-0.1,0.1911,0.2278,28,7.45,-3.4,7.45,4.05,405.0,2035.63,2035.63,2024-03-15,-14.07,0.0,-7.45,-280.23,-895.0,-895.0,loss,roll,0
2024-03-15,2024-04-26,RUT,42,2035.63,14.91,down,0,2035.0,1935.0,-0.448,-0.215,0.7606,0.1983,35,12.1,-16.4,12.1,-4.3,-430.0,2089.95,2089.95,2024-03-22,-17.21,0.0,-12.1,-276.53,370.0,370.0,win,roll,1
2024-03-22,2024-05-03,RUT,42,2089.95,12.91,up,1,2015.0,1915.0,-0.251,-0.1,0.1674,0.2068,35,6.15,-8.4,6.15,-2.25,-225.0,2057.63,2057.63,2024-04-05,-15.0,0.0,-6.15,-279.78,-325.0,-325.0,loss,roll,0
2024-04-05,2024-05-10,RUT,35,2057.63,16.15,down,0,2015.0,1915.0,-0.336,-0.143,0.1702,0.2252,28,8.35,-9.4,8.35,-1.05,-105.0,2027.64,2027.64,2024-04-12,-16.31,0.0,-8.35,-284.03,-425.0,-425.0,loss,roll,0
2024-04-12,2024-05-24,RUT,42,2027.64,16.8,down,0,2015.0,1915.0,-0.418,-0.197,0.0969,0.2065,35,7.7,-12.6,7.7,-4.9,-490.0,1954.56,1954.56,2024-04-19,-17.53,0.0,-7.7,-289.03,-500.0,-500.0,loss,roll,0
2024-04-19,2024-05-31,RUT,42,1954.56,18.34,down,0,2010.0,1910.0,-0.606,-0.338,0.2636,0.175,35,9.05,-12.7,9.05,-3.65,-365.0,1999.2,1999.2,2024-04-26,-20.51,5.0,-9.05,-295.08,-605.0,-605.0,loss,roll,0
2024-04-26,2024-06-07,RUT,42,1999.2,15.27,up,1,1920.0,1820.0,-0.251,-0.101,0.1862,0.2232,35,6.7,-15.1,6.7,-8.4,-840.0,2053.32,2053.32,2024-05-03,-18.69,0.0,-6.7,-291.53,355.0,355.0,win,roll,1
2024-05-03,2024-06-14,RUT,42,2053.32,13.82,up,1,1975.0,1865.0,-0.259,-0.105,0.1865,0.2339,35,8.7,-3.15,8.7,5.55,555.0,2076.71,2076.71,2024-05-10,-16.49,0.0,-8.7,-289.33,220.0,220.0,win,roll,1
2024-05-10,2024-06-14,RUT,35,2076.71,12.89,up,1,2000.0,1915.0,-0.248,-0.1,0.1868,0.2095,28,5.35,-6.5,5.35,-1.15,-115.0,2097.78,2097.78,2024-05-17,-15.54,0.0,-5.35,-287.88,145.0,145.0,win,roll,1
2024-05-17,2024-06-28,RUT,42,2097.78,12.36,up,1,2030.0,1940.0,-0.257,-0.104,0.1546,0.1882,35,6.3,-3.9,6.3,2.4,240.0,2057.01,2057.01,2024-05-24,-14.68,0.0,-6.3,-290.78,-290.0,-290.0,loss,roll,0
2024-05-24,2024-07-05,RUT,42,2057.01,12.59,down,0,2030.0,1940.0,-0.362,-0.159,0.1167,0.1785,35,8.1,-9.2,8.1,-1.1,-110.0,2068.66,2068.66,2024-05-31,-16.34,0.0,-8.1,-290.78,0.0,0.0,flat,roll,1
2024-05-31,2024-07-12,RUT,42,2068.66,13.69,up,1,1995.0,1895.0,-0.251,-0.1,0.1665,0.2074,35,6.35,-8.1,6.35,-1.75,-175.0,2034.39,2034.39,2024-06-07,-15.87,0.0,-6.35,-295.68,-490.0,-490.0,loss,roll,0
2024-06-07,2024-07-12,RUT,35,2034.39,12.58,down,0,1995.0,1895.0,-0.329,-0.118,0.1509,0.1987,28,11.25,-11.25,11.25,0.0,0.0,2013.65,2013.65,2024-06-14,-17.26,0.0,-11.25,-299.28,-360.0,-360.0,loss,roll,0
2024-06-14,2024-07-26,RUT,42,2013.65,12.52,down,0,1995.0,1895.0,-0.389,-0.158,0.1042,0.1844,35,12.65,-14.85,12.65,-2.2,-220.0,2009.14,2009.14,2024-06-21,-18.1,0.0,-12.65,-300.33,-105.0,-105.0,loss,roll,0
2024-06-21,2024-08-02,RUT,42,2009.14,13.61,down,0,1995.0,1895.0,-0.406,-0.176,0.094,0.1921,35,11.6,-13.7,11.6,-2.1,-210.0,2047.94,2047.94,2024-06-28,-18.29,0.0,-11.6,-297.73,260.0,260.0,win,roll,1
2024-06-28,2024-08-09,RUT,42,2047.94,12.3,up,1,1975.0,1885.0,-0.246,-0.099,0.162,0.1945,35,5.0,-9.0,5.0,-4.0,-400.0,2026.67,2026.67,2024-07-05,-16.71,0.0,-5.0,-300.78,-305.0,-305.0,loss,roll,0
2024-07-05,2024-08-09,RUT,35,2026.67,12.17,down,0,1975.0,1885.0,-0.276,-0.096,0.1458,0.1833,28,8.05,-8.05,8.05,0.0,0.0,2148.73,2148.73,2024-07-12,-17.57,0.0,-8.05,-293.08,770.0,770.0,win,roll,1
2024-07-12,2024-08-23,RUT,42,2148.73,12.33,up,1,2075.0,1995.0,-0.253,-0.103,0.1613,0.1773,35,3.85,-0.35,3.85,3.5,350.0,2198.35,2198.35,2024-07-19,-12.61,0.0,-3.85,-290.03,305.0,305.0,win,roll,1
2024-07-19,2024-08-30,RUT,42,2198.35,15.96,up,1,2110.0,1990.0,-0.255,-0.102,0.1932,0.2382,35,7.9,-0.8,7.9,7.1,710.0,2263.4,2263.4,2024-07-26,-10.59,0.0,-7.9,-287.83,220.0,220.0,win,roll,1
2024-07-26,2024-09-06,RUT,42,2263.4,17.38,up,1,2160.0,2040.0,-0.253,-0.1,0.2194,0.2475,35,8.95,-5.7,8.95,3.25,325.0,2113.37,2113.37,2024-08-02,-7.95,0.0,-8.95,-292.13,-430.0,-430.0,loss,roll,0
2024-08-02,2024-09-13,RUT,42,2113.37,21.55,down,0,2160.0,2040.0,-0.549,-0.316,0.3505,0.2373,35,8.15,-13.25,8.15,-5.1,-510.0,2078.15,2078.15,2024-08-09,-14.05,0.0,-8.15,-292.48,-35.0,-35.0,loss,roll,0
2024-08-09,2024-09-13,RUT,35,2078.15,24.06,down,0,2160.0,2040.0,-0.639,-0.377,0.3094,0.2144,28,8.5,-8.5,8.5,0.0,0.0,2145.89,2145.89,2024-08-16,-15.48,0.0,-8.5,-307.68,-1520.0,-1520.0,loss,roll,0
2024-08-16,2024-09-27,RUT,42,2145.89,15.38,up,1,2055.0,1935.0,-0.249,-0.099,0.198,0.2449,35,8.6,-23.7,8.6,-15.1,-1510.0,2167.48,2167.48,2024-08-23,-12.73,0.0,-8.6,-304.78,290.0,290.0,win,roll,1
2024-08-23,2024-10-04,RUT,42,2167.48,16.86,up,1,2070.0,1945.0,-0.247,-0.1,0.2089,0.2584,35,6.85,-5.7,6.85,1.15,115.0,2210.31,2210.31,2024-08-30,-11.85,0.0,-6.85,-302.18,260.0,260.0,win,roll,1
2024-08-30,2024-10-11,RUT,42,2210.31,15.1,up,1,2115.0,1985.0,-0.249,-0.1,0.2018,0.2564,35,8.4,-4.25,8.4,4.15,415.0,2134.78,2134.78,2024-09-06,-10.11,0.0,-8.4,-310.23,-805.0,-805.0,loss,roll,0
2024-09-06,2024-10-11,RUT,35,2134.78,20.17,down,0,2115.0,1985.0,-0.41,-0.169,0.1459,0.2556,28,16.45,-16.45,16.45,0.0,0.0,2164.84,2164.84,2024-09-13,-13.18,0.0,-16.45,-309.23,100.0,100.0,win,roll,1
2024-09-13,2024-10-25,RUT,42,2164.84,16.83,up,1,2065.0,1920.0,-0.254,-0.099,0.2228,0.2862,35,10.55,-15.45,10.55,-4.9,-490.0,2236.3,2236.3,2024-09-20,-11.95,0.0,-10.55,-303.07,616.0,616.0,win,roll,1
2024-09-20,2024-11-01,RUT,42,2236.3,16.32,up,1,2140.0,2015.0,-0.248,-0.099,0.2004,0.2463,35,7.85,-4.4,7.85,3.45,345.0,2225.68,2225.68,2024-09-27,-9.05,0.0,-7.85,-304.42,-135.0,-135.0,loss,roll,0
2024-09-27,2024-11-08,RUT,42,2225.68,15.48,down,0,2140.0,2015.0,-0.282,-0.121,0.2143,0.26,35,7.95,-9.2,7.95,-1.25,-125.0,2206.13,2206.13,2024-10-04,-9.48,0.0,-7.95,-305.62,-120.0,-120.0,loss,roll,0
2024-10-04,2024-11-08,RUT,35,2206.13,19.69,down,0,2140.0,2015.0,-0.321,-0.144,0.2284,0.2871,28,9.15,-9.15,9.15,0.0,0.0,2205.3,2205.3,2024-10-11,-10.28,0.0,-9.15,-307.22,-160.0,-160.0,loss,roll,0
2024-10-11,2024-11-22,RUT,42,2205.3,20.6,down,0,2140.0,2015.0,-0.319,-0.146,0.2035,0.2633,35,7.55,-10.75,7.55,-3.2,-320.0,2284.35,2284.35,2024-10-18,-10.31,0.0,-7.55,-303.87,335.0,335.0,win,roll,1
2024-10-18,2024-11-29,RUT,42,2284.35,18.85,up,1,2180.0,2040.0,-0.253,-0.101,0.2197,0.2714,35,8.3,-4.2,8.3,4.1,410.0,2229.01,2229.01,2024-10-25,-7.09,0.0,-8.3,-311.27,-740.0,-740.0,loss,roll,0
2024-10-25,2024-12-06,RUT,42,2229.01,18.36,down,0,2180.0,2040.0,-0.351,-0.145,0.1866,0.257,35,13.6,-15.7,13.6,-2.1,-210.0,2223.08,2223.08,2024-11-01,-9.35,0.0,-13.6,-313.42,-215.0,-215.0,loss,roll,0
2024-11-01,2024-12-13,RUT,42,2223.08,21.61,down,0,2180.0,2040.0,-0.369,-0.161,0.1904,0.2678,35,13.75,-15.75,13.75,-2.0,-200.0,2384.8,2384.8,2024-11-08,-9.59,0.0,-13.75,-301.12,1230.0,1230.0,win,roll,1
2024-11-08,2024-12-20,RUT,42,2384.8,14.79,up,1,2290.0,2160.0,-0.251,-0.098,0.1868,0.2327,35,8.7,-1.45,8.7,7.25,725.0,2327.15,2327.15,2024-11-15,-3.01,0.0,-8.7,-307.07,-595.0,-595.0,loss,roll,0
2024-11-15,2024-12-27,RUT,42,2327.15,14.96,down,0,2290.0,2160.0,-0.367,-0.155,0.1515,0.2245,35,13.15,-14.65,13.15,-1.5,-150.0,2387.37,2387.37,2024-11-22,-5.35,0.0,-13.15,-302.37,470.0,470.0,win,roll,1
2024-11-22,2025-01-03,RUT,42,2387.37,16.1,up,1,2285.0,2155.0,-0.25,-0.1,0.2018,0.2437,35,7.3,-8.45,7.3,-1.15,-115.0,2439.67,2439.67,2024-11-29,-2.9,0.0,-7.3,-298.87,350.0,350.0,win,roll,1
2024-11-29,2025-01-10,RUT,42,2439.67,13.67,up,1,2335.0,2200.0,-0.249,-0.1,0.2013,0.2463,35,8.15,-3.8,8.15,4.35,435.0,2407.54,2407.54,2024-12-06,-1.08,0.0,-8.15,-302.02,-315.0,-315.0,loss,roll,0
2024-12-06,2025-01-17,RUT,42,2407.54,13.07,down,0,2335.0,2200.0,-0.287,-0.108,0.1694,0.2212,35,10.85,-11.3,10.85,-0.45,-45.0,2354.17,2354.17,2024-12-13,-2.39,0.0,-10.85,-310.07,-805.0,-805.0,loss,roll,0
2024-12-13,2025-01-24,RUT,42,2354.17,13.46,down,0,2335.0,2200.0,-0.404,-0.159,0.1072,0.2074,35,17.35,-18.9,17.35,-1.55,-155.0,2227.76,2227.76,2024-12-20,-4.55,0.0,-17.35,-310.22,-15.0,-15.0,loss,roll,0
2024-12-20,2025-01-31,RUT,42,2227.76,22.35,down,0,2335.0,2200.0,-0.679,-0.398,0.2709,0.1605,35,10.2,-17.5,10.2,-7.3,-730.0,2268.88,2268.88,2024-12-27,-9.68,0.0,-10.2,-329.52,-1930.0,-1930.0,loss,roll,0
2024-12-27,2025-02-07,RUT,42,2268.88,16.47,up,1,2170.0,2035.0,-0.252,-0.099,0.2074,0.2579,35,8.1,-29.5,8.1,-21.4,-2140.0,2238.88,2238.88,2025-01-03,-8.01,0.0,-8.1,-333.57,-405.0,-405.0,loss,roll,0
2025-01-03,2025-02-14,RUT,42,2238.88,17.44,down,0,2170.0,2035.0,-0.311,-0.123,0.2003,0.2521,35,10.9,-12.15,10.9,-1.25,-125.0,2200.22,2200.22,2025-01-10,-9.22,0.0,-10.9,-337.92,-435.0,-435.0,loss,roll,0
2025-01-10,2025-02-21,RUT,42,2200.22,19.22,down,0,2170.0,2025.0,-0.389,-0.159,0.1595,0.2559,35,16.35,-15.25,16.35,1.1,110.0,2284.95,2284.95,2025-01-17,-10.79,10.0,-16.35,-329.67,825.0,825.0,win,roll,1
2025-01-17,2025-02-28,RUT,42,2284.95,15.82,up,1,2195.0,2080.0,-0.247,-0.098,0.1812,0.2206,35,7.05,-8.1,7.05,-1.05,-105.0,2306.41,2306.41,2025-01-24,-7.36,0.0,-7.05,-327.92,175.0,175.0,win,roll,1
2025-01-24,2025-02-28,RUT,35,2306.41,14.75,up,1,2225.0,2115.0,-0.253,-0.1,0.1823,0.2239,28,7.15,-5.3,7.15,1.85,185.0,2307.26,2307.26,2025-01-31,-6.49,0.0,-7.15,-329.07,-115.0,-115.0,loss,roll,0
2025-01-31,2025-03-14,RUT,42,2307.26,15.31,up,1,2220.0,2100.0,-0.253,-0.1,0.1794,0.2234,35,8.1,-8.3,8.1,-0.2,-20.0,2310.45,2310.45,2025-02-07,-6.45,0.0,-8.1,-329.02,5.0,5.0,win,roll,1
2025-02-07,2025-03-21,RUT,42,2310.45,14.85,up,1,2220.0,2100.0,-0.251,-0.101,0.1835,0.228,35,7.85,-8.05,7.85,-0.2,-20.0,2294.2,2294.2,2025-02-14,-6.32,0.0,-7.85,-330.82,-180.0,-180.0,loss,roll,0
2025-02-14,2025-03-28,RUT,42,2294.2,14.99,down,0,2220.0,2100.0,-0.273,-0.104,0.168,0.2134,35,9.05,-9.65,9.05,-0.6,-60.0,2256.53,2256.53,2025-02-21,-6.98,0.0,-9.05,-335.22,-440.0,-440.0,loss,roll,0
2025-02-21,2025-04-04,RUT,42,2256.53,15.7,down,0,2220.0,2100.0,-0.359,-0.158,0.1427,0.2199,35,11.8,-13.45,11.8,-1.65,-165.0,2137.23,2137.23,2025-02-28,-8.51,0.0,-11.8,-337.62,-240.0,-240.0,loss,roll,0
2025-02-28,2025-04-11,RUT,42,2137.23,20.95,down,0,2220.0,2100.0,-0.64,-0.372,0.277,0.1743,35,9.55,-14.2,9.55,-4.65,-465.0,2074.0,2074.0,2025-03-07,-13.35,0.0,-9.55,-328.62,900.0,900.0,win,roll,1
2025-03-07,2025-04-17,RUT,41,2074.0,24.11,down,0,2220.0,2100.0,-0.75,-0.509,0.2809,0.4052,34,-4.25,-0.55,-4.25,-4.8,-480.0,2023.36,2023.36,2025-03-14,-15.91,0.0,4.25,-326.17,245.0,245.0,win,roll,1
2025-03-14,2025-04-25,RUT,42,2023.36,23.38,down,0,2220.0,2100.0,-0.827,-0.619,0.2765,0.3084,35,-12.85,6.7,-12.85,-6.15,-615.0,2047.88,2047.88,2025-03-21,-17.96,0.0,12.85,-345.82,-1965.0,-1965.0,loss,roll,0
2025-03-21,2025-05-02,RUT,42,2047.88,20.54,up,1,1950.0,1830.0,-0.249,-0.101,0.2258,0.2698,35,7.85,-6.8,7.85,1.05,105.0,2048.09,2048.09,2025-03-28,-16.97,0.0,-7.85,-346.57,-75.0,-75.0,loss,roll,0
2025-03-28,2025-05-09,RUT,42,2048.09,19.46,up,1,1955.0,1880.0,-0.253,-0.135,0.2185,0.238,35,-0.4,-8.6,-0.4,-9.0,-900.0,1834.97,1834.97,2025-04-04,-16.96,0.0,0.4,-288.22,5835.0,5835.0,win,roll,1
2025-04-04,2025-05-16,RUT,42,1834.97,35.84,down,0,1955.0,1880.0,-0.674,-0.536,0.3639,0.4334,35,-65.1,58.75,-65.1,-6.35,-635.0,1829.53,1829.53,2025-04-11,-25.6,0.0,65.1,-286.47,175.0,175.0,win,roll,1
2025-04-11,2025-05-23,RUT,42,1829.53,42.42,down,0,1955.0,1880.0,-0.676,-0.536,0.3762,0.4688,35,-72.6,66.85,-72.6,-5.75,-575.0,1940.13,1940.13,2025-04-25,-25.82,0.0,72.6,-349.97,-6350.0,-6350.0,loss,roll,0
2025-04-25,2025-06-06,RUT,42,1940.13,27.1,up,1,1825.0,1730.0,-0.249,-0.142,0.2867,0.3325,35,-0.35,9.1,-0.35,8.75,875.0,2000.65,2000.65,2025-05-02,-21.34,0.0,0.35,-351.17,-120.0,-120.0,loss,roll,0
2025-05-02,2025-06-13,RUT,42,2000.65,23.04,up,1,1895.0,1780.0,-0.252,-0.118,0.2558,0.3043,35,4.3,-0.85,4.3,3.45,345.0,2035.39,2035.39,2025-05-09,-18.88,0.0,-4.3,-351.37,-20.0,-20.0,loss,roll,0
2025-05-09,2025-06-20,RUT,42,2035.39,21.95,up,1,1930.0,1800.0,-0.246,-0.101,0.2425,0.2953,35,7.65,-4.5,7.65,3.15,315.0,2102.85,2102.85,2025-05-16,-17.48,0.0,-7.65,-346.12,525.0,525.0,win,roll,1
2025-05-16,2025-06-27,RUT,42,2102.85,17.48,up,1,2020.0,1895.0,-0.255,-0.099,0.1887,0.2459,35,6.75,-2.4,6.75,4.35,435.0,2027.47,2027.47,2025-05-23,-14.74,0.0,-6.75,-348.72,-260.0,-260.0,loss,roll,0
2025-05-23,2025-06-30,RUT,38,2027.47,23.2,down,0,2020.0,1890.0,-0.438,-0.202,0.0798,0.2748,31,10.15,-9.35,10.15,0.8,80.0,2053.72,2053.72,2025-05-30,-17.8,5.0,-10.15,-351.22,-250.0,-250.0,loss,roll,0
2025-05-30,2025-07-11,RUT,42,2053.72,19.7,up,1,1955.0,1815.0,-0.252,-0.101,0.231,0.2977,35,7.25,-12.65,7.25,-5.4,-540.0,2123.62,2123.62,2025-06-06,-16.73,0.0,-7.25,-347.32,390.0,390.0,win,roll,1
2025-06-06,2025-07-18,RUT,42,2123.62,17.2,up,1,2030.0,1900.0,-0.249,-0.098,0.2071,0.2622,35,7.2,-3.35,7.2,3.85,385.0,2105.76,2105.76,2025-06-13,-13.9,0.0,-7.2,-348.52,-120.0,-120.0,loss,roll,0
2025-06-13,2025-07-25,RUT,42,2105.76,20.48,down,0,2030.0,1900.0,-0.295,-0.124,0.2154,0.2737,35,7.2,-8.4,7.2,-1.2,-120.0,2122.7,2122.7,2025-06-20,-14.62,0.0,-7.2,-349.17,-65.0,-65.0,loss,roll,0
2025-06-20,2025-08-01,RUT,42,2122.7,19.64,up,1,2020.0,1880.0,-0.248,-0.099,0.2272,0.2884,35,7.5,-7.85,7.5,-0.35,-35.0,2175.36,2175.36,2025-06-27,-13.94,0.0,-7.5,-346.22,295.0,295.0,win,roll,1
2025-06-27,2025-08-08,RUT,42,2175.36,16.28,up,1,2080.0,1955.0,-0.248,-0.1,0.205,0.2547,35,6.6,-4.55,6.6,2.05,205.0,2246.78,2246.78,2025-07-11,-11.8,0.0,-6.6,-343.67,255.0,255.0,win,roll,1
2025-07-11,2025-08-22,RUT,42,2246.78,16.62,up,1,2145.0,2015.0,-0.249,-0.101,0.2127,0.2608,35,7.8,-4.05,7.8,3.75,375.0,2261.94,2261.94,2025-07-18,-8.9,0.0,-7.8,-342.82,85.0,85.0,win,roll,1
2025-07-18,2025-08-29,RUT,42,2261.94,16.38,up,1,2160.0,2020.0,-0.25,-0.097,0.2127,0.2665,35,8.4,-6.95,8.4,1.45,145.0,2249.53,2249.53,2025-07-25,-8.29,0.0,-8.4,-344.67,-185.0,-185.0,loss,roll,0
2025-07-25,2025-09-05,RUT,42,2249.53,15.25,down,0,2160.0,2055.0,-0.265,-0.131,0.2011,0.2464,35,2.75,-10.25,2.75,-7.5,-750.0,2151.37,2151.37,2025-08-01,-8.79,35.0,-2.75,-341.77,290.0,290.0,win,roll,1
2025-08-01,2025-09-12,RUT,42,2151.37,20.89,down,0,2160.0,2055.0,-0.472,-0.281,0.546,0.2513,35,-4.3,0.15,-4.3,-4.15,-415.0,2220.06,2220.06,2025-08-08,-12.77,0.0,4.3,-351.27,-950.0,-950.0,loss,roll,0
2025-08-08,2025-09-19,RUT,42,2220.06,15.89,up,1,2120.0,1975.0,-0.254,-0.099,0.218,0.2779,35,8.55,-5.2,8.55,3.35,335.0,2294.67,2294.67,2025-08-15,-9.99,0.0,-8.55,-347.57,370.0,370.0,win,roll,1
2025-08-15,2025-09-26,RUT,42,2294.67,14.93,up,1,2200.0,2080.0,-0.257,-0.101,0.2005,0.2343,35,5.45,-4.85,5.45,0.6,60.0,2289.23,2289.23,2025-08-22,-6.96,0.0,-5.45,-349.67,-210.0,-210.0,loss,roll,0
2025-08-22,2025-10-03,RUT,42,2289.23,16.45,down,0,2200.0,2080.0,-0.277,-0.128,0.2108,0.2582,35,5.4,-7.55,5.4,-2.15,-215.0,2375.74,2375.74,2025-08-29,-7.18,0.0,-5.4,-346.97,270.0,270.0,win,roll,1
2025-08-29,2025-10-10,RUT,42,2375.74,15.29,up,1,2275.0,2150.0,-0.25,-0.099,0.1995,0.2361,35,7.25,-2.7,7.25,4.55,455.0,2405.14,2405.14,2025-09-05,-3.68,0.0,-7.25,-345.07,190.0,190.0,win,roll,1
2025-09-05,2025-10-17,RUT,42,2405.14,14.99,up,1,2300.0,2170.0,-0.244,-0.1,0.1997,0.2448,35,7.45,-5.35,7.45,2.1,210.0,2411.82,2411.82,2025-09-12,-2.48,0.0,-7.45,-345.77,-70.0,-70.0,loss,roll,0
2025-09-12,2025-10-24,RUT,42,2411.82,14.65,up,1,2315.0,2195.0,-0.254,-0.103,0.1915,0.2265,35,6.75,-8.15,6.75,-1.4,-140.0,2465.2,2465.2,2025-09-19,-2.21,0.0,-6.75,-343.47,230.0,230.0,win,roll,1
2025-09-19,2025-10-31,RUT,42,2465.2,15.68,up,1,2360.0,2225.0,-0.247,-0.1,0.1973,0.2432,35,8.1,-4.45,8.1,3.65,365.0,2430.71,2430.71,2025-09-26,-0.27,0.0,-8.1,-347.27,-380.0,-380.0,loss,roll,0
2025-09-26,2025-11-07,RUT,42,2430.71,16.17,down,0,2360.0,2225.0,-0.309,-0.131,0.1858,0.2409,35,10.3,-11.9,10.3,-1.6,-160.0,2484.25,2484.25,2025-10-03,-2.32,0.0,-10.3,-342.67,460.0,460.0,win,roll,1
2025-10-03,2025-11-14,RUT,42,2484.25,16.49,up,1,2385.0,2245.0,-0.254,-0.103,0.1909,0.2439,35,7.95,-5.7,7.95,2.25,225.0,2479.69,2479.69,2025-10-10,-0.17,0.0,-7.95,-343.87,-120.0,-120.0,loss,roll,0
2025-10-10,2025-11-21,RUT,42,2479.69,16.32,down,0,2380.0,2240.0,-0.259,-0.105,0.1971,0.2478,35,8.55,-9.15,8.55,-0.6,-60.0,2460.83,2460.83,2025-10-17,-0.88,5.0,-8.55,-340.82,305.0,305.0,win,roll,1
2025-10-17,2025-11-28,RUT,42,2460.83,24.23,down,0,2380.0,2240.0,-0.319,-0.16,0.2287,0.2937,35,3.9,-5.5,3.9,-1.6,-160.0,2523.17,2523.17,2025-10-24,-3.17,0.0,-3.9,-342.97,-215.0,-215.0,loss,roll,0
2025-10-24,2025-12-05,RUT,42,2523.17,16.47,up,1,2420.0,2280.0,-0.253,-0.1,0.195,0.2412,35,8.8,-6.05,8.8,2.75,275.0,2476.82,2476.82,2025-10-31,-0.71,0.0,-8.8,-348.92,-595.0,-595.0,loss,roll,0
2025-10-31,2025-12-12,RUT,42,2476.82,16.75,down,0,2420.0,2280.0,-0.345,-0.152,0.1861,0.2481,35,12.2,-14.75,12.2,-2.55,-255.0,2406.79,2406.79,2025-11-07,-2.54,0.0,-12.2,-351.47,-255.0,-255.0,loss,roll,0
2025-11-07,2025-12-19,RUT,42,2406.79,20.84,down,0,2420.0,2280.0,-0.479,-0.247,0.5049,0.2486,35,11.55,-14.75,11.55,-3.2,-320.0,2379.8,2379.8,2025-11-14,-5.29,0.0,-11.55,-354.12,-265.0,-265.0,loss,roll,0
2025-11-14,2025-12-26,RUT,42,2379.8,21.56,down,0,2420.0,2280.0,-0.533,-0.283,0.3499,0.2364,35,10.95,-14.2,10.95,-3.25,-325.0,2320.7,2320.7,2025-11-21,-6.36,0.0,-10.95,-355.82,-170.0,-170.0,loss,roll,0
2025-11-21,2026-01-02,RUT,42,2320.7,25.91,down,0,2420.0,2280.0,-0.652,-0.379,0.2818,0.1881,35,7.95,-12.65,7.95,-4.7,-470.0,2495.19,2495.19,2025-11-28,-8.68,0.0,-7.95,-360.02,-420.0,-420.0,loss,roll,0
2025-11-28,2026-01-09,RUT,42,2495.19,16.91,up,1,2390.0,2245.0,-0.254,-0.101,0.2018,0.2527,35,8.75,-12.15,8.75,-3.4,-340.0,2526.13,2526.13,2025-12-05,-1.81,0.0,-8.75,-358.42,160.0,160.0,win,roll,1
2025-12-05,2026-01-16,RUT,42,2526.13,15.85,up,1,2420.0,2280.0,-0.249,-0.102,0.1965,0.2465,35,7.65,-7.15,7.65,0.5,50.0,2588.58,2588.58,2025-12-12,-0.6,0.0,-7.65,-355.12,330.0,330.0,win,roll,1
2025-12-12,2026-01-23,RUT,42,2588.58,15.06,up,1,2485.0,2350.0,-0.246,-0.101,0.1835,0.2302,35,7.15,-4.35,7.15,2.8,280.0,2528.16,2528.16,2025-12-19,-0.26,0.0,-7.15,-360.52,-540.0,-540.0,loss,roll,0
2025-12-19,2026-01-30,RUT,42,2528.16,15.48,down,0,2485.0,2350.0,-0.352,-0.149,0.1422,0.2142,35,11.15,-12.55,11.15,-1.4,-140.0,2534.23,2534.23,2025-12-26,-2.58,0.0,-11.15,-361.67,-115.0,-115.0,loss,roll,0
2025-12-26,2026-02-06,RUT,42,2534.23,14.17,up,1,2440.0,2300.0,-0.254,-0.099,0.1765,0.2288,35,7.9,-12.3,7.9,-4.4,-440.0,2494.44,2494.44,2026-01-02,-2.35,0.0,-7.9,-367.77,-610.0,-610.0,loss,roll,0
2026-01-02,2026-02-13,RUT,42,2494.44,14.68,down,0,2440.0,2300.0,-0.326,-0.126,0.153,0.2154,35,12.55,-14.0,12.55,-1.45,-145.0,2625.72,2625.72,2026-01-09,-3.88,0.0,-12.55,-358.67,910.0,910.0,win,roll,1
2026-01-09,2026-02-20,RUT,42,2625.72,15.47,up,1,2520.0,2390.0,-0.244,-0.103,0.1829,0.2265,35,6.95,-3.45,6.95,3.5,350.0,2677.74,2677.74,2026-01-16,-0.28,0.0,-6.95,-356.82,185.0,185.0,win,roll,1
2026-01-16,2026-02-27,RUT,42,2677.74,15.9,up,1,2570.0,2430.0,-0.247,-0.101,0.1856,0.2317,35,7.7,-5.1,7.7,2.6,260.0,2702.32,2702.32,2026-01-23,-0.42,0.0,-7.7,-356.73,9.0,9.0,win,roll,1
2026-01-23,2026-03-06,RUT,42,2702.32,15.85,up,1,2590.0,2455.0,-0.248,-0.1,0.1928,0.2272,35,6.95,-7.6,6.95,-0.65,-65.0,2624.88,2624.88,2026-01-30,-1.2,0.0,-6.95,-360.18,-345.0,-345.0,loss,roll,0
2026-01-30,2026-03-13,RUT,42,2624.88,17.49,down,0,2590.0,2455.0,-0.386,-0.191,0.1493,0.2361,35,7.85,-10.4,7.85,-2.55,-255.0,2631.43,2631.43,2026-02-06,-4.03,0.0,-7.85,-360.68,-50.0,-50.0,loss,roll,0
2026-02-06,2026-03-20,RUT,42,2631.43,19.14,up,1,2500.0,2325.0,-0.249,-0.099,0.2376,0.2954,35,10.05,-8.35,10.05,1.7,170.0,2624.07,2624.07,2026-02-13,-3.79,0.0,-10.05,-362.57,-189.0,-189.0,loss,roll,0
2026-02-13,2026-03-27,RUT,42,2624.07,21.95,down,0,2500.0,2325.0,-0.268,-0.112,0.2477,0.3066,35,10.6,-11.95,10.6,-1.35,-135.0,2655.17,2655.17,2026-02-20,-4.06,0.0,-10.6,-361.27,130.0,130.0,win,roll,1
2026-02-20,2026-03-31,RUT,39,2655.17,20.2,up,1,2520.0,2345.0,-0.249,-0.101,0.2518,0.3103,32,10.0,-9.3,10.0,0.7,70.0,2621.73,2621.73,2026-02-27,-2.92,0.0,-10.0,-364.02,-275.0,-275.0,loss,roll,0
2026-02-27,2026-04-10,RUT,42,2621.73,21.37,down,0,2520.0,2345.0,-0.3,-0.131,0.2412,0.3068,35,10.55,-12.75,10.55,-2.2,-220.0,2520.89,2520.89,2026-03-06,-4.15,0.0,-10.55,-366.02,-200.0,-200.0,loss,roll,0
2026-03-06,2026-04-17,RUT,42,2520.89,27.9,down,0,2520.0,2345.0,-0.454,-0.234,0.6782,0.318,35,8.45,-12.55,8.45,-4.1,-410.0,2512.24,2512.24,2026-03-13,-7.83,0.0,-8.45,-373.02,-700.0,-700.0,loss,roll,0
2026-03-13,2026-04-24,RUT,42,2512.24,25.28,down,0,2520.0,2345.0,-0.467,-0.239,0.5831,0.3087,35,11.5,-15.45,11.5,-3.95,-395.0,2473.37,2473.37,2026-03-20,-8.15,0.0,-11.5,-379.62,-660.0,-660.0,loss,roll,0
2026-03-20,2026-05-01,RUT,42,2473.37,25.81,down,0,2520.0,2345.0,-0.529,-0.282,0.3953,0.2987,35,12.3,-18.1,12.3,-5.8,-580.0,2464.32,2464.32,2026-03-27,-9.57,0.0,-12.3,-376.08,354.0,354.0,win,roll,1
2026-03-27,2026-05-08,RUT,42,2464.32,30.01,down,0,2520.0,2345.0,-0.533,-0.307,0.4242,0.3251,35,1.95,-8.75,1.95,-6.8,-680.0,2639.74,2639.74,2026-04-10,-9.9,0.0,-1.95,-386.88,-1080.0,-1080.0,loss,roll,0
2026-04-10,2026-05-22,RUT,42,2639.74,18.99,up,1,2510.0,2345.0,-0.248,-0.1,0.2312,0.2831,35,8.85,-12.75,8.85,-3.9,-390.0,2758.17,2758.17,2026-04-17,-3.49,0.0,-8.85,-381.88,500.0,500.0,win,roll,1
2026-04-17,2026-05-29,RUT,42,2758.17,17.64,up,1,2635.0,2465.0,-0.25,-0.1,0.2113,0.2685,35,9.25,-3.85,9.25,5.4,540.0,2769.29,2769.29,2026-04-24,-0.13,0.0,-9.25,-382.28,-40.0,-40.0,loss,roll,0
2026-04-24,2026-06-05,RUT,42,2769.29,19.16,up,1,2630.0,2510.0,-0.25,-0.135,0.2399,0.2742,35,-2.25,-9.65,-2.25,-11.9,-1190.0,2799.46,2799.46,2026-05-01,-1.72,0.0,2.25,-386.98,-470.0,-470.0,loss,roll,0
2026-05-01,2026-06-12,RUT,42,2799.46,16.58,up,1,2675.0,2505.0,-0.253,-0.101,0.2134,0.2657,35,11.0,-2.45,11.0,8.55,855.0,2845.0,2845.0,2026-05-08,-0.64,0.0,-11.0,-385.03,195.0,195.0,win,roll,1
2026-05-08,2026-06-18,RUT,41,2845.0,17.04,up,1,2715.0,2550.0,-0.249,-0.1,0.2182,0.264,34,10.95,-9.05,10.95,1.9,190.0,2798.64,2798.64,2026-05-15,-1.5,0.0,-10.95,-385.88,-85.0,-85.0,loss,roll,0
2026-05-15,2026-06-26,RUT,42,2798.64,18.7,down,0,2715.0,2550.0,-0.32,-0.146,0.2073,0.2725,35,9.4,-11.8,9.4,-2.4,-240.0,2871.15,2871.15,2026-05-22,-3.1,0.0,-9.4,-385.03,85.0,85.0,win,roll,1
2026-05-22,2026-06-30,RUT,39,2871.15,16.84,up,1,2740.0,2570.0,-0.248,-0.1,0.222,0.2744,32,10.2,-8.55,10.2,1.65,165.0,2923.49,2923.49,2026-05-29,-0.59,0.0,-10.2,-383.03,200.0,200.0,win,roll,1
2026-05-29,2026-07-10,RUT,42,2923.49,15.6,up,1,2790.0,2625.0,-0.247,-0.1,0.2127,0.2566,35,10.25,-8.2,10.25,2.05,205.0,,,,-0.64,0.0,-10.25,-383.03,0.0,0.0,open,open,1
