trade_date,exp_date,underlying,dte_entry,spot_entry,spot_exit,vix_entry,long_put,short_put,short_call,long_call,put_width,call_width,delta_put,delta_call,total_credit,credit_pts,max_risk_usd,pnl_usd,pnl_usd_at_exp,effective_close_date,result,exit_method,in_range,pnl_reiner,pnl_hold,pnl_tp25,pnl_tp40,pnl_tp50,pnl_tp75,pnl_dte5,pnl_dte2,pnl_sm30,pnl_tested
2021-06-07,2021-07-23,SPX,46,4229.62,4411.81,16.86,3450,3925,4150,4170,475,20,-0.1504,0.6466,3355.0,33.55,44145.0,1355.0,1355.0,2021-07-23,WIN,hold,1,1165.0,1355.0,885.0,1365.0,1355.0,1355.0,1165.0,1265.0,1355.0,1355.0
2021-06-14,2021-07-30,SPX,46,4242.32,4395.29,16.3,3460,3945,4165,4185,485,20,-0.1493,0.6477,3335.0,33.35,45165.0,1335.0,1335.0,2021-07-30,WIN,hold,1,485.0,1335.0,895.0,1335.0,1335.0,1335.0,485.0,1135.0,1335.0,1335.0
2021-06-21,2021-08-06,SPX,46,4184.32,4436.54,20.08,3350,3840,4090,4110,490,20,-0.1512,0.6483,3725.0,37.25,45275.0,1725.0,1725.0,2021-08-06,WIN,hold,1,1495.0,1725.0,965.0,1495.0,1725.0,1725.0,835.0,865.0,1725.0,1725.0
2021-06-28,2021-08-13,SPX,46,4279.57,4468.09,16.08,3500,3990,4200,4220,490,20,-0.1484,0.6558,3315.0,33.15,45685.0,1315.0,1315.0,2021-08-13,WIN,hold,1,855.0,1315.0,835.0,1315.0,1315.0,1315.0,855.0,995.0,1315.0,1315.0
2021-07-12,2021-08-27,SPX,46,4370.74,4509.38,16.64,3575,4050,4290,4310,475,20,-0.148,0.6451,3440.0,34.4,44060.0,1440.0,1440.0,2021-08-27,WIN,hold,1,1380.0,1440.0,860.0,1380.0,1440.0,1440.0,480.0,1370.0,1440.0,1440.0
2021-07-19,2021-09-03,SPX,46,4277.21,4535.54,21.2,3425,3900,4170,4190,475,20,-0.1516,0.6525,3900.0,39.0,43600.0,1900.0,1900.0,2021-09-03,WIN,hold,1,1580.0,1900.0,1030.0,1580.0,1900.0,1900.0,1110.0,1760.0,1900.0,1900.0
2021-07-26,2021-09-10,SPX,46,4409.62,4458.55,18.39,3575,4060,4320,4340,485,20,-0.149,0.6474,3635.0,36.35,44865.0,1635.0,1635.0,2021-09-10,WIN,hold,1,1465.0,1635.0,925.0,1465.0,1635.0,1635.0,1335.0,1555.0,1635.0,1635.0
2021-08-02,2021-09-17,SPX,46,4415.63,4432.7,18.53,3590,4070,4325,4345,480,20,-0.15,0.6481,3665.0,36.65,44335.0,1665.0,1665.0,2021-09-17,WIN,hold,1,1475.0,1665.0,925.0,1475.0,1665.0,1665.0,1545.0,1525.0,1665.0,1665.0
2021-08-09,2021-09-24,SPX,46,4429.21,4455.57,17.25,3600,4090,4340,4360,490,20,-0.1494,0.6497,3630.0,36.3,45370.0,1630.0,1630.0,2021-09-24,WIN,hold,1,1480.0,1630.0,930.0,1480.0,1840.0,1630.0,1760.0,2020.0,1630.0,1630.0
2021-08-16,2021-09-30,SPX,45,4448.59,4307.44,17.29,3635,4115,4360,4380,480,20,-0.1504,0.6517,3590.0,35.9,44410.0,3590.0,3590.0,2021-09-30,WIN,hold,1,1620.0,3590.0,910.0,1620.0,1890.0,2900.0,1570.0,1890.0,3590.0,3590.0
2021-08-30,2021-10-15,SPX,46,4515.73,4471.48,16.52,3710,4190,4430,4450,480,20,-0.1517,0.6505,3505.0,35.05,44495.0,1505.0,1505.0,2021-10-15,WIN,hold,1,1525.0,1505.0,925.0,1525.0,1775.0,2665.0,2505.0,3215.0,1505.0,1505.0
2021-09-13,2021-10-29,SPX,46,4476.15,4605.36,19.72,3620,4100,4380,4400,480,20,-0.1496,0.6478,3720.0,37.2,44280.0,1720.0,1720.0,2021-10-29,WIN,hold,1,1540.0,1720.0,1020.0,1540.0,1720.0,1720.0,1430.0,1600.0,1720.0,1720.0
2021-09-20,2021-11-05,SPX,46,4379.82,4697.6,24.07,3475,3950,4260,4280,475,20,-0.146,0.6535,3990.0,39.9,43510.0,1990.0,1990.0,2021-11-05,WIN,hold,1,1670.0,1990.0,1020.0,1670.0,1990.0,1990.0,-210.0,1870.0,1990.0,1990.0
2021-09-27,2021-11-12,SPX,46,4441.41,4682.82,18.97,3600,4080,4340,4360,480,20,-0.1496,0.6538,3755.0,37.55,44245.0,1755.0,1755.0,2021-11-12,WIN,hold,1,1525.0,1755.0,945.0,1525.0,1755.0,1755.0,1445.0,1625.0,1755.0,1755.0
2021-10-04,2021-11-19,SPX,46,4340.54,4697.98,22.34,3460,3940,4225,4245,480,20,-0.149,0.6524,4085.0,40.85,43915.0,2085.0,2085.0,2021-11-19,WIN,hold,1,1695.0,2085.0,1035.0,1695.0,2085.0,2085.0,1725.0,1765.0,2085.0,2085.0
2021-10-11,2021-11-26,SPX,46,4396.24,4596.63,19.11,3550,4040,4295,4315,490,20,-0.1509,0.6504,3910.0,39.1,45090.0,1910.0,1910.0,2021-11-26,WIN,hold,1,1570.0,1910.0,1040.0,1570.0,1910.0,1910.0,460.0,550.0,-8080.0,1910.0
2021-10-18,2021-12-03,SPX,46,4459.91,4577.1,17.25,3650,4120,4370,4390,470,20,-0.1495,0.6473,3650.0,36.5,43350.0,1650.0,1650.0,2021-12-03,WIN,hold,1,580.0,1650.0,950.0,1540.0,1650.0,1650.0,580.0,280.0,1650.0,1650.0
2021-10-25,2021-12-10,SPX,46,4542.89,4712.05,16.08,3725,4210,4450,4470,485,20,-0.1498,0.6544,3615.0,36.15,44885.0,1615.0,1615.0,2021-12-10,WIN,hold,1,1205.0,1615.0,1015.0,1465.0,1615.0,1615.0,1205.0,1475.0,1615.0,1615.0
2021-11-01,2021-12-17,SPX,46,4612.9,4620.55,16.93,3785,4265,4520,4540,480,20,-0.1499,0.6474,3625.0,36.25,44375.0,1625.0,1625.0,2021-12-17,WIN,hold,1,1385.0,1625.0,935.0,1785.0,1825.0,1625.0,1385.0,1805.0,1625.0,1625.0
2021-11-08,2021-12-23,SPX,45,4708.21,4725.72,16.83,3900,4370,4620,4640,470,20,-0.1483,0.6462,3510.0,35.1,43490.0,1510.0,1510.0,2021-12-23,WIN,hold,1,1410.0,1510.0,930.0,1410.0,1910.0,2670.0,2110.0,2650.0,1510.0,1510.0
2021-11-15,2021-12-31,SPX,46,4691.79,4766.24,16.89,3875,4355,4600,4620,480,20,-0.151,0.6497,3560.0,35.6,44440.0,1560.0,1560.0,2021-12-31,WIN,hold,1,1490.0,1560.0,930.0,1490.0,1560.0,1560.0,1450.0,1430.0,1560.0,1560.0
2021-11-22,2022-01-07,SPX,46,4725.94,4677.02,17.64,3900,4370,4630,4650,470,20,-0.1494,0.652,3540.0,35.4,43460.0,1540.0,1540.0,2022-01-07,WIN,hold,1,1480.0,1540.0,890.0,1480.0,1780.0,1540.0,1170.0,1430.0,1540.0,1540.0
2021-11-29,2022-01-14,SPX,46,4641.79,4662.82,24.41,3725,4200,4520,4540,475,20,-0.151,0.6507,4065.0,40.65,43435.0,2065.0,2065.0,2022-01-14,WIN,hold,1,1705.0,2065.0,1035.0,1705.0,2195.0,2065.0,2195.0,1955.0,2065.0,2065.0
2021-12-06,2022-01-21,SPX,46,4564.19,4397.73,29.02,3590,4065,4430,4450,475,20,-0.1495,0.6492,4130.0,41.3,43370.0,4130.0,4130.0,2022-01-21,WIN,hold,1,1770.0,4130.0,1120.0,1770.0,2070.0,3150.0,1940.0,1430.0,4130.0,4130.0
2021-12-13,2022-01-28,SPX,46,4701.33,4432.0,20.01,3825,4305,4595,4615,480,20,-0.1498,0.6494,3835.0,38.35,44165.0,3835.0,3835.0,2022-01-28,WIN,hold,1,1565.0,3835.0,975.0,1565.0,2005.0,3585.0,-3775.0,1685.0,3835.0,-3775.0
2021-12-20,2022-02-04,SPX,46,4561.04,4500.61,25.3,3675,4100,4430,4450,425,20,-0.1507,0.6506,4030.0,40.3,38470.0,2030.0,2030.0,2022-02-04,WIN,hold,1,1620.0,2030.0,1090.0,1620.0,2210.0,2030.0,2590.0,2040.0,2030.0,2030.0
2021-12-27,2022-02-11,SPX,46,4749.66,4418.49,18.7,3900,4370,4650,4670,470,20,-0.1512,0.6451,3790.0,37.9,43210.0,3790.0,3790.0,2022-02-11,WIN,hold,1,-8990.0,3790.0,990.0,1760.0,1980.0,2870.0,2720.0,3450.0,-8990.0,-8990.0
2022-01-03,2022-02-18,SPX,46,4789.54,4348.97,17.36,3960,4440,4695,4715,480,20,-0.1506,0.6496,3610.0,36.1,44390.0,-5493.0,-5493.0,2022-02-18,LOSS,hold,0,-6530.0,-5493.0,1520.0,1520.0,1810.0,-5493.0,-3570.0,-580.0,-7460.0,-6530.0
2022-01-10,2022-02-25,SPX,46,4624.72,4288.7,21.4,3800,4225,4510,4530,425,20,-0.1506,0.6505,3840.0,38.4,38660.0,3840.0,3840.0,2022-02-25,WIN,hold,1,1620.0,3840.0,1040.0,1620.0,2110.0,2880.0,2150.0,2450.0,3840.0,-4110.0
2022-01-31,2022-03-18,SPX,46,4436.29,4463.08,27.87,3480,3960,4300,4320,480,20,-0.1501,0.6491,4330.0,43.3,43670.0,2330.0,2330.0,2022-03-18,WIN,hold,1,1750.0,2330.0,1120.0,1750.0,2270.0,3320.0,3040.0,2990.0,2330.0,2330.0
2022-02-07,2022-03-25,SPX,46,4506.92,4543.06,23.44,3700,4075,4380,4400,375,20,-0.1527,0.6511,3980.0,39.8,33520.0,1980.0,1980.0,2022-03-25,WIN,hold,1,1790.0,1980.0,1790.0,1790.0,2170.0,1980.0,2250.0,2110.0,1980.0,1980.0
2022-02-14,2022-03-31,SPX,45,4411.93,4530.5,29.64,3470,3915,4270,4290,445,20,-0.1491,0.6501,4310.0,43.1,40190.0,2310.0,2310.0,2022-03-31,WIN,hold,1,2040.0,2310.0,1320.0,2040.0,2160.0,2310.0,2010.0,700.0,2310.0,2310.0
2022-02-28,2022-04-14,SPX,45,4339.66,4392.62,30.95,3375,3850,4200,4220,475,20,-0.149,0.6482,4400.0,44.0,43100.0,2400.0,2400.0,2022-04-14,WIN,hold,1,1770.0,2400.0,1130.0,1770.0,2240.0,2400.0,2080.0,960.0,2400.0,2400.0
2022-03-07,2022-04-22,SPX,46,4295.25,4271.94,33.6,3300,3800,4140,4160,500,20,-0.1594,0.6532,4890.0,48.9,45110.0,2890.0,2890.0,2022-04-22,WIN,hold,1,2080.0,2890.0,1330.0,2080.0,2470.0,2890.0,2280.0,2720.0,2890.0,2890.0
2022-03-14,2022-04-29,SPX,46,4216.06,4131.76,31.08,3250,3740,4075,4095,490,20,-0.152,0.6491,4450.0,44.5,44550.0,2450.0,2450.0,2022-04-29,WIN,hold,1,1810.0,2450.0,1130.0,1810.0,2320.0,2450.0,2120.0,2460.0,2450.0,2450.0
2022-03-21,2022-05-06,SPX,46,4475.17,4146.87,23.99,3575,4050,4350,4370,475,20,-0.1517,0.6541,4230.0,42.3,43270.0,4230.0,4230.0,2022-05-06,WIN,hold,1,1720.0,4230.0,1140.0,1720.0,2170.0,3450.0,-150.0,2590.0,4230.0,4230.0
2022-03-28,2022-05-13,SPX,46,4542.16,4023.86,21.67,3600,4125,4425,4440,525,15,-0.1462,0.6518,3730.0,37.3,48770.0,-6384.0,-6384.0,2022-05-13,LOSS,hold,0,1610.0,-6384.0,930.0,1610.0,-6384.0,-6384.0,-6620.0,-8180.0,-7570.0,-6070.0
2022-04-04,2022-05-20,SPX,46,4547.56,3901.37,20.1,3690,4170,4440,4460,480,20,-0.1507,0.6499,3890.0,38.9,44110.0,-22973.0,-22973.0,2022-05-20,LOSS,hold,0,-6080.0,-22973.0,-22973.0,-22973.0,-22973.0,-22973.0,-14750.0,-11870.0,-9560.0,-6080.0
2022-04-11,2022-05-27,SPX,46,4455.46,4158.27,22.94,3600,4050,4340,4360,450,20,-0.1512,0.6475,4015.0,40.15,40985.0,4015.0,4015.0,2022-05-27,WIN,hold,1,-7505.0,4015.0,1255.0,2225.0,2225.0,3835.0,-9765.0,-7245.0,-8975.0,-7505.0
2022-04-18,2022-06-03,SPX,46,4404.46,4108.44,23.24,3500,4000,4290,4310,500,20,-0.148,0.6463,4045.0,40.45,45955.0,4045.0,4045.0,2022-06-03,WIN,hold,1,-8205.0,4045.0,2345.0,2345.0,2345.0,3065.0,2655.0,3635.0,-8205.0,-8325.0
2022-04-25,2022-06-10,SPX,46,4229.13,3900.76,29.72,3250,3750,4090,4110,500,20,-0.1394,0.6527,4045.0,40.45,45955.0,4045.0,4045.0,2022-06-10,WIN,hold,1,1695.0,4045.0,1035.0,1695.0,2045.0,3325.0,2525.0,2515.0,4045.0,4045.0
2022-05-02,2022-06-17,SPX,46,4134.35,3674.45,34.29,3150,3630,3990,4010,480,20,-0.1486,0.6493,4240.0,42.4,43760.0,4240.0,4240.0,2022-06-17,WIN,hold,1,1920.0,4240.0,1240.0,1920.0,2180.0,3190.0,2240.0,2760.0,4240.0,4240.0
2022-05-09,2022-06-24,SPX,46,4063.08,3912.15,33.08,3100,3600,3925,3940,500,15,-0.1538,0.6487,4210.0,42.1,45790.0,4210.0,4210.0,2022-06-24,WIN,hold,1,1850.0,4210.0,1220.0,1850.0,2170.0,3380.0,3380.0,3720.0,4210.0,4210.0
2022-05-16,2022-06-30,SPX,45,4004.01,3786.03,29.08,3100,3585,3875,3895,485,20,-0.15,0.6509,4235.0,42.35,44265.0,4235.0,4235.0,2022-06-30,WIN,hold,1,1725.0,4235.0,1135.0,1725.0,2185.0,3405.0,2825.0,1695.0,4235.0,4235.0
2022-05-23,2022-06-30,SPX,38,3935.62,3786.03,29.57,3100,3585,3875,3895,485,20,-0.1669,0.5934,4290.0,42.9,44210.0,4290.0,4290.0,2022-06-30,WIN,hold,1,1740.0,4290.0,1080.0,1740.0,2240.0,3460.0,2880.0,1750.0,4290.0,4290.0
2022-06-06,2022-07-22,SPX,46,4150.64,3962.24,25.02,3250,3750,4030,4050,500,20,-0.1484,0.6522,4170.0,41.7,45830.0,4170.0,4170.0,2022-07-22,WIN,hold,1,-9340.0,4170.0,1450.0,1750.0,2530.0,3520.0,3520.0,3900.0,-9340.0,-8050.0
2022-06-13,2022-07-29,SPX,46,3804.22,4130.48,32.93,2900,3370,3670,3690,470,20,-0.1506,0.6507,4140.0,41.4,42860.0,2140.0,2140.0,2022-07-29,WIN,hold,1,1680.0,2140.0,1050.0,1680.0,2140.0,2140.0,1600.0,480.0,2140.0,2140.0
2022-06-27,2022-08-12,SPX,46,3900.47,4279.35,28.49,3000,3500,3780,3800,500,20,-0.1489,0.6531,4120.0,41.2,45880.0,2120.0,2120.0,2022-08-12,WIN,hold,1,1680.0,2120.0,1130.0,1680.0,2120.0,2120.0,1540.0,1940.0,2120.0,2120.0
2022-07-11,2022-08-26,SPX,46,3858.06,4058.29,26.35,3000,3470,3740,3760,470,20,-0.1488,0.6535,4190.0,41.9,42810.0,2190.0,2190.0,2022-08-26,WIN,hold,1,1700.0,2190.0,1140.0,1700.0,2100.0,2190.0,1590.0,1540.0,2190.0,2190.0
2022-07-18,2022-08-31,SPX,44,3898.55,3955.12,24.79,3050,3535,3790,3810,485,20,-0.1495,0.6516,4040.0,40.4,44460.0,2040.0,2040.0,2022-08-31,WIN,hold,1,1630.0,2040.0,1020.0,1630.0,2040.0,2040.0,1400.0,1740.0,2040.0,2040.0
2022-07-25,2022-09-09,SPX,46,3967.31,4067.62,23.63,3100,3600,3860,3880,500,20,-0.1447,0.6533,3960.0,39.6,46040.0,1960.0,1960.0,2022-09-09,WIN,hold,1,1610.0,1960.0,1010.0,1610.0,2010.0,1960.0,2060.0,2400.0,1960.0,1960.0
2022-08-01,2022-09-16,SPX,46,4115.89,3872.56,22.67,3280,3760,4015,4035,480,20,-0.1501,0.6515,3960.0,39.6,44040.0,3960.0,3960.0,2022-09-16,WIN,hold,1,1650.0,3960.0,1030.0,1650.0,2000.0,3030.0,2080.0,3240.0,3960.0,3960.0
2022-08-08,2022-09-23,SPX,46,4180.24,3695.23,21.44,3350,3825,4080,4100,475,20,-0.1547,0.6492,4115.0,41.15,43385.0,-8862.0,-8862.0,2022-09-23,LOSS,hold,0,1835.0,-8862.0,1085.0,1835.0,2075.0,-8862.0,75.0,1115.0,-9185.0,-1945.0
2022-08-15,2022-09-30,SPX,46,4261.77,3589.7,20.71,3430,3910,4165,4185,480,20,-0.1491,0.6498,3765.0,37.65,44235.0,-28265.0,-28265.0,2022-09-30,LOSS,hold,0,-6225.0,-28265.0,-28265.0,-28265.0,-28265.0,-28265.0,-17395.0,-21405.0,-7745.0,-6225.0
2022-08-22,2022-10-07,SPX,46,4173.4,3640.38,23.06,3300,3800,4070,4090,500,20,-0.1465,0.6493,3860.0,38.6,46140.0,-12102.0,-12102.0,2022-10-07,LOSS,hold,0,-5110.0,-12102.0,970.0,-12102.0,-12102.0,-12102.0,-15250.0,-3020.0,-9980.0,-5110.0
2022-08-29,2022-10-14,SPX,46,4036.8,3585.73,26.88,3150,3650,3925,3940,500,15,-0.1536,0.6498,3860.0,38.6,46140.0,-2567.0,-2567.0,2022-10-14,LOSS,hold,0,-5940.0,-2567.0,1240.0,1990.0,1990.0,-2567.0,-3070.0,-4380.0,-8580.0,-5940.0
2022-09-12,2022-10-28,SPX,46,4095.67,3900.55,23.26,3250,3750,4000,4020,500,20,-0.1511,0.6449,3935.0,39.35,46065.0,3935.0,3935.0,2022-10-28,WIN,hold,1,-9515.0,3935.0,1035.0,1955.0,2295.0,3345.0,65.0,2785.0,-9515.0,-9515.0
2022-09-19,2022-11-04,SPX,46,3859.32,3770.42,27.11,3000,3500,3750,3770,500,20,-0.1587,0.6483,4260.0,42.6,45740.0,2260.0,2260.0,2022-11-04,WIN,hold,1,1710.0,2260.0,1410.0,1710.0,2160.0,3580.0,2380.0,2730.0,2260.0,2260.0
2022-09-26,2022-11-11,SPX,46,3686.56,3992.21,31.33,2800,3300,3575,3600,500,25,-0.1584,0.6474,4725.0,47.25,45275.0,2225.0,2225.0,2022-11-11,WIN,hold,1,2005.0,2225.0,1385.0,2005.0,2225.0,2225.0,2175.0,2205.0,2225.0,2225.0
2022-10-03,2022-11-18,SPX,46,3616.79,3967.12,31.66,2750,3220,3505,3525,470,20,-0.1509,0.6501,4120.0,41.2,42880.0,2120.0,2120.0,2022-11-18,WIN,hold,1,1690.0,2120.0,1190.0,1690.0,2120.0,2120.0,1570.0,2010.0,2120.0,2120.0
2022-10-10,2022-11-25,SPX,46,3640.88,4026.98,32.79,2800,3250,3525,3550,450,25,-0.1571,0.6516,4590.0,45.9,40410.0,2090.0,2090.0,2022-11-25,WIN,hold,1,1880.0,2090.0,1150.0,1880.0,2090.0,2090.0,1660.0,860.0,2090.0,2090.0
2022-10-17,2022-11-30,SPX,44,3677.14,4078.77,31.43,2825,3300,3570,3590,475,20,-0.1489,0.6477,4025.0,40.25,43475.0,2025.0,2025.0,2022-11-30,WIN,hold,1,1615.0,2025.0,1045.0,1615.0,2025.0,2025.0,-95.0,1895.0,2025.0,2025.0
2022-10-31,2022-12-16,SPX,46,3881.33,3851.02,26.91,3030,3510,3770,3790,480,20,-0.1501,0.6523,4150.0,41.5,43850.0,2150.0,2150.0,2022-12-16,WIN,hold,1,1670.0,2150.0,1130.0,1670.0,2090.0,2150.0,2020.0,2050.0,2150.0,2150.0
2022-11-07,2022-12-23,SPX,46,3779.01,3844.45,25.31,2950,3450,3680,3700,500,20,-0.1583,0.6498,4200.0,42.0,45800.0,2200.0,2200.0,2022-12-23,WIN,hold,1,1710.0,2200.0,1170.0,1710.0,2130.0,2200.0,2000.0,810.0,2200.0,2200.0
2022-11-14,2022-12-30,SPX,46,3972.21,3839.85,23.48,3160,3640,3880,3900,480,20,-0.1494,0.6509,3830.0,38.3,44170.0,3830.0,3830.0,2022-12-30,WIN,hold,1,1580.0,3830.0,980.0,1580.0,2170.0,2950.0,3240.0,3380.0,3830.0,3830.0
2022-11-21,2023-01-06,SPX,46,3949.17,3894.2,23.54,3150,3625,3860,3880,475,20,-0.1497,0.6502,3740.0,37.4,43760.0,1740.0,1740.0,2023-01-06,WIN,hold,1,1690.0,1740.0,1000.0,1690.0,2100.0,2830.0,2810.0,1830.0,1740.0,1740.0
2022-11-28,2023-01-13,SPX,46,4007.8,3998.63,21.86,3200,3675,3920,3940,475,20,-0.1476,0.6494,3730.0,37.3,43770.0,1730.0,1730.0,2023-01-13,WIN,hold,1,1510.0,1730.0,980.0,1510.0,2060.0,2800.0,2520.0,2580.0,1730.0,1730.0
2022-12-05,2023-01-20,SPX,46,4046.35,3971.78,20.02,3260,3740,3965,3985,480,20,-0.1503,0.6477,3650.0,36.5,44350.0,2972.0,2972.0,2023-01-20,WIN,hold,1,1640.0,2972.0,1110.0,1640.0,1980.0,2930.0,2240.0,2020.0,2972.0,2972.0
2022-12-12,2023-01-27,SPX,46,3938.68,4070.02,24.37,3100,3600,3850,3870,500,20,-0.1471,0.6451,3775.0,37.75,46225.0,1775.0,1775.0,2023-01-27,WIN,hold,1,1515.0,1775.0,975.0,1515.0,1895.0,1775.0,1585.0,1755.0,1775.0,1775.0
2022-12-19,2023-02-03,SPX,46,3848.26,4136.52,22.42,3050,3525,3760,3780,475,20,-0.1428,0.6516,3575.0,35.75,43925.0,1575.0,1575.0,2023-02-03,WIN,hold,1,1525.0,1575.0,975.0,1525.0,1575.0,1575.0,1355.0,-835.0,1575.0,1575.0
2023-01-09,2023-02-24,SPX,46,3918.32,3970.42,21.56,3150,3620,3840,3860,470,20,-0.1502,0.6456,3655.0,36.55,43345.0,1655.0,1655.0,2023-02-24,WIN,hold,1,1455.0,1655.0,975.0,1525.0,1655.0,1655.0,1455.0,1585.0,1655.0,1655.0
2023-01-30,2023-03-17,SPX,46,4048.77,3916.47,19.7,3270,3750,3975,3995,480,20,-0.1508,0.6471,3620.0,36.2,44380.0,3620.0,3620.0,2023-03-17,WIN,hold,1,1460.0,3620.0,920.0,1460.0,1820.0,2770.0,880.0,2280.0,3620.0,3620.0
2023-02-06,2023-03-24,SPX,46,4108.48,3971.35,19.49,3300,3800,4030,4050,500,20,-0.1514,0.6517,3770.0,37.7,46230.0,3770.0,3770.0,2023-03-24,WIN,hold,1,1570.0,3770.0,1180.0,1570.0,2020.0,2850.0,1740.0,2850.0,3770.0,3770.0
2023-02-13,2023-03-31,SPX,46,4102.53,4108.9,21.16,3295,3775,4020,4040,480,20,-0.1495,0.6495,3830.0,38.3,44170.0,1830.0,1830.0,2023-03-31,WIN,hold,1,1560.0,1830.0,1030.0,1560.0,1930.0,2920.0,2750.0,2730.0,1830.0,1830.0
2023-02-27,2023-04-14,SPX,46,3998.68,4137.47,21.1,3200,3700,3920,3940,500,20,-0.1519,0.6507,3735.0,37.35,46265.0,1735.0,1735.0,2023-04-14,WIN,hold,1,1535.0,1735.0,1105.0,1535.0,1735.0,1735.0,1505.0,1605.0,1735.0,1735.0
2023-03-06,2023-04-21,SPX,46,4060.67,4133.56,18.73,3300,3785,3990,4010,485,20,-0.1484,0.6506,3530.0,35.3,44970.0,1530.0,1530.0,2023-04-21,WIN,hold,1,1420.0,1530.0,900.0,1420.0,1530.0,1530.0,1300.0,1420.0,1530.0,1530.0
2023-03-13,2023-04-28,SPX,46,3814.19,4169.77,30.37,2950,3440,3715,3735,490,20,-0.1517,0.6509,3905.0,39.05,45095.0,1905.0,1905.0,2023-04-28,WIN,hold,1,1575.0,1905.0,1005.0,1575.0,1905.0,1905.0,1565.0,1785.0,1905.0,1905.0
2023-03-20,2023-05-05,SPX,46,3923.43,4135.77,26.1,3100,3560,3830,3850,460,20,-0.1524,0.6487,3955.0,39.55,42045.0,1955.0,1955.0,2023-05-05,WIN,hold,1,1615.0,1955.0,1115.0,1615.0,1955.0,1955.0,1235.0,1275.0,1955.0,1955.0
2023-03-27,2023-05-12,SPX,46,3999.72,4123.85,21.12,3200,3680,3920,3940,480,20,-0.1501,0.649,3785.0,37.85,44215.0,1785.0,1785.0,2023-05-12,WIN,hold,1,1565.0,1785.0,955.0,1565.0,1785.0,1785.0,1455.0,1685.0,1785.0,1785.0
2023-04-03,2023-05-19,SPX,46,4111.41,4191.97,19.39,3330,3810,4040,4060,480,20,-0.1498,0.6473,3675.0,36.75,44325.0,1675.0,1675.0,2023-05-19,WIN,hold,1,1485.0,1675.0,915.0,1485.0,1675.0,1675.0,1695.0,1755.0,1675.0,1675.0
2023-04-10,2023-05-26,SPX,46,4080.14,4205.01,19.68,3300,3785,4010,4030,485,20,-0.1497,0.6477,3650.0,36.5,44850.0,1650.0,1650.0,2023-05-26,WIN,hold,1,1480.0,1650.0,920.0,1480.0,1650.0,1650.0,1450.0,1680.0,1650.0,1650.0
2023-04-17,2023-05-31,SPX,44,4141.1,4181.76,17.47,3400,3885,4080,4100,485,20,-0.152,0.6515,3410.0,34.1,45090.0,1410.0,1410.0,2023-05-31,WIN,hold,1,1380.0,1410.0,920.0,1380.0,1750.0,1410.0,1490.0,80.0,1410.0,1410.0
2023-04-24,2023-06-09,SPX,46,4139.55,4299.44,17.31,3400,3860,4080,4100,460,20,-0.148,0.6477,3450.0,34.5,42550.0,1450.0,1450.0,2023-06-09,WIN,hold,1,1120.0,1450.0,890.0,1450.0,1450.0,1450.0,1120.0,990.0,1450.0,1450.0
2023-05-01,2023-06-16,SPX,46,4173.06,4409.77,16.04,3425,3905,4115,4135,480,20,-0.1518,0.6486,3475.0,34.75,44525.0,1475.0,1475.0,2023-06-16,WIN,hold,1,1245.0,1475.0,905.0,1405.0,1475.0,1475.0,1245.0,1315.0,1475.0,1475.0
2023-05-08,2023-06-23,SPX,46,4135.81,4348.23,17.61,3350,3840,4070,4090,490,20,-0.1476,0.6514,3645.0,36.45,45355.0,1645.0,1645.0,2023-06-23,WIN,hold,1,1315.0,1645.0,965.0,1505.0,1645.0,1645.0,1315.0,1265.0,1645.0,1645.0
2023-05-15,2023-06-30,SPX,46,4122.83,4449.81,17.81,3355,3835,4060,4080,480,20,-0.148,0.6506,3560.0,35.6,44440.0,1560.0,1560.0,2023-06-30,WIN,hold,1,1250.0,1560.0,960.0,1450.0,1560.0,1560.0,1250.0,1200.0,1560.0,1560.0
2023-05-22,2023-07-07,SPX,46,4202.56,4398.76,17.06,3450,3930,4150,4170,480,20,-0.1508,0.6454,3430.0,34.3,44570.0,1430.0,1430.0,2023-07-07,WIN,hold,1,190.0,1430.0,900.0,1430.0,1430.0,1430.0,190.0,1280.0,1430.0,1430.0
2023-06-05,2023-07-21,SPX,46,4292.74,4536.68,15.14,3575,4055,4245,4265,480,20,-0.1506,0.65,3140.0,31.4,44860.0,1140.0,1140.0,2023-07-21,WIN,hold,1,720.0,1140.0,790.0,1140.0,1140.0,1140.0,720.0,1030.0,1140.0,1140.0
2023-06-12,2023-07-28,SPX,46,4308.78,4581.73,14.77,3600,4075,4260,4280,475,20,-0.1499,0.6544,3050.0,30.5,44450.0,1050.0,1050.0,2023-07-28,WIN,hold,1,640.0,1050.0,790.0,1050.0,1050.0,1050.0,640.0,640.0,1050.0,1050.0
2023-06-26,2023-08-11,SPX,46,4357.05,4464.31,13.88,3650,4125,4310,4330,475,20,-0.1492,0.6519,3175.0,31.75,44325.0,1175.0,1175.0,2023-08-11,WIN,hold,1,935.0,1175.0,835.0,1175.0,1175.0,1175.0,935.0,1025.0,1175.0,1175.0
2023-07-03,2023-08-18,SPX,46,4449.84,4370.6,13.76,3750,4230,4405,4425,480,20,-0.1499,0.6538,3070.0,30.7,44930.0,3070.0,3070.0,2023-08-18,WIN,hold,1,1230.0,3070.0,780.0,1230.0,1660.0,2360.0,1180.0,1520.0,3070.0,3070.0
2023-07-10,2023-08-25,SPX,46,4404.05,4405.32,15.26,3700,4160,4350,4370,460,20,-0.1515,0.655,3245.0,32.45,42755.0,1245.0,1245.0,2023-08-25,WIN,hold,1,1295.0,1245.0,855.0,1295.0,1685.0,1245.0,1685.0,1315.0,1245.0,1245.0
2023-07-17,2023-08-31,SPX,45,4505.99,4508.28,13.79,3805,4285,4465,4485,480,20,-0.1487,0.6463,2985.0,29.85,45015.0,985.0,985.0,2023-08-31,WIN,hold,1,1205.0,985.0,765.0,1205.0,1525.0,2305.0,2425.0,2355.0,985.0,985.0
2023-07-31,2023-09-15,SPX,46,4592.39,4450.35,13.88,3880,4365,4550,4570,485,20,-0.1493,0.6472,3040.0,30.4,45460.0,3040.0,3040.0,2023-09-15,WIN,hold,1,-4300.0,3040.0,1000.0,1240.0,1530.0,2410.0,2590.0,2880.0,3040.0,-4300.0
2023-08-07,2023-09-22,SPX,46,4494.95,4319.25,16.92,3750,4210,4440,4460,460,20,-0.1478,0.6459,3315.0,33.15,42685.0,3315.0,3315.0,2023-09-22,WIN,hold,1,1335.0,3315.0,915.0,1335.0,1755.0,2495.0,2105.0,2035.0,3315.0,3315.0
2023-08-14,2023-09-29,SPX,46,4459.88,4289.13,15.8,3705,4185,4405,4425,480,20,-0.1486,0.6471,3390.0,33.9,44610.0,3390.0,3390.0,2023-09-29,WIN,hold,1,1400.0,3390.0,930.0,1400.0,1700.0,2570.0,2570.0,2880.0,3390.0,3390.0
2023-08-21,2023-10-06,SPX,46,4387.65,4307.89,17.54,3600,4100,4325,4340,500,15,-0.1471,0.6511,3080.0,30.8,46920.0,3080.0,3080.0,2023-10-06,WIN,hold,1,1370.0,3080.0,770.0,1370.0,1560.0,2380.0,2380.0,2760.0,3080.0,3080.0
2023-08-28,2023-10-13,SPX,46,4432.58,4328.34,15.71,3700,4175,4380,4400,475,20,-0.1494,0.6472,3350.0,33.5,44150.0,3350.0,3350.0,2023-10-13,WIN,hold,1,1650.0,3350.0,840.0,1650.0,1710.0,2530.0,2530.0,2430.0,3350.0,3350.0
2023-09-11,2023-10-27,SPX,46,4479.2,4118.3,14.14,3750,4250,4430,4450,500,20,-0.1501,0.6554,3205.0,32.05,46795.0,-9965.0,-9965.0,2023-10-27,LOSS,hold,0,-4185.0,-9965.0,885.0,1285.0,-9965.0,-9965.0,-2115.0,-1875.0,-8495.0,-4185.0
2023-09-18,2023-11-03,SPX,46,4445.62,4358.11,14.68,3750,4210,4400,4420,460,20,-0.1507,0.6458,3150.0,31.5,42850.0,3150.0,3150.0,2023-11-03,WIN,hold,1,-1790.0,3150.0,820.0,1800.0,1800.0,2930.0,-3560.0,0.0,-7410.0,-1790.0
2023-09-25,2023-11-10,SPX,46,4313.51,4415.89,17.84,3550,4050,4250,4270,500,20,-0.1562,0.6524,3550.0,35.5,46450.0,1550.0,1550.0,2023-11-10,WIN,hold,1,1550.0,1550.0,890.0,1550.0,1830.0,1550.0,1140.0,1410.0,1550.0,1550.0
2023-10-02,2023-11-17,SPX,46,4291.14,4513.91,17.81,3540,4020,4230,4250,480,20,-0.1515,0.647,3440.0,34.4,44560.0,1440.0,1440.0,2023-11-17,WIN,hold,1,1390.0,1440.0,890.0,1390.0,1440.0,1440.0,960.0,930.0,1440.0,1440.0
2023-10-09,2023-11-24,SPX,46,4299.19,4558.9,18.53,3550,4025,4230,4250,475,20,-0.1541,0.6562,3525.0,35.25,43975.0,1525.0,1525.0,2023-11-24,WIN,hold,1,1445.0,1525.0,995.0,1445.0,1525.0,1525.0,905.0,525.0,1525.0,1525.0
2023-10-16,2023-11-30,SPX,45,4350.44,4569.04,18.4,3590,4070,4290,4310,480,20,-0.151,0.6478,3425.0,34.25,44575.0,1425.0,1425.0,2023-11-30,WIN,hold,1,1475.0,1425.0,1025.0,1475.0,1425.0,1425.0,795.0,735.0,1425.0,1425.0
2023-10-30,2023-12-15,SPX,46,4157.9,4715.03,20.27,3375,3855,4085,4105,480,20,-0.1488,0.6505,3550.0,35.5,44450.0,1550.0,1550.0,2023-12-15,WIN,hold,1,1010.0,1550.0,920.0,1450.0,1550.0,1550.0,1010.0,1450.0,1550.0,1550.0
2023-11-06,2023-12-22,SPX,46,4364.15,4755.16,15.36,3650,4120,4300,4325,470,25,-0.1534,0.6648,3690.0,36.9,43310.0,1190.0,1190.0,2023-12-22,WIN,hold,1,660.0,1190.0,1050.0,1190.0,1190.0,1190.0,660.0,1050.0,1190.0,1190.0
2023-11-13,2023-12-29,SPX,46,4395.58,4772.17,15.07,3680,4160,4345,4365,480,20,-0.1502,0.6516,3190.0,31.9,44810.0,1190.0,1190.0,2023-12-29,WIN,hold,1,580.0,1190.0,1080.0,1190.0,1190.0,1190.0,580.0,630.0,1190.0,1190.0
2023-11-20,2024-01-05,SPX,46,4522.46,4696.66,13.87,3850,4310,4480,4500,460,20,-0.1481,0.6543,2910.0,29.1,43090.0,910.0,910.0,2024-01-05,WIN,hold,1,310.0,910.0,780.0,910.0,910.0,910.0,310.0,280.0,910.0,910.0
2023-11-27,2024-01-12,SPX,46,4548.67,4783.14,12.93,3850,4350,4510,4530,500,20,-0.1562,0.6498,3005.0,30.05,46995.0,1005.0,1005.0,2024-01-12,WIN,hold,1,465.0,1005.0,865.0,1005.0,1005.0,1005.0,465.0,865.0,1005.0,1005.0
2023-12-04,2024-01-19,SPX,46,4567.48,4838.96,13.42,3875,4355,4525,4545,480,20,-0.1515,0.6503,3020.0,30.2,44980.0,1020.0,1020.0,2024-01-19,WIN,hold,1,440.0,1020.0,860.0,1020.0,1020.0,1020.0,440.0,870.0,1020.0,1020.0
2023-12-11,2024-01-26,SPX,46,4603.05,4890.07,13.02,3900,4400,4560,4580,500,20,-0.1534,0.6541,3060.0,30.6,46940.0,1060.0,1060.0,2024-01-26,WIN,hold,1,550.0,1060.0,820.0,1060.0,1060.0,1060.0,550.0,900.0,1060.0,1060.0
2023-12-18,2024-01-31,SPX,44,4732.43,4845.49,12.51,4055,4535,4695,4715,480,20,-0.1518,0.6483,2905.0,29.05,45095.0,905.0,905.0,2024-01-31,WIN,hold,1,75.0,905.0,765.0,905.0,905.0,905.0,75.0,765.0,905.0,905.0
2024-01-08,2024-02-23,SPX,46,4706.94,5089.31,13.77,4000,4475,4660,4680,475,20,-0.1475,0.6501,3160.0,31.6,44340.0,1160.0,1160.0,2024-02-23,WIN,hold,1,560.0,1160.0,1050.0,1160.0,1160.0,1160.0,560.0,1050.0,1160.0,1160.0
2024-01-22,2024-03-04,SPX,42,4860.45,5131.04,13.59,4150,4650,4820,4830,500,10,-0.151,0.6458,2320.0,23.2,47680.0,1320.0,1320.0,2024-03-04,WIN,hold,1,740.0,1320.0,580.0,930.0,1170.0,1320.0,740.0,950.0,1320.0,1320.0
2024-01-29,2024-03-15,SPX,46,4894.71,5117.42,13.81,4180,4665,4850,4870,485,20,-0.1508,0.6498,3035.0,30.35,45465.0,1035.0,1035.0,2024-03-15,WIN,hold,1,245.0,1035.0,805.0,1035.0,1035.0,1035.0,245.0,255.0,1035.0,1035.0
2024-02-05,2024-03-22,SPX,46,4947.75,5234.27,14.07,4200,4700,4900,4920,500,20,-0.1455,0.6501,3055.0,30.55,46945.0,1055.0,1055.0,2024-03-22,WIN,hold,1,435.0,1055.0,795.0,1055.0,1055.0,1055.0,435.0,735.0,1055.0,1055.0
2024-02-12,2024-03-28,SPX,45,5026.94,5255.6,13.46,4320,4800,4985,5005,480,20,-0.1508,0.6459,2985.0,29.85,45015.0,985.0,985.0,2024-03-28,WIN,hold,1,495.0,985.0,755.0,985.0,985.0,985.0,495.0,635.0,985.0,985.0
2024-02-26,2024-04-12,SPX,46,5091.47,5123.6,13.96,4400,4860,5040,5060,460,20,-0.1493,0.6567,2970.0,29.7,43030.0,970.0,970.0,2024-04-12,WIN,hold,1,780.0,970.0,750.0,970.0,970.0,970.0,780.0,730.0,970.0,970.0
2024-03-04,2024-04-19,SPX,46,5131.71,4967.2,13.46,4430,4910,5090,5110,480,20,-0.151,0.6465,2955.0,29.55,45045.0,2955.0,2955.0,2024-04-19,WIN,hold,1,1235.0,2955.0,765.0,1235.0,1635.0,2245.0,575.0,2025.0,2955.0,2955.0
2024-03-11,2024-04-26,SPX,46,5111.4,5098.69,15.69,4350,4850,5060,5080,500,20,-0.151,0.6451,3265.0,32.65,46735.0,1265.0,1265.0,2024-04-26,WIN,hold,1,1355.0,1265.0,825.0,1355.0,1645.0,2475.0,2265.0,1975.0,1265.0,1265.0
2024-03-18,2024-05-03,SPX,46,5165.83,5127.77,14.47,4450,4910,5110,5130,460,20,-0.1486,0.6551,3110.0,31.1,42890.0,1333.0,1333.0,2024-05-03,WIN,hold,1,1280.0,1333.0,870.0,1280.0,1600.0,2400.0,1870.0,2070.0,1333.0,1333.0
2024-03-25,2024-05-10,SPX,46,5217.75,5222.04,13.41,4500,4990,5170,5190,490,20,-0.1525,0.6518,3100.0,31.0,45900.0,1100.0,1100.0,2024-05-10,WIN,hold,1,-4070.0,1100.0,820.0,1320.0,1660.0,1100.0,2140.0,1940.0,1100.0,-4070.0
2024-04-01,2024-05-17,SPX,46,5262.12,5303.89,13.65,4540,5025,5215,5235,485,20,-0.1512,0.6485,3110.0,31.1,45390.0,1110.0,1110.0,2024-05-17,WIN,hold,1,-5380.0,1110.0,860.0,1520.0,1570.0,1110.0,1870.0,860.0,-7340.0,-5380.0
2024-04-08,2024-05-24,SPX,46,5204.82,5304.7,16.08,4450,4925,5140,5160,475,20,-0.1545,0.6545,3450.0,34.5,44050.0,1450.0,1450.0,2024-05-24,WIN,hold,1,1390.0,1450.0,1210.0,1390.0,1740.0,1450.0,900.0,740.0,1450.0,1450.0
2024-04-15,2024-05-31,SPX,46,5166.95,5280.01,16.37,4390,4875,5105,5125,485,20,-0.1493,0.6491,3465.0,34.65,45035.0,1465.0,1465.0,2024-05-31,WIN,hold,1,1395.0,1465.0,1115.0,1395.0,1465.0,1465.0,-145.0,805.0,1465.0,1465.0
2024-04-22,2024-06-07,SPX,46,4987.45,5346.3,18.15,4200,4680,4920,4940,480,20,-0.1481,0.6476,3490.0,34.9,44510.0,1490.0,1490.0,2024-06-07,WIN,hold,1,-170.0,1490.0,900.0,1430.0,1490.0,1490.0,-170.0,-540.0,1490.0,1490.0
2024-04-29,2024-06-14,SPX,46,5107.2,5432.35,15.23,4350,4825,5050,5070,475,20,-0.1431,0.6479,3240.0,32.4,44260.0,1240.0,1240.0,2024-06-14,WIN,hold,1,500.0,1240.0,900.0,1240.0,1240.0,1240.0,500.0,640.0,1240.0,1240.0
2024-05-06,2024-06-21,SPX,46,5157.33,5467.65,13.66,4430,4910,5105,5125,480,20,-0.1502,0.6491,3245.0,32.45,44755.0,1245.0,1245.0,2024-06-21,WIN,hold,1,555.0,1245.0,1075.0,1245.0,1245.0,1245.0,555.0,755.0,1245.0,1245.0
2024-05-13,2024-06-28,SPX,46,5227.3,5459.16,13.4,4510,4990,5180,5200,480,20,-0.1492,0.6484,3110.0,31.1,44890.0,1110.0,1110.0,2024-06-28,WIN,hold,1,-420.0,1110.0,810.0,1110.0,1110.0,1110.0,-420.0,-830.0,1110.0,1110.0
2024-05-20,2024-07-05,SPX,46,5311.86,5566.69,12.22,4610,5095,5270,5290,485,20,-0.1493,0.6529,2970.0,29.7,45530.0,970.0,970.0,2024-07-05,WIN,hold,1,-370.0,970.0,760.0,970.0,970.0,970.0,-370.0,-660.0,970.0,970.0
2024-06-03,2024-07-19,SPX,46,5299.55,5505.73,13.07,4580,5060,5255,5275,480,20,-0.1488,0.6481,3090.0,30.9,44910.0,1090.0,1090.0,2024-07-19,WIN,hold,1,610.0,1090.0,790.0,1090.0,1090.0,1090.0,610.0,400.0,1090.0,1090.0
2024-06-10,2024-07-26,SPX,46,5334.18,5459.51,13.21,4625,5100,5290,5310,475,20,-0.1502,0.6485,3100.0,31.0,44400.0,1100.0,1100.0,2024-07-26,WIN,hold,1,410.0,1100.0,780.0,1100.0,1100.0,1100.0,410.0,400.0,1100.0,1100.0
2024-06-17,2024-07-31,SPX,44,5426.73,5520.95,13.2,4710,5190,5380,5400,480,20,-0.1508,0.6524,3095.0,30.95,44905.0,1095.0,1095.0,2024-07-31,WIN,hold,1,1245.0,1095.0,815.0,1245.0,1765.0,1095.0,1495.0,1275.0,1095.0,1095.0
2024-06-24,2024-08-09,SPX,46,5459.74,5343.97,13.79,4750,5210,5410,5430,460,20,-0.1521,0.6502,3215.0,32.15,42785.0,3215.0,3215.0,2024-08-09,WIN,hold,1,1325.0,3215.0,945.0,1325.0,1705.0,2525.0,-6145.0,1705.0,3215.0,-6145.0
2024-07-01,2024-08-16,SPX,46,5470.11,5554.22,12.92,4740,5225,5425,5445,485,20,-0.1498,0.648,3225.0,32.25,45275.0,1225.0,1225.0,2024-08-16,WIN,hold,1,-9465.0,1225.0,855.0,1365.0,1635.0,1225.0,745.0,1945.0,-9465.0,-9465.0
2024-07-08,2024-08-23,SPX,46,5578.14,5633.31,12.56,4850,5340,5530,5550,490,20,-0.151,0.6552,3195.0,31.95,45805.0,1195.0,1195.0,2024-08-23,WIN,hold,1,-7015.0,1195.0,1045.0,1595.0,1625.0,1195.0,1735.0,1015.0,-7015.0,-7015.0
2024-07-15,2024-08-30,SPX,46,5638.03,5646.96,12.88,4910,5390,5590,5610,480,20,-0.1487,0.6525,3145.0,31.45,44855.0,1145.0,1145.0,2024-08-30,WIN,hold,1,-7605.0,1145.0,855.0,1295.0,1605.0,1145.0,1565.0,1795.0,-7605.0,-7605.0
2024-07-22,2024-09-06,SPX,46,5553.72,5409.16,15.6,4800,5260,5490,5510,460,20,-0.1479,0.6554,3310.0,33.1,42690.0,3310.0,3310.0,2024-09-06,WIN,hold,1,-12440.0,3310.0,910.0,1360.0,1680.0,3150.0,1020.0,930.0,-12440.0,-12440.0
2024-07-29,2024-09-13,SPX,46,5477.32,5625.53,16.85,4650,5150,5410,5430,500,20,-0.1437,0.6479,3435.0,34.35,46565.0,1435.0,1435.0,2024-09-13,WIN,hold,1,-10675.0,1435.0,955.0,1395.0,1765.0,1435.0,1815.0,1935.0,-10675.0,1435.0
2024-08-12,2024-09-27,SPX,46,5336.0,5737.26,20.77,4500,4950,5250,5270,450,20,-0.1489,0.6491,3760.0,37.6,41240.0,1760.0,1760.0,2024-09-27,WIN,hold,1,240.0,1760.0,990.0,1560.0,1760.0,1760.0,240.0,190.0,1760.0,1760.0
2024-08-19,2024-10-04,SPX,46,5563.57,5749.63,15.42,4775,5260,5500,5520,485,20,-0.1493,0.6536,3450.0,34.5,45050.0,1450.0,1450.0,2024-10-04,WIN,hold,1,1030.0,1450.0,870.0,1450.0,1450.0,1450.0,1030.0,1200.0,1450.0,1450.0
2024-08-26,2024-10-11,SPX,46,5645.0,5814.91,15.98,4850,5325,5580,5600,475,20,-0.149,0.6539,3480.0,34.8,44020.0,1480.0,1480.0,2024-10-11,WIN,hold,1,1400.0,1480.0,1050.0,1400.0,1480.0,1480.0,1310.0,660.0,1480.0,1480.0
2024-09-09,2024-10-25,SPX,46,5452.66,5808.0,20.8,4550,5050,5370,5390,500,20,-0.1443,0.6461,3765.0,37.65,46235.0,1765.0,1765.0,2024-10-25,WIN,hold,1,75.0,1765.0,955.0,1655.0,1765.0,1765.0,75.0,925.0,1765.0,1765.0
2024-09-16,2024-10-31,SPX,45,5615.4,5703.28,17.46,4790,5275,5545,5565,485,20,-0.1515,0.649,3710.0,37.1,44790.0,1710.0,1710.0,2024-10-31,WIN,hold,1,810.0,1710.0,1000.0,1520.0,1710.0,1710.0,810.0,-730.0,1710.0,1710.0
2024-09-23,2024-11-06,SPX,44,5712.31,5927.8,16.18,4900,5360,5625,5650,460,25,-0.1476,0.6639,4025.0,40.25,41975.0,1525.0,1525.0,2024-11-06,WIN,hold,1,1685.0,1525.0,1385.0,1685.0,2105.0,1525.0,1505.0,1175.0,1525.0,1525.0
2024-09-30,2024-11-15,SPX,46,5731.76,5869.75,17.13,4860,5340,5645,5665,480,20,-0.1496,0.6524,3865.0,38.65,44135.0,1865.0,1865.0,2024-11-15,WIN,hold,1,1605.0,1865.0,1065.0,1605.0,1865.0,1865.0,175.0,955.0,1865.0,1865.0
2024-10-07,2024-11-22,SPX,46,5731.02,5968.26,21.0,4800,5300,5640,5660,500,20,-0.1493,0.6482,3995.0,39.95,46005.0,1995.0,1995.0,2024-11-22,WIN,hold,1,1655.0,1995.0,1045.0,1655.0,1995.0,1995.0,1175.0,1515.0,1995.0,1995.0
2024-10-14,2024-11-29,SPX,46,5841.0,6034.11,20.42,4960,5440,5755,5775,480,20,-0.1498,0.6522,3730.0,37.3,44270.0,1730.0,1730.0,2024-11-29,WIN,hold,1,1550.0,1730.0,950.0,1550.0,1730.0,1730.0,440.0,-30.0,1730.0,1730.0
2024-10-21,2024-12-06,SPX,46,5858.97,6088.76,18.88,5000,5500,5780,5800,500,20,-0.1551,0.6517,3805.0,38.05,46195.0,1805.0,1805.0,2024-12-06,WIN,hold,1,1555.0,1805.0,965.0,1555.0,1805.0,1805.0,95.0,1015.0,1805.0,1805.0
2024-10-28,2024-12-13,SPX,46,5834.75,6050.83,19.11,4950,5450,5750,5770,500,20,-0.1539,0.6513,3930.0,39.3,46070.0,1930.0,1930.0,2024-12-13,WIN,hold,1,1570.0,1930.0,1020.0,1570.0,1930.0,1930.0,670.0,370.0,1930.0,1930.0
2024-11-04,2024-12-20,SPX,46,5726.92,5932.8,22.47,4810,5290,5630,5650,480,20,-0.1505,0.6482,3970.0,39.7,44030.0,1970.0,1970.0,2024-12-20,WIN,hold,1,1610.0,1970.0,1030.0,1610.0,1970.0,1970.0,1610.0,1310.0,1970.0,1970.0
2024-11-11,2024-12-27,SPX,46,6008.9,5972.25,15.53,5200,5690,5950,5970,490,20,-0.1474,0.6474,3405.0,34.05,45595.0,1405.0,1405.0,2024-12-27,WIN,hold,1,1515.0,1405.0,885.0,1515.0,1915.0,2745.0,1965.0,1205.0,1405.0,1405.0
2024-11-18,2025-01-03,SPX,46,5874.24,5941.88,16.32,5050,5550,5810,5830,500,20,-0.1522,0.6505,3615.0,36.15,46385.0,1615.0,1615.0,2025-01-03,WIN,hold,1,1805.0,1615.0,945.0,1805.0,1895.0,1615.0,1805.0,975.0,1615.0,1615.0
2024-11-25,2025-01-08,SPX,44,6017.67,5916.55,14.57,5200,5725,5975,6000,525,25,-0.1485,0.6361,3630.0,36.3,48870.0,3630.0,3630.0,2025-01-08,WIN,hold,1,1540.0,3630.0,910.0,1540.0,1840.0,2770.0,2620.0,1620.0,3630.0,3630.0
2024-12-02,2025-01-15,SPX,44,6039.62,5948.82,13.88,5300,5750,5990,6010,450,20,-0.1456,0.6479,3150.0,31.5,41850.0,3150.0,3150.0,2025-01-15,WIN,hold,1,1330.0,3150.0,800.0,1330.0,1620.0,2380.0,880.0,860.0,3150.0,3150.0
2024-12-09,2025-01-22,SPX,44,6081.19,6085.66,13.52,5300,5800,6030,6050,500,20,-0.1449,0.6552,3105.0,31.05,46895.0,1105.0,1105.0,2025-01-22,WIN,hold,1,-2845.0,1105.0,775.0,1905.0,1905.0,2355.0,2435.0,2145.0,1105.0,-2845.0
2024-12-16,2025-01-29,SPX,44,6063.22,6038.67,14.26,5300,5750,6010,6030,450,20,-0.1442,0.6493,3235.0,32.35,41765.0,1235.0,1235.0,2025-01-29,WIN,hold,1,1355.0,1235.0,845.0,1355.0,1675.0,1235.0,905.0,2095.0,1235.0,1235.0
2024-12-23,2025-02-05,SPX,44,5932.17,6061.89,18.8,5100,5600,5850,5875,500,25,-0.1708,0.6525,4455.0,44.55,45545.0,1955.0,1955.0,2025-02-05,WIN,hold,1,1785.0,1955.0,1135.0,1785.0,1955.0,1955.0,1125.0,1645.0,1955.0,1955.0
2024-12-30,2025-02-14,SPX,46,5885.25,6113.74,18.82,5050,5525,5810,5830,475,20,-0.1557,0.6447,3795.0,37.95,43705.0,1795.0,1795.0,2025-02-14,WIN,hold,1,1535.0,1795.0,1115.0,1535.0,1795.0,1795.0,1375.0,515.0,1795.0,1795.0
2025-01-06,2025-02-21,SPX,46,5995.68,6013.46,16.07,5180,5665,5925,5945,485,20,-0.1485,0.6527,3620.0,36.2,44880.0,1620.0,1620.0,2025-02-21,WIN,hold,1,1500.0,1620.0,980.0,1500.0,1620.0,1620.0,1180.0,1410.0,1620.0,1620.0
2025-01-13,2025-02-28,SPX,46,5788.79,5953.03,21.08,4900,5380,5695,5715,480,20,-0.1509,0.6517,4035.0,40.35,43965.0,2035.0,2035.0,2025-02-28,WIN,hold,1,1625.0,2035.0,1155.0,1625.0,2035.0,2035.0,445.0,525.0,2035.0,2035.0
2025-01-27,2025-03-14,SPX,46,5994.91,5636.86,19.32,5150,5620,5920,5940,470,20,-0.1513,0.6466,3605.0,36.05,43395.0,3605.0,3605.0,2025-03-14,WIN,hold,1,-1575.0,3605.0,915.0,2395.0,2395.0,3045.0,-1575.0,-2855.0,-8105.0,-4225.0
2025-02-03,2025-03-21,SPX,46,5954.66,5666.68,19.17,5080,5560,5870,5890,480,20,-0.1498,0.6478,3785.0,37.85,44215.0,3785.0,3785.0,2025-03-21,WIN,hold,1,-6105.0,3785.0,975.0,2005.0,2005.0,3165.0,1355.0,2025.0,3785.0,-6105.0
2025-02-10,2025-03-28,SPX,46,6049.13,5580.28,16.36,5200,5700,5975,5990,500,15,-0.1485,0.6527,3335.0,33.35,46665.0,-8637.0,-8637.0,2025-03-28,LOSS,hold,0,-6785.0,-8637.0,1175.0,1335.0,1915.0,-8637.0,755.0,2085.0,-6785.0,-7575.0
2025-02-24,2025-04-11,SPX,46,6023.4,5361.2,18.33,5100,5640,5940,5960,540,20,-0.1519,0.6534,3895.0,38.95,50105.0,-23985.0,-23985.0,2025-04-11,LOSS,hold,0,-7805.0,-23985.0,-23985.0,-23985.0,-23985.0,-23985.0,-41855.0,-41945.0,-7805.0,-7805.0
2025-03-03,2025-04-17,SPX,45,5960.58,5283.5,19.92,5075,5555,5870,5890,480,20,-0.1493,0.6513,3935.0,39.35,44065.0,-23215.0,-23215.0,2025-04-17,LOSS,hold,0,-7685.0,-23215.0,-23215.0,-23215.0,-23215.0,-23215.0,-14735.0,-9155.0,-7875.0,-7685.0
2025-03-10,2025-04-25,SPX,46,5700.02,5523.52,26.17,4750,5210,5580,5600,460,20,-0.1517,0.6513,4315.0,43.15,41685.0,4315.0,4315.0,2025-04-25,WIN,hold,1,1735.0,4315.0,1095.0,1735.0,2895.0,3405.0,-3985.0,2895.0,-9645.0,-8255.0
2025-03-17,2025-04-30,SPX,44,5665.94,5560.16,21.14,4780,5260,5570,5590,480,20,-0.1508,0.6478,4105.0,41.05,43895.0,4105.0,4105.0,2025-04-30,WIN,hold,1,-8085.0,4105.0,1095.0,1765.0,2145.0,3165.0,2145.0,3165.0,-10705.0,-8085.0
2025-03-31,2025-05-16,SPX,46,5493.52,5958.4,24.65,4550,5030,5380,5400,480,20,-0.1488,0.65,4245.0,42.45,43755.0,2245.0,2245.0,2025-05-16,WIN,hold,1,-9455.0,2245.0,1195.0,1705.0,2245.0,2245.0,485.0,1295.0,-9455.0,-10805.0
2025-04-14,2025-05-30,SPX,46,5425.16,5907.06,33.41,4325,4800,5275,5295,475,20,-0.1486,0.649,4760.0,47.6,42740.0,2760.0,2760.0,2025-05-30,WIN,hold,1,1970.0,2760.0,1200.0,1970.0,2760.0,2760.0,820.0,960.0,2760.0,2760.0
2025-04-21,2025-06-06,SPX,46,5211.81,5999.66,32.55,4150,4650,5070,5090,500,20,-0.1502,0.6476,4700.0,47.0,45300.0,2700.0,2700.0,2025-06-06,WIN,hold,1,460.0,2700.0,1510.0,2700.0,2700.0,2700.0,460.0,570.0,2700.0,2700.0
2025-05-05,2025-06-20,SPX,46,5642.4,5968.34,24.16,4815,5150,5525,5545,335,20,-0.1495,0.6486,4005.0,40.05,29495.0,2005.0,2005.0,2025-06-20,WIN,hold,1,1075.0,2005.0,1025.0,1915.0,2005.0,2005.0,1075.0,1015.0,2005.0,2005.0
2025-05-12,2025-06-27,SPX,46,5803.13,6171.97,19.2,4900,5390,5710,5725,490,15,-0.1491,0.6498,3855.0,38.55,45145.0,2355.0,2355.0,2025-06-27,WIN,hold,1,1585.0,2355.0,995.0,1585.0,1935.0,2355.0,695.0,495.0,2355.0,2355.0
2025-05-19,2025-06-30,SPX,42,5918.27,6204.35,18.84,5085,5525,5830,5850,440,20,-0.1503,0.6509,3855.0,38.55,40145.0,1855.0,1855.0,2025-06-30,WIN,hold,1,1595.0,1855.0,965.0,1595.0,1855.0,1855.0,5.0,-275.0,1855.0,1855.0
2025-06-02,2025-07-18,SPX,46,5902.26,6296.68,18.96,5035,5475,5810,5830,440,20,-0.15,0.6485,4050.0,40.5,39950.0,2050.0,2050.0,2025-07-18,WIN,hold,1,110.0,2050.0,1160.0,1980.0,2050.0,2050.0,110.0,1240.0,2050.0,2050.0
2025-06-09,2025-07-25,SPX,46,6001.35,6389.59,17.38,5150,5600,5920,5940,450,20,-0.1462,0.6469,3835.0,38.35,41165.0,1835.0,1835.0,2025-07-25,WIN,hold,1,855.0,1835.0,975.0,1545.0,1835.0,1835.0,855.0,-395.0,1835.0,1835.0
2025-06-16,2025-07-31,SPX,45,6020.38,6341.54,19.42,5115,5595,5930,5950,480,20,-0.1502,0.6495,3980.0,39.8,44020.0,1980.0,1980.0,2025-07-31,WIN,hold,1,1180.0,1980.0,1020.0,1590.0,1980.0,1980.0,1180.0,-430.0,1980.0,1980.0
2025-06-23,2025-08-08,SPX,46,5977.93,6390.19,20.47,5050,5525,5880,5900,475,20,-0.1505,0.6508,4205.0,42.05,43295.0,2205.0,2205.0,2025-08-08,WIN,hold,1,1875.0,2205.0,1135.0,1875.0,2205.0,2205.0,325.0,1075.0,2205.0,2205.0
2025-06-30,2025-08-15,SPX,46,6186.49,6450.12,17.28,5310,5795,6105,6125,485,20,-0.1506,0.6496,3890.0,38.9,44610.0,1890.0,1890.0,2025-08-15,WIN,hold,1,1570.0,1890.0,980.0,1570.0,1890.0,1890.0,1460.0,1500.0,1890.0,1890.0
2025-07-07,2025-08-22,SPX,46,6256.8,6466.35,17.58,5350,5850,6170,6190,500,20,-0.151,0.6498,4065.0,40.65,45935.0,2065.0,2065.0,2025-08-22,WIN,hold,1,1745.0,2065.0,1025.0,1745.0,2065.0,2065.0,1075.0,1775.0,2065.0,2065.0
2025-07-14,2025-08-29,SPX,46,6240.48,6461.82,17.37,5350,5835,6155,6175,485,20,-0.1496,0.65,3945.0,39.45,44555.0,1945.0,1945.0,2025-08-29,WIN,hold,1,1615.0,1945.0,1005.0,1615.0,1945.0,1945.0,-275.0,1515.0,1945.0,1945.0
2025-07-21,2025-09-05,SPX,46,6315.43,6482.16,16.74,5450,5925,6240,6260,475,20,-0.1503,0.645,3860.0,38.6,43640.0,1860.0,1860.0,2025-09-05,WIN,hold,1,1560.0,1860.0,1040.0,1560.0,1860.0,1860.0,350.0,280.0,1860.0,1860.0
2025-07-28,2025-09-12,SPX,46,6394.68,6583.97,15.39,5550,6025,6320,6340,475,20,-0.1469,0.6527,3695.0,36.95,43805.0,1695.0,1695.0,2025-09-12,WIN,hold,1,1625.0,1695.0,945.0,1625.0,1695.0,1695.0,1365.0,455.0,1695.0,1695.0
2025-08-04,2025-09-19,SPX,46,6297.76,6662.84,18.16,5390,5870,6210,6230,480,20,-0.1497,0.65,4000.0,40.0,44000.0,2000.0,2000.0,2025-09-19,WIN,hold,1,1570.0,2000.0,1260.0,1640.0,2000.0,2000.0,1570.0,710.0,2000.0,2000.0
2025-08-11,2025-09-26,SPX,46,6394.47,6643.54,15.93,5525,6010,6320,6340,485,20,-0.1512,0.649,3820.0,38.2,44680.0,1820.0,1820.0,2025-09-26,WIN,hold,1,910.0,1820.0,980.0,1580.0,1820.0,1820.0,910.0,1090.0,1820.0,1820.0
2025-08-18,2025-10-03,SPX,46,6448.08,6715.86,15.46,5600,6070,6375,6390,470,15,-0.1517,0.6489,3430.0,34.3,43570.0,1930.0,1930.0,2025-10-03,WIN,hold,1,1440.0,1930.0,860.0,1440.0,1790.0,1930.0,1530.0,1450.0,1930.0,1930.0
2025-08-25,2025-10-10,SPX,46,6455.67,6552.8,14.84,5600,6100,6380,6400,500,20,-0.1548,0.6552,3895.0,38.95,46105.0,1895.0,1895.0,2025-10-10,WIN,hold,1,1475.0,1895.0,1005.0,1565.0,1895.0,1895.0,1475.0,1645.0,1895.0,1895.0
2025-09-08,2025-10-24,SPX,46,6497.08,6791.14,15.24,5650,6125,6425,6440,475,15,-0.1532,0.6486,3455.0,34.55,44045.0,1955.0,1955.0,2025-10-24,WIN,hold,1,1385.0,1955.0,995.0,1385.0,1845.0,1955.0,1515.0,1595.0,1955.0,1955.0
2025-09-15,2025-10-31,SPX,46,6603.5,6840.23,15.1,5740,6225,6530,6550,485,20,-0.1514,0.6501,3790.0,37.9,44710.0,1790.0,1790.0,2025-10-31,WIN,hold,1,1400.0,1790.0,950.0,1630.0,1790.0,1790.0,1400.0,1420.0,1790.0,1790.0
2025-09-22,2025-11-07,SPX,46,6652.89,6729.02,16.05,5775,6250,6570,6590,475,20,-0.1513,0.6515,3850.0,38.5,43650.0,1850.0,1850.0,2025-11-07,WIN,hold,1,1390.0,1850.0,970.0,1550.0,1850.0,1850.0,1390.0,1360.0,1850.0,1850.0
2025-09-29,2025-11-14,SPX,46,6668.92,6735.1,15.92,5800,6275,6590,6610,475,20,-0.1534,0.6483,3910.0,39.1,43590.0,1910.0,1910.0,2025-11-14,WIN,hold,1,1590.0,1910.0,1060.0,1590.0,1980.0,1910.0,1580.0,1040.0,1910.0,1910.0
2025-10-06,2025-11-21,SPX,46,6726.17,6603.8,16.89,5820,6300,6640,6660,480,20,-0.1498,0.6503,3875.0,38.75,44125.0,3875.0,3875.0,2025-11-21,WIN,hold,1,1635.0,3875.0,1025.0,1635.0,2115.0,2935.0,1835.0,2295.0,3875.0,3875.0
2025-10-13,2025-11-28,SPX,46,6634.09,6848.48,20.28,5660,6145,6530,6550,485,20,-0.15,0.6491,4215.0,42.15,44285.0,2215.0,2215.0,2025-11-28,WIN,hold,1,1835.0,2215.0,1075.0,1835.0,2145.0,2215.0,1565.0,1875.0,2215.0,2215.0
2025-10-20,2025-12-05,SPX,46,6709.6,6869.07,19.53,5750,6230,6610,6630,480,20,-0.1506,0.6489,4115.0,41.15,43885.0,2115.0,2115.0,2025-12-05,WIN,hold,1,1905.0,2115.0,1075.0,1905.0,2115.0,2115.0,635.0,155.0,2115.0,2115.0
2025-10-27,2025-12-12,SPX,46,6851.03,6827.89,15.81,5950,6430,6770,6790,480,20,-0.1494,0.6466,3840.0,38.4,44160.0,1840.0,1840.0,2025-12-12,WIN,hold,1,1540.0,1840.0,990.0,1540.0,1920.0,1840.0,1720.0,1920.0,1840.0,1840.0
2025-11-03,2025-12-19,SPX,46,6852.89,6834.7,17.86,5900,6380,6750,6770,480,20,-0.1496,0.6505,4230.0,42.3,43770.0,2230.0,2230.0,2025-12-19,WIN,hold,1,1700.0,2230.0,1260.0,1700.0,2160.0,3240.0,2200.0,2500.0,2230.0,2230.0
2025-11-10,2025-12-26,SPX,46,6808.36,6930.52,17.95,5900,6375,6710,6730,475,20,-0.1543,0.6517,4150.0,41.5,43350.0,2150.0,2150.0,2025-12-26,WIN,hold,1,1750.0,2150.0,1050.0,1750.0,2100.0,2150.0,1460.0,1890.0,2150.0,2150.0
2025-11-17,2025-12-31,SPX,44,6736.49,6845.77,20.51,5865,6255,6630,6650,390,20,-0.15,0.6492,3870.0,38.7,35130.0,1870.0,1870.0,2025-12-31,WIN,hold,1,1550.0,1870.0,1030.0,1550.0,1870.0,1870.0,1110.0,690.0,1870.0,1870.0
2025-11-24,2026-01-08,SPX,45,6643.86,6921.1,22.37,5700,6150,6525,6550,450,25,-0.1571,0.6524,4595.0,45.95,40405.0,2095.0,2095.0,2026-01-08,WIN,hold,1,-315.0,2095.0,1165.0,1975.0,2095.0,2095.0,-315.0,195.0,2095.0,2095.0
2025-12-01,2026-01-15,SPX,45,6806.53,6944.97,17.74,6000,6375,6700,6725,375,25,-0.1539,0.6609,4095.0,40.95,33405.0,1595.0,1595.0,2026-01-15,WIN,hold,1,1225.0,1595.0,1055.0,1595.0,1595.0,1595.0,1225.0,-195.0,1595.0,1595.0
2025-12-08,2026-01-22,SPX,45,6871.06,6912.54,16.41,6000,6475,6775,6800,475,25,-0.1548,0.6604,4305.0,43.05,43195.0,1805.0,1805.0,2026-01-22,WIN,hold,1,1765.0,1805.0,1085.0,1765.0,2345.0,1805.0,1835.0,1835.0,1805.0,1805.0
2025-12-15,2026-01-29,SPX,45,6844.19,6966.27,16.31,5900,6425,6750,6775,525,25,-0.1449,0.6611,4210.0,42.1,48290.0,1710.0,1710.0,2026-01-29,WIN,hold,1,1920.0,1710.0,1060.0,1920.0,1710.0,1710.0,1380.0,140.0,1710.0,1710.0
2025-12-22,2026-02-05,SPX,45,6860.88,6799.99,14.85,6000,6475,6775,6800,475,25,-0.1467,0.6597,4050.0,40.5,43450.0,1551.0,1551.0,2026-02-05,WIN,hold,1,100.0,1551.0,1240.0,1710.0,2170.0,1551.0,100.0,1250.0,1551.0,1551.0
2025-12-29,2026-02-13,SPX,46,6912.35,6835.08,14.76,6050,6525,6830,6850,475,20,-0.1514,0.6532,3775.0,37.75,43725.0,3267.0,3267.0,2026-02-13,WIN,hold,1,1565.0,3267.0,1035.0,1565.0,1975.0,2915.0,1355.0,1355.0,3267.0,3267.0
2026-01-05,2026-02-20,SPX,46,6901.45,6910.22,14.9,6040,6520,6820,6840,480,20,-0.1518,0.6519,3860.0,38.6,44140.0,1860.0,1860.0,2026-02-20,WIN,hold,1,1600.0,1860.0,990.0,1600.0,2010.0,1860.0,2060.0,2220.0,1860.0,1860.0
2026-01-12,2026-02-27,SPX,46,6953.11,6878.04,15.53,6080,6550,6870,6890,470,20,-0.1511,0.6507,3805.0,38.05,43195.0,3001.0,3001.0,2026-02-27,WIN,hold,1,1645.0,3001.0,965.0,1645.0,1925.0,3255.0,1985.0,2145.0,3001.0,3001.0
2026-01-26,2026-03-13,SPX,46,6945.5,6631.88,16.09,6050,6520,6860,6880,470,20,-0.1515,0.6465,3965.0,39.65,43035.0,3965.0,3965.0,2026-03-13,WIN,hold,1,1665.0,3965.0,1145.0,1665.0,2385.0,2975.0,-385.0,2975.0,3965.0,3965.0
2026-02-02,2026-03-20,SPX,46,6948.28,6508.32,17.47,6000,6480,6850,6870,480,20,-0.1505,0.6494,4145.0,41.45,43855.0,4145.0,4145.0,2026-03-20,WIN,hold,1,2395.0,4145.0,1075.0,2395.0,2395.0,3115.0,2395.0,3545.0,4145.0,4145.0
2026-02-09,2026-03-27,SPX,46,6934.58,6367.77,18.07,6000,6450,6830,6850,450,20,-0.1496,0.6503,4130.0,41.3,40870.0,-4093.0,-4093.0,2026-03-27,LOSS,hold,0,1830.0,-4093.0,1350.0,1830.0,2200.0,3190.0,1830.0,2660.0,-4093.0,-330.0
2026-02-23,2026-04-10,SPX,46,6892.83,6817.9,20.02,5900,6375,6780,6800,475,20,-0.1511,0.6493,4390.0,43.9,43110.0,2390.0,2390.0,2026-04-10,WIN,hold,1,-7040.0,2390.0,1690.0,1880.0,2900.0,3370.0,2900.0,3160.0,2390.0,-7040.0
2026-03-02,2026-04-17,SPX,46,6835.28,7125.12,22.08,5800,6280,6715,6735,480,20,-0.1492,0.6482,4330.0,43.3,43670.0,2330.0,2330.0,2026-04-17,WIN,hold,1,2420.0,2330.0,1090.0,2420.0,2420.0,2330.0,1480.0,1820.0,2330.0,2330.0
2026-03-09,2026-04-24,SPX,46,6654.67,7164.29,31.39,5550,5950,6500,6525,400,25,-0.151,0.6444,4930.0,49.3,35070.0,2430.0,2430.0,2026-04-24,WIN,hold,1,2050.0,2430.0,1240.0,2050.0,2430.0,2430.0,1020.0,1030.0,2430.0,2430.0
2026-03-16,2026-04-30,SPX,45,6705.54,7209.63,24.44,5640,6120,6565,6585,480,20,-0.1505,0.6514,4550.0,45.5,43450.0,2550.0,2550.0,2026-04-30,WIN,hold,1,1840.0,2550.0,1780.0,1840.0,2390.0,2550.0,870.0,160.0,2550.0,2550.0
2026-03-23,2026-05-08,SPX,46,6606.55,7397.43,24.64,5500,6000,6475,6500,500,25,-0.1453,0.6447,4835.0,48.35,45165.0,2335.0,2335.0,2026-05-08,WIN,hold,1,265.0,2335.0,1215.0,2235.0,2335.0,2335.0,265.0,945.0,2335.0,2335.0
2026-03-30,2026-05-15,SPX,46,6396.4,7409.18,30.25,5250,5730,6230,6250,480,20,-0.1505,0.6511,4735.0,47.35,43265.0,2735.0,2735.0,2026-05-15,WIN,hold,1,1935.0,2735.0,1285.0,1935.0,2735.0,2735.0,755.0,605.0,2735.0,2735.0
2026-04-06,2026-05-22,SPX,46,6592.07,7474.07,24.82,5500,6000,6450,6470,500,20,-0.1473,0.6512,4645.0,46.45,45355.0,2645.0,2645.0,2026-05-22,WIN,hold,1,1865.0,2645.0,1165.0,1865.0,2575.0,2645.0,885.0,745.0,2645.0,2645.0
2026-04-13,2026-05-29,SPX,46,6793.04,7581.25,20.69,5820,6275,6680,6700,455,20,-0.1502,0.6483,4345.0,43.45,41155.0,2345.0,2345.0,2026-05-29,WIN,hold,1,1755.0,2345.0,1115.0,1755.0,2345.0,2345.0,435.0,365.0,2345.0,2345.0
