trade_date,exp_date,underlying,dte_entry,structure,spot_entry,spot_exit,put_upper,put_center,put_lower,total_credit,vix_entry,pnl_usd,result,exit_method,mfe,mae,pnl_exit30,pnl_exit21,pnl_exit14,pnl_exit10,pnl_exit7,pnl_exit5,pnl_exit3
2021-06-04,2021-07-16,SPX,42,BWB 1-2-2 puts (+1/-2/+2),4217.1,4326.81,4100,3980,3450,80.0,16.65,-80.0,LOSS,expiration,220,-1150,175.0,225.0,60.0,20.0,37.5,17.5,7.5
2021-06-11,2021-07-23,SPX,42,BWB 1-2-2 puts (+1/-2/+2),4243.32,4411.1,4140,4025,3500,300.0,15.43,-300.0,LOSS,expiration,350,-1750,160.0,65.0,65.0,20.0,32.5,435.0,140.0
2021-06-18,2021-07-30,SPX,42,BWB 1-2-2 puts (+1/-2/+2),4188.86,4395.97,4060,3920,3320,310.0,19.52,-310.0,LOSS,expiration,140,-900,-40.0,-90.0,-80.0,55.0,-132.5,-155.0,-157.5
2021-06-25,2021-08-06,SPX,42,BWB 1-2-2 puts (+1/-2/+2),4274.57,4436.2,4170,4040,3525,280.0,15.71,-280.0,LOSS,expiration,80,-1320,-15.0,70.0,20.0,-35.0,-137.5,-165.0,-135.0
2021-07-02,2021-08-13,SPX,42,BWB 1-2-2 puts (+1/-2/+2),4333.06,4467.97,4230,4120,3600,40.0,14.52,-40.0,LOSS,expiration,130,-1440,25.0,50.0,140.0,270.0,107.5,55.0,50.0
2021-07-09,2021-08-20,SPX,42,BWB 1-2-2 puts (+1/-2/+2),4349.82,4400.27,4230,4100,3530,130.0,16.97,-130.0,LOSS,expiration,60,-1170,-45.0,95.0,100.0,10.0,-40.0,-60.0,-55.0
2021-07-16,2021-08-27,SPX,42,BWB 1-2-2 puts (+1/-2/+2),4365.01,4508.71,4245,4110,3575,210.0,16.42,-210.0,LOSS,expiration,180,-1930,10.0,105.0,80.0,70.0,290.0,-40.0,-57.5
2021-07-23,2021-09-03,SPX,42,BWB 1-2-2 puts (+1/-2/+2),4382.7,4535.22,4250,4110,3550,90.0,17.21,-90.0,LOSS,expiration,200,-1100,175.0,155.0,335.0,65.0,90.0,7.5,0.0
2021-07-30,2021-09-10,SPX,42,BWB 1-2-2 puts (+1/-2/+2),4406.6,4459.16,4280,4140,3575,290.0,17.89,-290.0,LOSS,expiration,0,-1280,245.0,250.0,270.0,125.0,80.0,80.0,80.0
2021-08-06,2021-09-17,SPX,42,BWB 1-2-2 puts (+1/-2/+2),4431.13,4433.19,4310,4175,3610,10.0,16.94,-10.0,LOSS,expiration,130,-660,75.0,210.0,80.0,70.0,165.0,105.0,130.0
2021-08-13,2021-09-24,SPX,42,BWB 1-2-2 puts (+1/-2/+2),4464.73,4455.58,4350,4220,3675,30.0,15.33,-30.0,LOSS,expiration,2260,-1410,90.0,110.0,270.0,360.0,360.0,1590.0,1640.0
2021-08-20,2021-10-01,SPX,42,BWB 1-2-2 puts (+1/-2/+2),4400.27,4355.01,4270,4110,3500,150.0,21.57,-150.0,LOSS,expiration,820,-730,45.0,100.0,200.0,790.0,180.0,37.5,230.0
2021-08-27,2021-10-08,SPX,42,BWB 1-2-2 puts (+1/-2/+2),4484.57,4390.96,4360,4220,3625,1120.0,17.59,-1120.0,LOSS,expiration,3520,-2120,-250.0,-20.0,325.0,905.0,2235.0,2625.0,3255.0
2021-09-03,2021-10-15,SPX,42,BWB 1-2-2 puts (+1/-2/+2),4529.59,4471.01,4410,4275,3670,600.0,16.6,-600.0,LOSS,expiration,4990,-2540,-35.0,230.0,480.0,2325.0,2195.0,2180.0,4110.0
2021-09-10,2021-10-22,SPX,42,BWB 1-2-2 puts (+1/-2/+2),4502.2,4545.08,4375,4230,3625,150.0,17.69,-150.0,LOSS,expiration,2560,-2580,-175.0,-320.0,1030.0,2070.0,855.0,390.0,77.5
2021-09-17,2021-10-29,SPX,42,BWB 1-2-2 puts (+1/-2/+2),4451.54,4604.75,4310,4160,3540,130.0,19.5,-130.0,LOSS,expiration,1170,-2550,-60.0,560.0,645.0,250.0,75.0,42.5,35.0
2021-09-24,2021-11-05,SPX,42,BWB 1-2-2 puts (+1/-2/+2),4452.18,4696.4,4310,4170,3575,20.0,18.68,-20.0,LOSS,expiration,500,-3230,-525.0,615.0,280.0,177.5,160.0,150.0,132.5
2021-10-01,2021-11-12,SPX,42,BWB 1-2-2 puts (+1/-2/+2),4309.7,4682.96,4150,3980,3400,1970.0,22.91,-1970.0,LOSS,expiration,0,-2960,420.0,-210.0,-305.0,-325.0,-315.0,-305.0,-312.5
2021-10-08,2021-11-19,SPX,42,BWB 1-2-2 puts (+1/-2/+2),4398.49,4697.95,4255,4110,3580,130.0,18.92,-130.0,LOSS,expiration,170,-1210,130.0,105.0,-30.0,-60.0,-55.0,-42.5,-32.5
2021-10-15,2021-11-26,SPX,42,BWB 1-2-2 puts (+1/-2/+2),4465.65,4596.63,4350,4225,3710,90.0,15.9,-90.0,LOSS,expiration,20,-1150,85.0,110.0,80.0,30.0,25.0,35.0,22.5
2021-10-22,2021-12-03,SPX,42,BWB 1-2-2 puts (+1/-2/+2),4552.15,4577.1,4430,4310,3775,-140.0,15.06,140.0,WIN,expiration,1140,-1190,225.0,405.0,260.0,250.0,200.0,380.0,330.0
2021-10-29,2021-12-10,SPX,42,BWB 1-2-2 puts (+1/-2/+2),4585.1,4711.65,4450,4310,3750,100.0,17.06,-100.0,LOSS,expiration,880,-1280,200.0,190.0,150.0,440.0,810.0,915.0,97.5
2021-11-05,2021-12-17,SPX,42,BWB 1-2-2 puts (+1/-2/+2),4713.96,4620.26,4595,4465,3910,110.0,15.07,-110.0,LOSS,expiration,1920,-1810,80.0,295.0,-225.0,785.0,850.0,620.0,1205.0
2021-11-12,2021-12-31,SPX,49,BWB 1-2-2 puts (+1/-2/+2),4653.64,4766.1,4510,4360,3745,140.0,17.08,-140.0,LOSS,expiration,1520,-1580,150.0,475.0,580.0,1325.0,15.0,15.0,10.0
2021-11-19,2021-12-31,SPX,42,BWB 1-2-2 puts (+1/-2/+2),4710.65,4766.1,4575,4430,3800,140.0,17.87,-140.0,LOSS,expiration,1810,-2310,-60.0,510.0,905.0,1840.0,55.0,55.0,5.0
2021-11-26,2022-01-07,SPX,42,BWB 1-2-2 puts (+1/-2/+2),4624.37,4676.51,4450,4250,3500,1130.0,25.77,-1130.0,LOSS,expiration,460,-2610,185.0,290.0,-295.0,-362.5,-422.5,-400.0,-415.0
2021-12-03,2022-01-14,SPX,42,BWB 1-2-2 puts (+1/-2/+2),4577.1,4661.92,4375,4170,3350,1280.0,28.99,-1280.0,LOSS,expiration,0,-1900,290.0,-90.0,-235.0,-190.0,-132.5,-10.0,-142.5
2021-12-10,2022-01-21,SPX,42,BWB 1-2-2 puts (+1/-2/+2),4687.31,4397.87,4540,4385,3730,230.0,20.18,13983.0,WIN,expiration,12680,-1750,345.0,190.0,535.0,890.0,715.0,1510.0,1510.0
2021-12-17,2022-01-28,SPX,42,BWB 1-2-2 puts (+1/-2/+2),4624.26,4431.8,4460,4290,3600,370.0,22.2,2450.0,WIN,expiration,10590,-1530,20.0,260.0,365.0,930.0,1605.0,2995.0,3340.0
2021-12-31,2022-02-11,SPX,42,BWB 1-2-2 puts (+1/-2/+2),4775.22,4416.86,4640,4490,3875,280.0,17.72,7406.0,WIN,expiration,11490,-6990,205.0,-10.0,-3820.0,2785.0,4020.0,5945.0,7030.0
2022-01-07,2022-02-18,SPX,42,BWB 1-2-2 puts (+1/-2/+2),4703.29,4348.67,4555,4395,3790,320.0,19.15,11047.0,WIN,expiration,12670,-5250,250.0,-1470.0,1915.0,3300.0,3235.0,4970.0,5620.0
2022-01-14,2022-02-25,SPX,42,BWB 1-2-2 puts (+1/-2/+2),4659.03,4288.7,4500,4350,3750,190.0,20.24,8680.0,WIN,expiration,11850,-4650,-1365.0,490.0,1225.0,1780.0,2895.0,4875.0,4875.0
2022-01-21,2022-03-04,SPX,42,BWB 1-2-2 puts (+1/-2/+2),4450.74,4363.49,4275,4075,3350,1160.0,27.11,-1160.0,LOSS,expiration,2980,-3130,-275.0,-25.0,835.0,1485.0,2280.0,1575.0,1090.0
2022-01-28,2022-03-11,SPX,42,BWB 1-2-2 puts (+1/-2/+2),4297.45,4203.91,4090,3900,3000,560.0,31.85,-560.0,LOSS,expiration,1430,-1680,360.0,810.0,1320.0,770.0,710.0,1150.0,2000.0
2022-02-04,2022-03-18,SPX,42,BWB 1-2-2 puts (+1/-2/+2),4484.16,4462.85,4300,4120,3470,310.0,24.54,-310.0,LOSS,expiration,5410,-1370,300.0,625.0,1050.0,1895.0,3300.0,5020.0,5520.0
2022-02-11,2022-03-25,SPX,42,BWB 1-2-2 puts (+1/-2/+2),4503.19,4543.05,4320,4140,3500,520.0,24.25,-520.0,LOSS,expiration,2560,-1780,235.0,380.0,1885.0,2945.0,1220.0,615.0,140.0
2022-02-18,2022-04-01,SPX,42,BWB 1-2-2 puts (+1/-2/+2),4392.71,4544.79,4200,4000,3350,940.0,27.85,-940.0,LOSS,expiration,1380,-1660,160.0,1075.0,230.0,-330.0,-635.0,-705.0,-712.5
2022-02-25,2022-04-08,SPX,42,BWB 1-2-2 puts (+1/-2/+2),4288.7,4489.24,4090,3900,3200,970.0,29.85,-970.0,LOSS,expiration,200,-1950,450.0,255.0,-225.0,-272.5,-312.5,-302.5,-305.0
2022-03-04,2022-04-22,SPX,49,BWB 1-2-2 puts (+1/-2/+2),4363.49,4272.28,4125,3900,3100,460.0,32.94,-460.0,LOSS,expiration,790,-2360,315.0,-190.0,-130.0,-135.0,-215.0,-215.0,-280.0
2022-03-11,2022-04-22,SPX,42,BWB 1-2-2 puts (+1/-2/+2),4274.69,4272.28,4075,3890,3200,1110.0,29.79,-1110.0,LOSS,expiration,0,-1970,30.0,-337.5,-220.0,-220.0,-260.0,-260.0,-285.0
2022-03-18,2022-04-29,SPX,42,BWB 1-2-2 puts (+1/-2/+2),4407.41,4132.17,4230,4050,3390,370.0,25.55,9413.0,WIN,expiration,7690,-1330,15.0,230.0,730.0,405.0,455.0,3800.0,2990.0
2022-03-25,2022-05-06,SPX,42,BWB 1-2-2 puts (+1/-2/+2),4525.13,4146.87,4360,4200,3600,380.0,21.59,10307.0,WIN,expiration,9220,-1690,430.0,1320.0,1740.0,2145.0,3000.0,2210.0,4300.0
2022-04-01,2022-05-13,SPX,42,BWB 1-2-2 puts (+1/-2/+2),4537.52,4023.56,4380,4225,3650,630.0,20.2,-5274.0,LOSS,expiration,2470,-21710,65.0,870.0,1210.0,515.0,170.0,-3305.0,-3485.0
2022-04-08,2022-05-20,SPX,42,BWB 1-2-2 puts (+1/-2/+2),4476.48,3901.55,4315,4150,3550,430.0,22.27,-8775.0,LOSS,expiration,5430,-17680,475.0,535.0,315.0,-850.0,-6485.0,-980.0,4745.0
2022-04-22,2022-06-03,SPX,42,BWB 1-2-2 puts (+1/-2/+2),4355.15,4108.23,4190,4025,3450,600.0,23.9,7577.0,WIN,expiration,7790,-6040,-120.0,-2735.0,-1310.0,-110.0,4955.0,5270.0,5270.0
2022-04-29,2022-06-10,SPX,42,BWB 1-2-2 puts (+1/-2/+2),4267.85,3900.16,4080,3900,3200,1030.0,28.98,16954.0,WIN,expiration,16160,-5870,-595.0,570.0,2230.0,2205.0,1055.0,1095.0,2570.0
2022-05-06,2022-06-17,SPX,42,BWB 1-2-2 puts (+1/-2/+2),4146.87,3673.63,3915,3695,2900,1160.0,35.09,18703.0,WIN,expiration,18490,-1250,1280.0,620.0,-160.0,350.0,1425.0,6770.0,7920.0
2022-05-13,2022-06-24,SPX,42,BWB 1-2-2 puts (+1/-2/+2),3993.95,3912.21,3810,3640,3050,980.0,29.71,-980.0,LOSS,expiration,5190,-1680,405.0,-105.0,615.0,2595.0,4105.0,4490.0,4490.0
2022-05-20,2022-07-01,SPX,42,BWB 1-2-2 puts (+1/-2/+2),3933.8,3825.03,3760,3600,3050,740.0,28.22,-740.0,LOSS,expiration,2970,-1620,-160.0,325.0,2005.0,2235.0,2215.0,145.0,-360.0
2022-05-27,2022-07-08,SPX,42,BWB 1-2-2 puts (+1/-2/+2),4115.44,3899.18,3950,3790,3250,710.0,26.13,4372.0,WIN,expiration,7690,-5990,330.0,-1715.0,2340.0,2955.0,3120.0,6045.0,6045.0
2022-06-03,2022-07-15,SPX,42,BWB 1-2-2 puts (+1/-2/+2),4134.22,3861.56,3965,3810,3280,440.0,25.29,9904.0,WIN,expiration,10830,-10620,-1590.0,255.0,2870.0,1305.0,3955.0,5680.0,6330.0
2022-06-10,2022-07-22,SPX,42,BWB 1-2-2 puts (+1/-2/+2),3935.06,3962.24,3750,3600,3100,1060.0,27.92,-1060.0,LOSS,expiration,2290,-3400,190.0,800.0,630.0,1105.0,1840.0,-40.0,-65.0
2022-06-17,2022-07-29,SPX,42,BWB 1-2-2 puts (+1/-2/+2),3698.69,4130.48,3525,3360,2750,680.0,31.44,-680.0,LOSS,expiration,380,-1660,130.0,-125.0,65.0,-392.5,-515.0,-537.5,-532.5
2022-06-24,2022-08-05,SPX,42,BWB 1-2-2 puts (+1/-2/+2),3852.1,4144.66,3680,3525,2950,1310.0,28.4,-1310.0,LOSS,expiration,160,-5710,310.0,1045.0,-115.0,-55.0,-355.0,-367.5,-360.0
2022-07-01,2022-08-12,SPX,42,BWB 1-2-2 puts (+1/-2/+2),3800.64,4279.35,3640,3475,2950,1880.0,27.94,-1880.0,LOSS,expiration,0,-2050,460.0,-370.0,-637.5,-657.5,-700.0,-700.0,-700.0
2022-07-08,2022-08-19,SPX,42,BWB 1-2-2 puts (+1/-2/+2),3874.9,4228.37,3715,3565,3090,410.0,25.76,-410.0,LOSS,expiration,450,-1350,400.0,-90.0,-282.5,-285.0,-335.0,-325.0,-330.0
2022-07-15,2022-08-26,SPX,42,BWB 1-2-2 puts (+1/-2/+2),3826.81,4058.29,3670,3525,3050,1680.0,25.31,-1680.0,LOSS,expiration,0,-1710,115.0,-340.0,-425.0,-450.0,-445.0,-442.5,-445.0
2022-07-22,2022-09-02,SPX,42,BWB 1-2-2 puts (+1/-2/+2),3991.17,3925.29,3840,3690,3200,380.0,23.25,-380.0,LOSS,expiration,210,-1410,235.0,-95.0,-252.5,-115.0,-240.0,60.0,-72.5
2022-07-29,2022-09-09,SPX,42,BWB 1-2-2 puts (+1/-2/+2),4102.69,4067.62,3970,3825,3350,750.0,21.72,-750.0,LOSS,expiration,4420,-1030,115.0,-135.0,5.0,1470.0,2595.0,4265.0,4265.0
2022-08-05,2022-09-16,SPX,42,BWB 1-2-2 puts (+1/-2/+2),4131.1,3872.56,3990,3845,3370,320.0,21.7,11424.0,WIN,expiration,11730,-860,130.0,320.0,1830.0,2420.0,2165.0,450.0,2300.0
2022-08-12,2022-09-23,SPX,42,BWB 1-2-2 puts (+1/-2/+2),4234.43,3695.23,4100,3960,3450,710.0,19.84,-13187.0,LOSS,expiration,2980,-18770,365.0,165.0,2080.0,2625.0,1860.0,770.0,250.0
2022-08-19,2022-09-30,SPX,42,BWB 1-2-2 puts (+1/-2/+2),4237.6,3589.7,4095,3955,3455,520.0,20.72,-23050.0,LOSS,expiration,1040,-28420,-615.0,730.0,-110.0,-1375.0,-6085.0,-11250.0,-11645.0
2022-08-26,2022-10-07,SPX,42,BWB 1-2-2 puts (+1/-2/+2),4197.3,3640.38,4050,3910,3400,840.0,22.06,-13802.0,LOSS,expiration,480,-23520,-1265.0,-645.0,-4205.0,-7365.0,-11750.0,-14580.0,-615.0
2022-09-02,2022-10-14,SPX,42,BWB 1-2-2 puts (+1/-2/+2),3983.57,3585.73,3830,3690,3200,510.0,24.16,3063.0,WIN,expiration,7560,-4530,400.0,350.0,-885.0,1735.0,2490.0,1825.0,-315.0
2022-09-09,2022-10-21,SPX,42,BWB 1-2-2 puts (+1/-2/+2),4045.35,3752.75,3900,3760,3300,750.0,22.91,12525.0,WIN,expiration,11630,-10610,-255.0,-2575.0,195.0,-5285.0,15.0,1430.0,4655.0
2022-09-16,2022-10-28,SPX,42,BWB 1-2-2 puts (+1/-2/+2),3840.48,3900.55,3680,3520,3000,1200.0,28.34,-1200.0,LOSS,expiration,2660,-5310,-125.0,790.0,1810.0,1550.0,3200.0,645.0,-247.5
2022-09-23,2022-11-04,SPX,42,BWB 1-2-2 puts (+1/-2/+2),3691.77,3770.42,3530,3400,2850,40.0,29.13,-40.0,LOSS,expiration,980,-4620,250.0,635.0,1155.0,305.0,240.0,100.0,80.0
2022-09-30,2022-11-11,SPX,42,BWB 1-2-2 puts (+1/-2/+2),3643.29,3992.21,3480,3325,2750,500.0,31.01,-500.0,LOSS,expiration,530,-4310,325.0,740.0,-15.0,-267.5,-125.0,-315.0,-337.5
2022-10-07,2022-11-18,SPX,42,BWB 1-2-2 puts (+1/-2/+2),3667.11,3967.12,3500,3335,2750,870.0,31.61,-870.0,LOSS,expiration,260,-1660,390.0,15.0,195.0,-440.0,-565.0,-570.0,-577.5
2022-10-14,2022-11-25,SPX,42,BWB 1-2-2 puts (+1/-2/+2),3677.16,4026.98,3510,3360,2850,1850.0,31.65,-1850.0,LOSS,expiration,0,-2560,-35.0,475.0,-512.5,-535.0,-532.5,-537.5,-542.5
2022-10-21,2022-12-02,SPX,42,BWB 1-2-2 puts (+1/-2/+2),3700.91,4071.55,3540,3400,2900,500.0,29.38,-500.0,LOSS,expiration,540,-1920,125.0,-280.0,-382.5,-385.0,-400.0,-410.0,-400.0
2022-10-28,2022-12-09,SPX,42,BWB 1-2-2 puts (+1/-2/+2),3835.58,3934.36,3690,3540,3100,1280.0,27.39,-1280.0,LOSS,expiration,50,-2520,455.0,-310.0,-747.5,-707.5,-825.0,-825.0,-815.0
2022-11-04,2022-12-16,SPX,42,BWB 1-2-2 puts (+1/-2/+2),3759.4,3851.02,3615,3480,3080,1090.0,24.72,-1090.0,LOSS,expiration,0,-1970,-235.0,-415.0,-485.0,-470.0,-470.0,-475.0,-500.0
2022-11-11,2022-12-23,SPX,42,BWB 1-2-2 puts (+1/-2/+2),3959.27,3844.45,3820,3680,3250,1080.0,23.43,-1080.0,LOSS,expiration,3840,-1410,80.0,-105.0,595.0,-435.0,630.0,1540.0,2095.0
2022-11-18,2022-12-30,SPX,42,BWB 1-2-2 puts (+1/-2/+2),3962.7,3839.85,3830,3695,3245,820.0,23.6,-820.0,LOSS,expiration,3680,-1355,480.0,655.0,1105.0,2285.0,2185.0,2305.0,2305.0
2022-11-25,2023-01-06,SPX,42,BWB 1-2-2 puts (+1/-2/+2),4029.54,3894.2,3910,3780,3350,550.0,20.97,1030.0,WIN,expiration,7130,-2330,295.0,1425.0,2490.0,3105.0,3770.0,4480.0,4480.0
2022-12-02,2023-01-13,SPX,42,BWB 1-2-2 puts (+1/-2/+2),4033.69,3998.63,3910,3780,3350,630.0,19.88,-630.0,LOSS,expiration,2910,-2550,385.0,570.0,1715.0,1865.0,2765.0,2150.0,2975.0
2022-12-09,2023-01-20,SPX,42,BWB 1-2-2 puts (+1/-2/+2),3957.58,3971.78,3825,3685,3240,2810.0,22.86,-2810.0,LOSS,expiration,0,-6780,860.0,1215.0,2140.0,1130.0,-420.0,-585.0,-585.0
2022-12-16,2023-01-27,SPX,42,BWB 1-2-2 puts (+1/-2/+2),3876.13,4070.02,3755,3630,3200,680.0,22.41,-680.0,LOSS,expiration,620,-1810,250.0,790.0,-360.0,-460.0,-315.0,-520.0,-530.0
2022-12-23,2023-02-03,SPX,42,BWB 1-2-2 puts (+1/-2/+2),3799.89,4136.52,3670,3540,3150,2140.0,22.49,-2140.0,LOSS,expiration,0,-3050,320.0,-385.0,-300.0,-525.0,-585.0,-592.5,-605.0
2022-12-30,2023-02-10,SPX,42,BWB 1-2-2 puts (+1/-2/+2),3818.57,4090.49,3690,3570,3200,500.0,22.03,-500.0,LOSS,expiration,160,-2450,135.0,70.0,-332.5,-340.0,-380.0,-385.0,-387.5
2023-01-06,2023-02-17,SPX,42,BWB 1-2-2 puts (+1/-2/+2),3821.08,4078.98,3700,3580,3210,2640.0,21.85,-2640.0,LOSS,expiration,0,-2770,-245.0,-355.0,-480.0,-482.5,-485.0,-502.5,-510.0
2023-01-13,2023-02-24,SPX,42,BWB 1-2-2 puts (+1/-2/+2),3961.6,3970.42,3850,3740,3350,1810.0,18.7,-1810.0,LOSS,expiration,0,-3300,165.0,-120.0,50.0,-180.0,-125.0,-127.5,-127.5
2023-01-20,2023-03-03,SPX,42,BWB 1-2-2 puts (+1/-2/+2),3910.21,4045.32,3800,3680,3250,1760.0,20.23,-1760.0,LOSS,expiration,0,-3370,-105.0,-145.0,-260.0,-185.0,-280.0,-365.0,-355.0
2023-01-27,2023-03-10,SPX,42,BWB 1-2-2 puts (+1/-2/+2),4061.85,3861.68,3960,3840,3450,2100.0,18.38,7732.0,WIN,expiration,7290,-4780,30.0,255.0,915.0,1655.0,1830.0,180.0,295.0
2023-02-03,2023-03-17,SPX,42,BWB 1-2-2 puts (+1/-2/+2),4149.73,3916.47,4040,3910,3440,430.0,18.46,11923.0,WIN,expiration,11740,-2720,345.0,790.0,2155.0,1865.0,2480.0,1765.0,5125.0
2023-02-10,2023-03-24,SPX,42,BWB 1-2-2 puts (+1/-2/+2),4073.56,3971.35,3940,3800,3350,1990.0,21.31,-1990.0,LOSS,expiration,780,-2620,425.0,1295.0,1575.0,1905.0,1685.0,2495.0,1435.0
2023-02-17,2023-03-31,SPX,42,BWB 1-2-2 puts (+1/-2/+2),4054.66,4108.9,3930,3795,3330,360.0,21.02,-360.0,LOSS,expiration,1650,-900,595.0,690.0,810.0,835.0,1660.0,850.0,1175.0
2023-02-24,2023-04-14,SPX,49,BWB 1-2-2 puts (+1/-2/+2),3951.24,4137.47,3820,3675,3200,1700.0,22.76,-1700.0,LOSS,expiration,0,-2570,90.0,350.0,-290.0,-537.5,-567.5,-567.5,-582.5
2023-03-03,2023-04-14,SPX,42,BWB 1-2-2 puts (+1/-2/+2),4009.72,4137.47,3895,3780,3425,1380.0,19.21,-1380.0,LOSS,expiration,0,-3550,-310.0,190.0,180.0,-170.0,-170.0,-170.0,-265.0
2023-03-10,2023-04-21,SPX,42,BWB 1-2-2 puts (+1/-2/+2),3894.8,4133.56,3770,3635,3170,720.0,23.36,-720.0,LOSS,expiration,0,-2090,-165.0,-345.0,-515.0,-555.0,-575.0,-572.5,-575.0
2023-03-17,2023-04-28,SPX,42,BWB 1-2-2 puts (+1/-2/+2),3942.35,4169.77,3815,3670,3140,2000.0,24.02,-2000.0,LOSS,expiration,0,-3030,315.0,-90.0,-312.5,-335.0,-337.5,-350.0,-340.0
2023-03-24,2023-05-05,SPX,42,BWB 1-2-2 puts (+1/-2/+2),3931.04,4135.77,3795,3640,3100,580.0,24.09,-580.0,LOSS,expiration,220,-1230,-70.0,-310.0,-380.0,-397.5,-460.0,-455.0,-462.5
2023-03-31,2023-05-12,SPX,42,BWB 1-2-2 puts (+1/-2/+2),4070.21,4123.85,3960,3830,3400,1170.0,18.88,-1170.0,LOSS,expiration,0,-1640,150.0,115.0,90.0,-132.5,560.0,-280.0,-332.5
2023-04-14,2023-05-26,SPX,42,BWB 1-2-2 puts (+1/-2/+2),4160.54,4205.01,4060,3945,3525,650.0,17.55,-650.0,LOSS,expiration,290,-1270,-10.0,250.0,575.0,615.0,5.0,-5.0,-17.5
2023-04-21,2023-06-02,SPX,42,BWB 1-2-2 puts (+1/-2/+2),4121.67,4281.67,4020,3900,3450,220.0,17.35,-220.0,LOSS,expiration,490,-1180,95.0,345.0,50.0,100.0,215.0,-110.0,-110.0
2023-04-28,2023-06-09,SPX,42,BWB 1-2-2 puts (+1/-2/+2),4136.61,4299.44,4040,3925,3500,670.0,16.54,-670.0,LOSS,expiration,0,-1650,145.0,180.0,435.0,80.0,-30.0,-77.5,-77.5
2023-05-05,2023-06-16,SPX,42,BWB 1-2-2 puts (+1/-2/+2),4111.5,4409.77,4000,3870,3400,160.0,17.97,-160.0,LOSS,expiration,240,-1290,300.0,305.0,60.0,-65.0,-100.0,-92.5,-92.5
2023-05-12,2023-06-23,SPX,42,BWB 1-2-2 puts (+1/-2/+2),4139.03,4348.23,4040,3920,3450,540.0,16.54,-540.0,LOSS,expiration,0,-2210,50.0,290.0,75.0,32.5,30.0,25.0,25.0
2023-05-19,2023-06-30,SPX,42,BWB 1-2-2 puts (+1/-2/+2),4211.3,4449.81,4125,4010,3545,120.0,16.03,-120.0,LOSS,expiration,210,-1810,160.0,185.0,-25.0,-35.0,-50.0,-52.5,-45.0
2023-05-26,2023-07-07,SPX,42,BWB 1-2-2 puts (+1/-2/+2),4175.04,4398.76,4075,3940,3450,590.0,18.23,-590.0,LOSS,expiration,0,-1170,20.0,-155.0,-177.5,-172.5,-190.0,-190.0,-192.5
2023-06-02,2023-07-14,SPX,42,BWB 1-2-2 puts (+1/-2/+2),4246.63,4506.04,4170,4060,3600,250.0,15.13,-250.0,LOSS,expiration,10,-1270,35.0,-10.0,-102.5,-145.0,-125.0,-142.5,-160.0
2023-06-09,2023-07-21,SPX,42,BWB 1-2-2 puts (+1/-2/+2),4312,4536.68,4240,4145,3705,190.0,13.56,-190.0,LOSS,expiration,40,-2940,95.0,90.0,30.0,-35.0,-135.0,-132.5,-130.0
2023-06-16,2023-07-28,SPX,42,BWB 1-2-2 puts (+1/-2/+2),4429.61,4581.73,4350,4250,3800,1040.0,14.39,-1040.0,LOSS,expiration,0,-1780,335.0,270.0,-30.0,-140.0,-177.5,-185.0,-200.0
2023-06-23,2023-08-04,SPX,42,BWB 1-2-2 puts (+1/-2/+2),4349.71,4478.55,4275,4170,3750,270.0,13.44,-270.0,LOSS,expiration,20,-950,45.0,-45.0,-125.0,-150.0,-155.0,-162.5,-160.0
2023-06-30,2023-08-11,SPX,42,BWB 1-2-2 puts (+1/-2/+2),4438.96,4464.31,4370,4270,3850,1060.0,13.47,-1060.0,LOSS,expiration,0,-2040,105.0,25.0,-25.0,-152.5,-15.0,-35.0,10.0
2023-07-07,2023-08-18,SPX,42,BWB 1-2-2 puts (+1/-2/+2),4415.42,4370.6,4335,4225,3770,300.0,14.98,-300.0,LOSS,expiration,350,-1660,-60.0,-35.0,20.0,115.0,70.0,-45.0,-125.0
2023-07-14,2023-08-25,SPX,42,BWB 1-2-2 puts (+1/-2/+2),4523.78,4405.32,4450,4350,3900,1060.0,13.69,3408.0,WIN,expiration,5900,-2390,140.0,380.0,860.0,1265.0,2465.0,3070.0,3220.0
2023-07-21,2023-09-01,SPX,42,BWB 1-2-2 puts (+1/-2/+2),4541.96,4514.95,4470,4360,3900,560.0,13.79,-560.0,LOSS,expiration,3590,-1020,30.0,450.0,1145.0,2100.0,3305.0,2970.0,2655.0
2023-07-28,2023-09-08,SPX,42,BWB 1-2-2 puts (+1/-2/+2),4574.03,4457.99,4500,4400,3950,360.0,13.53,3841.0,WIN,expiration,5020,-1260,70.0,-450.0,1140.0,2760.0,1340.0,1515.0,1515.0
2023-08-04,2023-09-15,SPX,42,BWB 1-2-2 puts (+1/-2/+2),4514.98,4450.35,4430,4315,3825,360.0,15.27,-360.0,LOSS,expiration,1320,-700,275.0,955.0,395.0,400.0,1130.0,455.0,270.0
2023-08-11,2023-09-22,SPX,42,BWB 1-2-2 puts (+1/-2/+2),4451.3,4319.25,4350,4230,3750,520.0,16.15,2555.0,WIN,expiration,2520,-1250,415.0,225.0,450.0,165.0,-70.0,100.0,90.0
2023-08-18,2023-09-29,SPX,42,BWB 1-2-2 puts (+1/-2/+2),4348.8,4289.13,4240,4105,3585,420.0,18.58,-420.0,LOSS,expiration,1550,-1080,-130.0,-75.0,-287.5,-230.0,365.0,360.0,535.0
2023-08-25,2023-10-06,SPX,42,BWB 1-2-2 puts (+1/-2/+2),4396.18,4307.89,4300,4180,3700,960.0,16.64,-960.0,LOSS,expiration,5350,-1360,150.0,80.0,1155.0,1705.0,2130.0,2760.0,3005.0
2023-09-01,2023-10-13,SPX,42,BWB 1-2-2 puts (+1/-2/+2),4527.51,4328.34,4450,4360,3950,550.0,13.27,5284.0,WIN,expiration,5630,-5850,250.0,-700.0,-780.0,-1420.0,-2115.0,1245.0,3310.0
2023-09-08,2023-10-20,SPX,42,BWB 1-2-2 puts (+1/-2/+2),4460.79,4223.58,4380,4280,3880,180.0,14.03,4178.0,WIN,expiration,6920,-2290,285.0,230.0,320.0,1725.0,2160.0,2130.0,2940.0
2023-09-15,2023-10-27,SPX,42,BWB 1-2-2 puts (+1/-2/+2),4481.34,4118.3,4410,4320,3900,240.0,13.15,-11410.0,LOSS,expiration,1120,-13360,-1925.0,-2255.0,960.0,1080.0,-75.0,-1805.0,900.0
2023-09-22,2023-11-03,SPX,42,BWB 1-2-2 puts (+1/-2/+2),4340.84,4358.11,4250,4130,3650,470.0,16.79,-470.0,LOSS,expiration,4170,-1280,30.0,350.0,740.0,1445.0,3280.0,3615.0,4425.0
2023-09-29,2023-11-10,SPX,42,BWB 1-2-2 puts (+1/-2/+2),4329.62,4415.89,4240,4130,3700,1330.0,15.9,-1330.0,LOSS,expiration,980,-2610,280.0,260.0,1220.0,1975.0,510.0,-20.0,-100.0
2023-10-06,2023-11-17,SPX,42,BWB 1-2-2 puts (+1/-2/+2),4232.28,4513.91,4125,4000,3525,430.0,19.23,-430.0,LOSS,expiration,720,-1590,-15.0,655.0,-60.0,-292.5,-330.0,-350.0,-357.5
2023-10-13,2023-11-24,SPX,42,BWB 1-2-2 puts (+1/-2/+2),4371.99,4558.9,4280,4160,3700,1400.0,16.94,-1400.0,LOSS,expiration,30,-3510,0.0,780.0,565.0,-340.0,-395.0,-415.0,-405.0
2023-10-20,2023-12-01,SPX,42,BWB 1-2-2 puts (+1/-2/+2),4263.29,4593.72,4150,4010,3450,450.0,20.74,-450.0,LOSS,expiration,560,-1070,715.0,-30.0,-340.0,-345.0,-355.0,-347.5,-345.0
2023-10-27,2023-12-08,SPX,42,BWB 1-2-2 puts (+1/-2/+2),4143.54,4603.49,4025,3900,3400,1410.0,20.09,-1410.0,LOSS,expiration,0,-1920,-130.0,-200.0,-225.0,-220.0,-225.0,-220.0,-222.5
2023-11-03,2023-12-15,SPX,42,BWB 1-2-2 puts (+1/-2/+2),4358.24,4715.03,4270,4160,3745,1560.0,15.18,-1560.0,LOSS,expiration,0,-2370,-40.0,-170.0,-205.0,-227.5,-240.0,-245.0,-242.5
2023-11-10,2023-12-22,SPX,42,BWB 1-2-2 puts (+1/-2/+2),4367.13,4755.16,4280,4175,3750,1260.0,14.85,-1260.0,LOSS,expiration,0,-2160,-130.0,-155.0,-182.5,-200.0,-200.0,-210.0,-202.5
2023-11-17,2023-12-29,SPX,42,BWB 1-2-2 puts (+1/-2/+2),4508.14,4772.17,4440,4340,3915,420.0,13.93,-420.0,LOSS,expiration,0,-1460,-110.0,-65.0,-295.0,-352.5,-340.0,-350.0,-350.0
2023-11-24,2024-01-05,SPX,42,BWB 1-2-2 puts (+1/-2/+2),4558.61,4696.66,4490,4400,3975,270.0,13.07,-270.0,LOSS,expiration,30,-990,40.0,-75.0,-145.0,-200.0,-205.0,-202.5,-202.5
2023-12-01,2024-01-12,SPX,42,BWB 1-2-2 puts (+1/-2/+2),4563.52,4783.14,4490,4400,4000,1120.0,12.82,-1120.0,LOSS,expiration,0,-1920,60.0,-25.0,-115.0,-105.0,-95.0,-120.0,-132.5
2023-12-08,2024-01-19,SPX,42,BWB 1-2-2 puts (+1/-2/+2),4584.37,4838.96,4515,4420,4035,1580.0,12.78,-1580.0,LOSS,expiration,0,-2690,-160.0,-195.0,-70.0,-245.0,-275.0,-275.0,-275.0
2023-12-15,2024-01-26,SPX,42,BWB 1-2-2 puts (+1/-2/+2),4711.31,4890.07,4650,4560,4160,370.0,12.28,-370.0,LOSS,expiration,370,-1000,-40.0,360.0,-50.0,10.0,-115.0,-262.5,-280.0
2023-12-22,2024-02-02,SPX,42,BWB 1-2-2 puts (+1/-2/+2),4768.16,4958.04,4690,4580,4150,1450.0,13.83,-1450.0,LOSS,expiration,0,-2040,315.0,225.0,245.0,-260.0,-365.0,-407.5,-422.5
2023-12-29,2024-02-09,SPX,42,BWB 1-2-2 puts (+1/-2/+2),4785.93,5025.89,4710,4620,4200,100.0,12.65,-100.0,LOSS,expiration,280,-1210,365.0,395.0,125.0,47.5,22.5,-10.0,-15.0
2024-01-05,2024-02-16,SPX,42,BWB 1-2-2 puts (+1/-2/+2),4699.58,5005.15,4620,4520,4125,2350.0,13.56,-2350.0,LOSS,expiration,0,-2790,100.0,-70.0,-97.5,-180.0,-192.5,-202.5,-200.0
2024-01-12,2024-02-23,SPX,42,BWB 1-2-2 puts (+1/-2/+2),4787.74,5089.31,4720,4620,4250,450.0,12.66,-450.0,LOSS,expiration,0,-1460,-80.0,-85.0,-310.0,-295.0,-340.0,-352.5,-352.5
2024-01-19,2024-03-01,SPX,42,BWB 1-2-2 puts (+1/-2/+2),4794.54,5137.04,4720,4610,4200,1290.0,13.76,-1290.0,LOSS,expiration,0,-2000,-115.0,-355.0,-412.5,-420.0,-455.0,-470.0,-475.0
2024-01-26,2024-03-08,SPX,42,BWB 1-2-2 puts (+1/-2/+2),4892.54,5124.37,4820,4720,4250,730.0,13.56,-730.0,LOSS,expiration,0,-1340,5.0,-90.0,-185.0,-245.0,-235.0,-267.5,-267.5
2024-02-02,2024-03-15,SPX,42,BWB 1-2-2 puts (+1/-2/+2),4920.8,5117.42,4845,4735,4260,2820.0,13.95,-2820.0,LOSS,expiration,0,-3780,20.0,-245.0,-315.0,-385.0,-410.0,-390.0,-410.0
2024-02-09,2024-03-22,SPX,42,BWB 1-2-2 puts (+1/-2/+2),5008.64,5234.27,4930,4830,4400,510.0,12.83,-510.0,LOSS,expiration,0,-1020,5.0,-120.0,-215.0,-250.0,-320.0,-345.0,-347.5
2024-02-16,2024-04-05,SPX,49,BWB 1-2-2 puts (+1/-2/+2),5006.97,5204.8,4920,4800,4250,1260.0,14.54,-1260.0,LOSS,expiration,0,-2430,-30.0,-110.0,-235.0,-250.0,-267.5,-267.5,-250.0
2024-02-23,2024-04-05,SPX,42,BWB 1-2-2 puts (+1/-2/+2),5107.19,5204.8,5030,4925,4450,520.0,14.19,-520.0,LOSS,expiration,70,-1760,-30.0,5.0,-335.0,-380.0,-420.0,-420.0,-387.5
2024-03-01,2024-04-12,SPX,42,BWB 1-2-2 puts (+1/-2/+2),5099.71,5123.6,5025,4925,4450,910.0,13.28,-910.0,LOSS,expiration,0,-1980,-50.0,-190.0,-295.0,-155.0,65.0,-230.0,-262.5
2024-03-08,2024-04-19,SPX,42,BWB 1-2-2 puts (+1/-2/+2),5185.2,4967.2,5105,5000,4535,440.0,14.05,6780.0,WIN,expiration,7840,-610,215.0,-60.0,460.0,225.0,240.0,500.0,2375.0
2024-03-15,2024-04-26,SPX,42,BWB 1-2-2 puts (+1/-2/+2),5118.91,5098.69,5030,4920,4400,740.0,14.91,-740.0,LOSS,expiration,2720,-1610,-75.0,80.0,45.0,730.0,1795.0,2585.0,1410.0
2024-03-22,2024-05-03,SPX,42,BWB 1-2-2 puts (+1/-2/+2),5238.06,5127.77,5160,5060,4625,440.0,12.91,2783.0,WIN,expiration,4650,-3900,-70.0,130.0,-1335.0,835.0,1860.0,2295.0,2465.0
2024-04-05,2024-05-17,SPX,42,BWB 1-2-2 puts (+1/-2/+2),5178.55,5303.89,5080,4950,4420,530.0,16.15,-530.0,LOSS,expiration,2060,-1390,115.0,1055.0,1990.0,230.0,-305.0,-305.0,-320.0
2024-04-12,2024-05-24,SPX,42,BWB 1-2-2 puts (+1/-2/+2),5169.55,5304.7,5060,4930,4400,1050.0,16.8,-1050.0,LOSS,expiration,650,-2650,625.0,1350.0,-25.0,-10.0,-320.0,-347.5,-347.5
2024-04-19,2024-05-31,SPX,42,BWB 1-2-2 puts (+1/-2/+2),5011.44,5280.01,4900,4765,4210,500.0,18.34,-500.0,LOSS,expiration,300,-1460,435.0,-295.0,-372.5,-387.5,-395.0,-390.0,-390.0
2024-04-26,2024-06-07,SPX,42,BWB 1-2-2 puts (+1/-2/+2),5094.17,5346.3,5000,4880,4400,950.0,15.27,-950.0,LOSS,expiration,0,-1590,65.0,-245.0,-290.0,-320.0,-300.0,-360.0,-360.0
2024-05-03,2024-06-14,SPX,42,BWB 1-2-2 puts (+1/-2/+2),5131.33,5432.35,5040,4930,4500,870.0,13.82,-870.0,LOSS,expiration,0,-1105,-80.0,-110.0,-10.0,-140.0,-270.0,-285.0,-295.0
2024-05-10,2024-06-21,SPX,42,BWB 1-2-2 puts (+1/-2/+2),5237.51,5467.65,5155,5055,4625,1510.0,12.89,-1510.0,LOSS,expiration,0,-2030,70.0,385.0,75.0,60.0,-100.0,-107.5,-110.0
2024-05-17,2024-06-28,SPX,42,BWB 1-2-2 puts (+1/-2/+2),5298.56,5459.16,5225,5125,4690,360.0,12.36,-360.0,LOSS,expiration,120,-3020,-5.0,140.0,-170.0,-232.5,-237.5,-290.0,-292.5
2024-05-24,2024-07-05,SPX,42,BWB 1-2-2 puts (+1/-2/+2),5282.08,5566.69,5210,5105,4630,760.0,12.59,-760.0,LOSS,expiration,0,-3850,30.0,-140.0,-185.0,-252.5,-275.0,-282.5,-287.5
2024-05-31,2024-07-12,SPX,42,BWB 1-2-2 puts (+1/-2/+2),5239,5615.93,5155,5040,4550,480.0,13.69,-480.0,LOSS,expiration,0,-980,-215.0,-255.0,-360.0,-375.0,-370.0,-397.5,-400.0
2024-06-07,2024-07-19,SPX,42,BWB 1-2-2 puts (+1/-2/+2),5347.82,5505.73,5270,5165,4720,360.0,12.58,-360.0,LOSS,expiration,0,-880,-100.0,-85.0,-180.0,-242.5,-255.0,-280.0,-280.0
2024-06-14,2024-07-26,SPX,42,BWB 1-2-2 puts (+1/-2/+2),5421.03,5459.51,5345,5245,4780,1470.0,12.52,-1470.0,LOSS,expiration,0,-2270,-40.0,-220.0,-275.0,-360.0,-280.0,-330.0,-380.0
2024-06-21,2024-08-02,SPX,42,BWB 1-2-2 puts (+1/-2/+2),5459.93,5345.52,5375,5255,4750,610.0,13.61,2338.0,WIN,expiration,4960,-1290,-60.0,-145.0,5.0,-180.0,1245.0,435.0,480.0
2024-06-28,2024-08-09,SPX,42,BWB 1-2-2 puts (+1/-2/+2),5501.89,5343.97,5425,5320,4850,1020.0,12.3,7083.0,WIN,expiration,7130,-9720,90.0,250.0,415.0,910.0,560.0,-50.0,-1790.0
2024-07-05,2024-08-16,SPX,42,BWB 1-2-2 puts (+1/-2/+2),5545.13,5554.22,5470,5365,4910,330.0,12.17,-330.0,LOSS,expiration,2470,-9190,130.0,-495.0,40.0,-3485.0,-930.0,720.0,1890.0
2024-07-12,2024-08-23,SPX,42,BWB 1-2-2 puts (+1/-2/+2),5608.55,5633.31,5530,5420,4975,1200.0,12.33,-1200.0,LOSS,expiration,760,-10230,-115.0,30.0,-2215.0,50.0,1305.0,980.0,80.0
2024-07-19,2024-08-30,SPX,42,BWB 1-2-2 puts (+1/-2/+2),5546.86,5646.96,5445,5310,4710,470.0,15.96,-470.0,LOSS,expiration,1010,-7200,280.0,-1065.0,525.0,-35.0,265.0,-300.0,-277.5
2024-07-26,2024-09-06,SPX,42,BWB 1-2-2 puts (+1/-2/+2),5447.39,5409.16,5330,5190,4600,1350.0,17.38,-1350.0,LOSS,expiration,0,-5400,-190.0,65.0,-55.0,-280.0,-337.5,-367.5,-367.5
2024-08-02,2024-09-20,SPX,49,BWB 1-2-2 puts (+1/-2/+2),5355.7,5702.51,5200,5005,4230,1050.0,21.55,-1050.0,LOSS,expiration,0,-5530,-115.0,-165.0,115.0,25.0,-322.5,-355.0,-350.0
2024-08-09,2024-09-20,SPX,42,BWB 1-2-2 puts (+1/-2/+2),5306.78,5702.51,5145,4955,4100,580.0,24.06,-580.0,LOSS,expiration,0,-1520,-365.0,-385.0,-200.0,-275.0,-467.5,-477.5,-470.0
2024-08-16,2024-09-27,SPX,42,BWB 1-2-2 puts (+1/-2/+2),5535.25,5737.26,5435,5300,4725,1430.0,15.38,-1430.0,LOSS,expiration,0,-2650,-20.0,190.0,210.0,75.0,-202.5,-280.0,-285.0
2024-08-23,2024-10-04,SPX,42,BWB 1-2-2 puts (+1/-2/+2),5608.63,5749.63,5500,5350,4650,1890.0,16.86,-1890.0,LOSS,expiration,0,-3650,370.0,575.0,230.0,80.0,-90.0,-85.0,-15.0
2024-08-30,2024-10-11,SPX,42,BWB 1-2-2 puts (+1/-2/+2),5627.85,5814.91,5525,5390,4750,990.0,15.1,-990.0,LOSS,expiration,0,-4720,-880.0,345.0,255.0,325.0,575.0,120.0,70.0
2024-09-06,2024-10-18,SPX,42,BWB 1-2-2 puts (+1/-2/+2),5486.27,5864.52,5350,5180,4440,360.0,20.17,-360.0,LOSS,expiration,90,-2820,155.0,-125.0,40.0,-235.0,-305.0,-275.0,-280.0
2024-09-13,2024-10-25,SPX,42,BWB 1-2-2 puts (+1/-2/+2),5616.5,5808,5500,5350,4750,600.0,16.83,-600.0,LOSS,expiration,20,-2810,130.0,470.0,65.0,-220.0,-210.0,-227.5,-232.5
2024-09-20,2024-11-01,SPX,42,BWB 1-2-2 puts (+1/-2/+2),5692.9,5728.43,5580,5430,4800,400.0,16.32,-400.0,LOSS,expiration,210,-1000,20.0,335.0,45.0,-75.0,-90.0,-197.5,-210.0
2024-09-27,2024-11-08,SPX,42,BWB 1-2-2 puts (+1/-2/+2),5751.94,5996.62,5625,5475,4800,1430.0,15.48,-1430.0,LOSS,expiration,480,-3470,360.0,730.0,890.0,895.0,1670.0,1740.0,1510.0
2024-10-04,2024-11-15,SPX,42,BWB 1-2-2 puts (+1/-2/+2),5720.73,5869.75,5570,5385,4610,430.0,19.69,-430.0,LOSS,expiration,1000,-2480,375.0,475.0,1065.0,725.0,-307.5,-280.0,-275.0
2024-10-11,2024-11-22,SPX,42,BWB 1-2-2 puts (+1/-2/+2),5793.98,5968.26,5650,5470,4650,1320.0,20.6,-1320.0,LOSS,expiration,100,-1500,315.0,765.0,-250.0,-307.5,-317.5,-250.0,-260.0
2024-10-18,2024-11-29,SPX,42,BWB 1-2-2 puts (+1/-2/+2),5851.48,6034.11,5725,5565,4800,450.0,18.85,-450.0,LOSS,expiration,400,-2400,85.0,-10.0,-5.0,425.0,-205.0,-315.0,-315.0
2024-10-25,2024-12-06,SPX,42,BWB 1-2-2 puts (+1/-2/+2),5851.3,6088.76,5720,5550,4850,1960.0,18.36,-1960.0,LOSS,expiration,0,-2860,295.0,80.0,-5.0,-387.5,-410.0,-452.5,-455.0
2024-11-01,2024-12-13,SPX,42,BWB 1-2-2 puts (+1/-2/+2),5749.02,6050.83,5600,5410,4600,1620.0,21.61,-1620.0,LOSS,expiration,0,-1710,-385.0,-300.0,-575.0,-612.5,-607.5,-597.5,-595.0
2024-11-08,2024-12-20,SPX,42,BWB 1-2-2 puts (+1/-2/+2),5988.72,5932.8,5885,5745,5125,660.0,14.79,-660.0,LOSS,expiration,3550,-1400,140.0,395.0,-30.0,-95.0,-145.0,-275.0,-220.0
2024-11-15,2024-12-27,SPX,42,BWB 1-2-2 puts (+1/-2/+2),5900.51,5972.25,5800,5660,5075,370.0,14.96,-370.0,LOSS,expiration,800,-1370,385.0,-20.0,-160.0,-215.0,695.0,325.0,-215.0
2024-11-22,2025-01-03,SPX,42,BWB 1-2-2 puts (+1/-2/+2),5970.42,5941.88,5860,5720,5050,2070.0,16.1,-2070.0,LOSS,expiration,1190,-3140,55.0,130.0,550.0,225.0,5.0,2250.0,905.0
2024-11-29,2025-01-10,SPX,42,BWB 1-2-2 puts (+1/-2/+2),6019,5826.5,5930,5800,5150,390.0,13.67,9960.0,WIN,expiration,9670,-970,115.0,-160.0,355.0,1790.0,2835.0,615.0,865.0
2024-12-06,2025-01-17,SPX,42,BWB 1-2-2 puts (+1/-2/+2),6098.24,5997.07,6015,5890,5220,930.0,13.07,863.0,WIN,expiration,6320,-4710,0.0,425.0,445.0,1775.0,2295.0,240.0,2735.0
2024-12-13,2025-01-24,SPX,42,BWB 1-2-2 puts (+1/-2/+2),6068.64,6100.82,5980,5850,5200,230.0,13.46,-230.0,LOSS,expiration,3030,-3650,270.0,195.0,1320.0,1680.0,3215.0,1185.0,1185.0
2024-12-20,2025-01-31,SPX,42,BWB 1-2-2 puts (+1/-2/+2),5846,6040.07,5695,5500,4520,1170.0,22.35,-1170.0,LOSS,expiration,690,-1320,165.0,255.0,-40.0,-495.0,-630.0,-552.5,-580.0
2024-12-27,2025-02-07,SPX,42,BWB 1-2-2 puts (+1/-2/+2),5992.41,6025.94,5875,5720,5050,570.0,16.47,-570.0,LOSS,expiration,760,-1560,-110.0,1020.0,-35.0,600.0,0.0,1445.0,245.0
2025-01-03,2025-02-14,SPX,42,BWB 1-2-2 puts (+1/-2/+2),5902.75,6113.74,5780,5620,4950,1180.0,17.44,-1180.0,LOSS,expiration,0,-1940,260.0,-180.0,-175.0,15.0,-377.5,-395.0,-420.0
2025-01-10,2025-02-21,SPX,42,BWB 1-2-2 puts (+1/-2/+2),5850.85,6013.46,5715,5545,4825,1220.0,19.22,-1220.0,LOSS,expiration,0,-1580,-125.0,-215.0,-360.0,-425.0,-492.5,-485.0,-485.0
2025-01-17,2025-02-28,SPX,42,BWB 1-2-2 puts (+1/-2/+2),5985.09,5953.03,5875,5730,5120,540.0,15.82,-540.0,LOSS,expiration,2580,-1270,165.0,240.0,-10.0,-115.0,-215.0,480.0,915.0
2025-01-24,2025-03-07,SPX,42,BWB 1-2-2 puts (+1/-2/+2),6124.53,5769.15,6020,5880,5240,1280.0,14.75,1635.0,WIN,expiration,2870,-7810,-105.0,400.0,515.0,1260.0,1400.0,2300.0,-1755.0
2025-01-31,2025-03-14,SPX,42,BWB 1-2-2 puts (+1/-2/+2),6102.03,5636.86,5990,5840,5200,520.0,15.31,-5834.0,LOSS,expiration,1120,-18630,400.0,405.0,510.0,-1500.0,-2215.0,-4125.0,-9040.0
2025-02-07,2025-03-21,SPX,42,BWB 1-2-2 puts (+1/-2/+2),6098.82,5666.68,5985,5840,5225,730.0,14.85,-3562.0,LOSS,expiration,0,-17700,335.0,-780.0,-3455.0,-8200.0,-14070.0,-3355.0,-8125.0
2025-02-14,2025-03-28,SPX,42,BWB 1-2-2 puts (+1/-2/+2),6121.17,5580.28,6010,5860,5200,400.0,14.99,-13372.0,LOSS,expiration,5670,-16740,-130.0,-4100.0,-13705.0,-9205.0,-4470.0,3075.0,5055.0
2025-02-21,2025-04-04,SPX,42,BWB 1-2-2 puts (+1/-2/+2),6097.94,5075.24,5980,5830,5150,1440.0,15.7,-46964.0,LOSS,expiration,1170,-50800,-3425.0,-11215.0,-4035.0,1785.0,-810.0,-15585.0,-7885.0
2025-02-28,2025-04-11,SPX,42,BWB 1-2-2 puts (+1/-2/+2),5872.14,5361.2,5720,5530,4800,1210.0,20.95,910.0,WIN,expiration,2340,-27840,-650.0,1775.0,2625.0,3030.0,-330.0,-18710.0,-8690.0
2025-03-07,2025-04-25,SPX,49,BWB 1-2-2 puts (+1/-2/+2),5750.59,5523.52,5570,5350,4500,1270.0,24.11,3378.0,WIN,expiration,10010,-13330,830.0,970.0,-485.0,3575.0,2460.0,2460.0,6400.0
2025-03-14,2025-04-25,SPX,42,BWB 1-2-2 puts (+1/-2/+2),5589.5,5523.52,5420,5225,4500,1150.0,23.38,-1150.0,LOSS,expiration,5430,-7670,15.0,515.0,-490.0,1405.0,4015.0,4015.0,6300.0
2025-03-21,2025-05-02,SPX,42,BWB 1-2-2 puts (+1/-2/+2),5621.35,5685.73,5470,5300,4650,470.0,20.54,-470.0,LOSS,expiration,3140,-7110,210.0,-1065.0,-2590.0,-745.0,1610.0,1885.0,2090.0
2025-03-28,2025-05-09,SPX,42,BWB 1-2-2 puts (+1/-2/+2),5660.93,5659.15,5500,5350,4750,5140.0,19.46,-5140.0,LOSS,expiration,0,-14020,-335.0,-5450.0,-345.0,420.0,680.0,210.0,825.0
2025-04-04,2025-05-16,SPX,42,BWB 1-2-2 puts (+1/-2/+2),5251.51,5958.4,5020,4750,3725,1260.0,35.84,-1260.0,LOSS,expiration,1020,-5620,210.0,-300.0,-735.0,-825.0,-835.0,-857.5,-862.5
2025-04-11,2025-05-23,SPX,42,BWB 1-2-2 puts (+1/-2/+2),5283.85,5804.16,5000,4650,3600,4910.0,42.42,-4910.0,LOSS,expiration,0,-5330,390.0,-715.0,-1040.0,-1092.5,-1095.0,-1102.5,-1105.0
2025-04-25,2025-06-06,SPX,42,BWB 1-2-2 puts (+1/-2/+2),5466.22,5999.66,5270,5040,4250,3280.0,27.1,-3280.0,LOSS,expiration,0,-5960,75.0,-800.0,-775.0,-822.5,-850.0,-852.5,-852.5
2025-05-02,2025-06-13,SPX,42,BWB 1-2-2 puts (+1/-2/+2),5653.77,5977.48,5470,5260,4550,600.0,23.04,-600.0,LOSS,expiration,410,-2700,-40.0,65.0,-205.0,-385.0,-425.0,-445.0,-452.5
2025-05-09,2025-06-20,SPX,42,BWB 1-2-2 puts (+1/-2/+2),5686.25,5968.34,5515,5320,4630,530.0,21.95,-530.0,LOSS,expiration,20,-700,50.0,25.0,-275.0,-380.0,-390.0,-395.0,-395.0
2025-05-16,2025-06-27,SPX,42,BWB 1-2-2 puts (+1/-2/+2),5926.43,6171.97,5790,5620,4950,2500.0,17.48,-2500.0,LOSS,expiration,0,-4290,320.0,575.0,180.0,300.0,485.0,155.0,-75.0
2025-05-23,2025-07-11,SPX,49,BWB 1-2-2 puts (+1/-2/+2),5779.22,6258.35,5600,5350,4500,1180.0,23.2,-1180.0,LOSS,expiration,0,-2380,-305.0,-60.0,-625.0,-650.0,-650.0,-650.0,-655.0
2025-05-30,2025-07-11,SPX,42,BWB 1-2-2 puts (+1/-2/+2),5881.04,6258.35,5725,5530,4800,860.0,19.7,-860.0,LOSS,expiration,0,-3110,155.0,510.0,-200.0,-250.0,-255.0,-255.0,-255.0
2025-06-06,2025-07-18,SPX,42,BWB 1-2-2 puts (+1/-2/+2),6010.92,6296.68,5875,5700,5010,340.0,17.2,-340.0,LOSS,expiration,370,-1340,145.0,300.0,-155.0,-160.0,-215.0,-220.0,-225.0
2025-06-13,2025-07-25,SPX,42,BWB 1-2-2 puts (+1/-2/+2),5987.86,6389.59,5830,5625,4800,1140.0,20.48,-1140.0,LOSS,expiration,0,-1860,390.0,-140.0,-260.0,-255.0,-285.0,-282.5,-290.0
2025-06-20,2025-08-01,SPX,42,BWB 1-2-2 puts (+1/-2/+2),5996.85,6237.3,5840,5650,4850,280.0,19.64,-280.0,LOSS,expiration,160,-1080,270.0,0.0,-85.0,-90.0,-120.0,-110.0,-117.5
2025-06-27,2025-08-08,SPX,42,BWB 1-2-2 puts (+1/-2/+2),6166.91,6390.19,6040,5870,5200,1410.0,16.28,-1410.0,LOSS,expiration,0,-2200,365.0,325.0,-35.0,-162.5,-115.0,-112.5,-177.5
2025-07-11,2025-08-22,SPX,42,BWB 1-2-2 puts (+1/-2/+2),6254.01,6466.35,6120,5950,5250,350.0,16.62,-350.0,LOSS,expiration,360,-1550,270.0,290.0,265.0,-85.0,-247.5,-260.0,-255.0
2025-07-18,2025-08-29,SPX,42,BWB 1-2-2 puts (+1/-2/+2),6307.17,6461.82,6175,6000,5290,510.0,16.38,-510.0,LOSS,expiration,310,-1560,340.0,685.0,115.0,40.0,435.0,-110.0,-112.5
2025-07-25,2025-09-05,SPX,42,BWB 1-2-2 puts (+1/-2/+2),6372.79,6482.16,6250,6090,5425,250.0,15.25,-250.0,LOSS,expiration,820,-4180,140.0,395.0,870.0,270.0,-112.5,355.0,355.0
2025-08-01,2025-09-12,SPX,42,BWB 1-2-2 puts (+1/-2/+2),6232.49,6583.97,6070,5850,5000,990.0,20.89,-990.0,LOSS,expiration,0,-2010,0.0,315.0,-335.0,-25.0,-340.0,-355.0,-342.5
2025-08-08,2025-09-19,SPX,42,BWB 1-2-2 puts (+1/-2/+2),6376.35,6662.84,6250,6075,5350,260.0,15.89,-260.0,LOSS,expiration,660,-1370,420.0,245.0,150.0,45.0,-200.0,-192.5,-215.0
2025-08-15,2025-09-26,SPX,42,BWB 1-2-2 puts (+1/-2/+2),6457.8,6643.54,6340,6175,5450,1370.0,14.93,-1370.0,LOSS,expiration,0,-4010,235.0,290.0,-5.0,-30.0,-165.0,-182.5,-180.0
2025-08-22,2025-10-03,SPX,42,BWB 1-2-2 puts (+1/-2/+2),6398.87,6715.86,6260,6090,5350,2950.0,16.45,-2950.0,LOSS,expiration,0,-4430,280.0,-100.0,-260.0,-285.0,-252.5,-270.0,-267.5
2025-08-29,2025-10-10,SPX,42,BWB 1-2-2 puts (+1/-2/+2),6468,6552.8,6340,6175,5450,430.0,15.29,-430.0,LOSS,expiration,10,-3260,175.0,125.0,220.0,-60.0,-130.0,-125.0,-122.5
2025-09-05,2025-10-17,SPX,42,BWB 1-2-2 puts (+1/-2/+2),6521.27,6662.91,6400,6230,5520,260.0,14.99,-260.0,LOSS,expiration,550,-3510,220.0,455.0,-10.0,-105.0,-145.0,60.0,320.0
2025-09-12,2025-10-24,SPX,42,BWB 1-2-2 puts (+1/-2/+2),6590.64,6791.14,6470,6300,5600,2600.0,14.65,-2600.0,LOSS,expiration,0,-6390,190.0,190.0,30.0,710.0,685.0,40.0,-70.0
2025-09-19,2025-10-31,SPX,42,BWB 1-2-2 puts (+1/-2/+2),6647.79,6840.23,6520,6340,5570,360.0,15.68,-360.0,LOSS,expiration,470,-1370,305.0,215.0,190.0,315.0,220.0,-242.5,-237.5
2025-09-26,2025-11-07,SPX,42,BWB 1-2-2 puts (+1/-2/+2),6644.91,6729.02,6500,6320,5550,2530.0,16.17,-2530.0,LOSS,expiration,0,-4370,195.0,-80.0,405.0,-65.0,-20.0,-75.0,-70.0
2025-10-03,2025-11-14,SPX,42,BWB 1-2-2 puts (+1/-2/+2),6732.42,6735.1,6590,6410,5650,610.0,16.49,-610.0,LOSS,expiration,1560,-2530,90.0,545.0,330.0,380.0,945.0,15.0,-112.5
2025-10-10,2025-11-21,SPX,42,BWB 1-2-2 puts (+1/-2/+2),6753.68,6603.8,6615,6425,5620,2790.0,16.32,-1670.0,LOSS,expiration,4390,-4310,20.0,255.0,900.0,245.0,810.0,850.0,3155.0
2025-10-17,2025-11-28,SPX,42,BWB 1-2-2 puts (+1/-2/+2),6629.3,6848.48,6430,6175,5130,490.0,24.23,-490.0,LOSS,expiration,1850,-720,-5.0,535.0,220.0,1330.0,2090.0,260.0,-212.5
2025-10-24,2025-12-05,SPX,42,BWB 1-2-2 puts (+1/-2/+2),6795.74,6869.07,6660,6470,5675,1320.0,16.47,-1320.0,LOSS,expiration,580,-3860,-305.0,710.0,625.0,1375.0,200.0,-15.0,-220.0
2025-10-31,2025-12-12,SPX,42,BWB 1-2-2 puts (+1/-2/+2),6854.96,6827.89,6700,6500,5725,490.0,16.75,-490.0,LOSS,expiration,1270,-3970,555.0,110.0,945.0,900.0,455.0,200.0,325.0
2025-11-07,2025-12-19,SPX,42,BWB 1-2-2 puts (+1/-2/+2),6681.36,6834.7,6500,6270,5375,3060.0,20.84,-3060.0,LOSS,expiration,0,-5520,335.0,185.0,-115.0,-170.0,-362.5,-355.0,-375.0
2025-11-14,2025-12-26,SPX,42,BWB 1-2-2 puts (+1/-2/+2),6704.34,6930.52,6525,6300,5400,650.0,21.56,-650.0,LOSS,expiration,120,-3620,180.0,-5.0,-375.0,-235.0,-225.0,-480.0,-487.5
2025-11-21,2026-01-02,SPX,42,BWB 1-2-2 puts (+1/-2/+2),6559.06,6858.54,6350,6100,5100,3110.0,25.91,-3110.0,LOSS,expiration,0,-4960,-85.0,-360.0,-260.0,-400.0,-422.5,-425.0,-422.5
2025-11-28,2026-01-09,SPX,42,BWB 1-2-2 puts (+1/-2/+2),6826.03,6965.99,6675,6480,5650,5100.0,16.91,-5100.0,LOSS,expiration,0,-7950,370.0,970.0,-20.0,-85.0,160.0,-195.0,-275.0
2025-12-05,2026-01-16,SPX,42,BWB 1-2-2 puts (+1/-2/+2),6881.42,6939.46,6740,6555,5775,1790.0,15.85,-1790.0,LOSS,expiration,0,-4840,645.0,320.0,895.0,170.0,150.0,-192.5,-240.0
2025-12-12,2026-01-23,SPX,42,BWB 1-2-2 puts (+1/-2/+2),6886.59,6915.16,6760,6580,5850,580.0,15.06,-580.0,LOSS,expiration,1570,-2280,255.0,760.0,300.0,-110.0,-60.0,1005.0,1005.0
2025-12-19,2026-01-30,SPX,42,BWB 1-2-2 puts (+1/-2/+2),6827.03,6937.5,6695,6515,5750,2540.0,15.48,-2540.0,LOSS,expiration,0,-3050,445.0,405.0,295.0,780.0,270.0,45.0,-75.0
2025-12-26,2026-02-06,SPX,42,BWB 1-2-2 puts (+1/-2/+2),6935.88,6930.27,6810,6640,5900,420.0,14.17,-420.0,LOSS,expiration,3400,-2110,230.0,355.0,745.0,385.0,510.0,520.0,205.0
2026-01-02,2026-02-13,SPX,42,BWB 1-2-2 puts (+1/-2/+2),6887.78,6835.08,6760,6590,5900,490.0,14.68,-490.0,LOSS,expiration,1080,-2500,-370.0,280.0,160.0,210.0,1275.0,315.0,-165.0
2026-01-09,2026-02-20,SPX,42,BWB 1-2-2 puts (+1/-2/+2),6941.61,6910.22,6805,6630,5870,960.0,15.47,-960.0,LOSS,expiration,2010,-2300,-20.0,180.0,360.0,375.0,1540.0,2710.0,2710.0
2026-01-16,2026-02-27,SPX,42,BWB 1-2-2 puts (+1/-2/+2),6943.39,6878.04,6800,6615,5820,320.0,15.9,-320.0,LOSS,expiration,2290,-1960,140.0,-155.0,790.0,1145.0,1375.0,1290.0,2020.0
2026-01-23,2026-03-06,SPX,42,BWB 1-2-2 puts (+1/-2/+2),6911.09,6738.15,6760,6575,5800,2640.0,15.85,-455.0,LOSS,expiration,2230,-4940,35.0,200.0,510.0,955.0,760.0,1365.0,2790.0
2026-01-30,2026-03-13,SPX,42,BWB 1-2-2 puts (+1/-2/+2),6940.53,6631.88,6780,6575,5750,440.0,17.49,14372.0,WIN,expiration,14260,-2290,250.0,255.0,745.0,1050.0,1720.0,3830.0,3280.0
2026-02-06,2026-03-20,SPX,42,BWB 1-2-2 puts (+1/-2/+2),6868.99,6508.32,6690,6470,5625,4180.0,19.14,13988.0,WIN,expiration,14040,-7430,140.0,355.0,745.0,1460.0,2845.0,2705.0,1925.0
2026-02-13,2026-03-27,SPX,42,BWB 1-2-2 puts (+1/-2/+2),6816.57,6367.77,6620,6375,5450,610.0,21.95,23167.0,WIN,expiration,22640,-830,160.0,505.0,1550.0,1570.0,3755.0,3470.0,6805.0
2026-02-20,2026-04-10,SPX,49,BWB 1-2-2 puts (+1/-2/+2),6865.77,6817.9,6675,6400,5400,1350.0,20.2,-1350.0,LOSS,expiration,7010,-1970,625.0,2475.0,4215.0,7170.0,6135.0,6135.0,7425.0
2026-02-27,2026-04-10,SPX,42,BWB 1-2-2 puts (+1/-2/+2),6844.69,6817.9,6650,6400,5450,590.0,21.37,-590.0,LOSS,expiration,6370,-1020,300.0,1685.0,3040.0,5650.0,4695.0,4695.0,5960.0
2026-03-06,2026-04-17,SPX,42,BWB 1-2-2 puts (+1/-2/+2),6724.02,7125.12,6480,6190,5050,820.0,27.9,-820.0,LOSS,expiration,3830,-1400,800.0,2300.0,1965.0,2710.0,-295.0,-447.5,-532.5
2026-03-13,2026-04-24,SPX,42,BWB 1-2-2 puts (+1/-2/+2),6715.58,7164.29,6490,6225,5150,1120.0,25.28,-1120.0,LOSS,expiration,1210,-3420,650.0,1910.0,330.0,-205.0,-377.5,-370.0,-385.0
2026-03-20,2026-05-01,SPX,42,BWB 1-2-2 puts (+1/-2/+2),6558.76,7229.32,6325,6050,5050,1060.0,25.81,-1060.0,LOSS,expiration,850,-1240,585.0,-395.0,-850.0,-887.5,-895.0,-920.0,-907.5
2026-03-27,2026-05-08,SPX,42,BWB 1-2-2 puts (+1/-2/+2),6415.1,7397.43,6150,5850,4800,2090.0,30.01,-2090.0,LOSS,expiration,0,-2320,-810.0,-1245.0,-1265.0,-1267.5,-1285.0,-1285.0,-1287.5
2026-04-10,2026-05-22,SPX,42,BWB 1-2-2 puts (+1/-2/+2),6832.8,7474.07,6660,6440,5600,870.0,18.99,-870.0,LOSS,expiration,0,-980,45.0,-135.0,-255.0,-287.5,-287.5,-290.0,-305.0
2026-04-17,2026-05-29,SPX,42,BWB 1-2-2 puts (+1/-2/+2),7108.19,7581.25,6950,6740,5910,520.0,17.64,-520.0,LOSS,expiration,90,-870,245.0,-30.0,-235.0,-220.0,-362.5,-385.0,-385.0
