trade_date,exp_date,underlying,dte_entry,spot_entry,spot_exit,iv_atm_pct,vix_entry,short_put,short_call,delta_put,delta_call,total_credit,pnl_usd,in_range,result,exit_method,pnl_tp25,pnl_tp50,pnl_tp75,pnl_dte14,pnl_dte7,pnl_tp25_d14,pnl_tp50_d14,pnl_tp75_d14,pnl_tp25_d7,pnl_tp50_d7,pnl_tp75_d7
2021-06-04,2021-07-09,RUT,35,2284.62,2279.88,,16.65,2030.0,2465.0,-0.0985,0.0825,15.05,1505.0,,WIN,expiration,376.25,752.5,1128.75,1205.0,1440.0,376.25,752.5,1128.75,376.25,752.5,1128.75
2021-06-11,2021-07-23,RUT,42,2328.64,2209.28,,15.43,2070.0,2535.0,-0.0986,0.0787,15.5,1550.0,,WIN,expiration,387.5,775.0,1162.5,697.0,1218.0,387.5,775.0,1162.5,387.5,775.0,1162.5
2021-06-18,2021-07-30,RUT,42,2261.73,2225.84,,19.52,1980.0,2490.0,-0.1008,0.0783,17.5,1750.0,,WIN,expiration,437.5,875.0,1312.5,1407.0,1585.0,437.5,875.0,1312.5,437.5,875.0,1312.5
2021-06-25,2021-08-06,RUT,42,2339.34,2247.96,,15.71,2075.0,2540.0,-0.0999,0.0806,16.05,1605.0,,WIN,expiration,401.25,802.5,1203.75,532.0,1412.0,401.25,802.5,532.0,401.25,802.5,1203.75
2021-07-02,2021-08-13,RUT,42,2313.79,2223.4,,14.52,2060.0,2505.0,-0.1001,0.0784,15.2,1520.0,,WIN,expiration,380.0,760.0,1140.0,1060.0,1385.0,380.0,760.0,1060.0,380.0,760.0,1140.0
2021-07-09,2021-08-13,RUT,35,2263.35,2223.4,,16.97,2020.0,2450.0,-0.1006,0.0797,14.8,1480.0,,WIN,expiration,370.0,740.0,1110.0,1123.0,1392.0,370.0,740.0,1110.0,370.0,740.0,1110.0
2021-07-16,2021-08-27,RUT,42,2200.43,2276.41,,16.42,1935.0,2410.0,-0.0988,0.0815,16.25,1625.0,,WIN,expiration,406.25,812.5,1218.75,1380.0,1423.0,406.25,812.5,1218.75,406.25,812.5,1218.75
2021-07-23,2021-09-03,RUT,42,2194.14,2291.66,,17.21,1910.0,2410.0,-0.1004,0.0822,17.7,1770.0,,WIN,expiration,442.5,885.0,1327.5,1295.0,1663.0,442.5,885.0,1327.5,442.5,885.0,1327.5
2021-07-30,2021-09-10,RUT,42,2248.93,2227.87,,17.89,1975.0,2475.0,-0.1002,0.0773,16.85,1685.0,,WIN,expiration,421.25,842.5,1263.75,1337.0,1605.0,421.25,842.5,1263.75,421.25,842.5,1263.75
2021-08-06,2021-09-10,RUT,35,2243.33,2227.87,,16.94,1990.0,2435.0,-0.1012,0.0796,15.5,1550.0,,WIN,expiration,387.5,775.0,1162.5,1140.0,1430.0,387.5,775.0,1162.5,387.5,775.0,1162.5
2021-08-13,2021-09-24,RUT,42,2232.04,2248.31,,15.33,1960.0,2430.0,-0.0986,0.0815,16.25,1625.0,,WIN,expiration,406.25,812.5,1218.75,1205.0,1490.0,406.25,812.5,1218.75,406.25,812.5,1218.75
2021-08-20,2021-10-01,RUT,42,2138.41,2241.09,,21.57,1850.0,2355.0,-0.1014,0.0785,17.85,1785.0,,WIN,expiration,446.25,892.5,1338.75,1378.0,1580.0,446.25,892.5,1338.75,446.25,892.5,1338.75
2021-08-27,2021-10-08,RUT,42,2235.95,2233.37,,17.59,1950.0,2435.0,-0.0994,0.0795,16.95,1695.0,,WIN,expiration,423.75,847.5,1271.25,1375.0,1522.0,423.75,847.5,1271.25,423.75,847.5,1271.25
2021-09-03,2021-10-08,RUT,35,2298.12,2233.37,,16.6,2045.0,2485.0,-0.0995,0.0801,15.1,1510.0,,WIN,expiration,377.5,755.0,1132.5,1027.0,1122.0,377.5,755.0,1027.0,377.5,755.0,1132.5
2021-09-10,2021-10-22,RUT,42,2254.78,2291.48,,17.69,1965.0,2455.0,-0.0998,0.082,17.45,1745.0,,WIN,expiration,436.25,872.5,1308.75,1525.0,1705.0,436.25,872.5,1308.75,436.25,872.5,1308.75
2021-09-17,2021-10-29,RUT,42,2231.53,2297.47,,19.5,1940.0,2430.0,-0.0983,0.083,17.3,1730.0,,WIN,expiration,432.5,865.0,1297.5,1557.0,1660.0,432.5,865.0,1297.5,432.5,865.0,1297.5
2021-09-24,2021-11-05,RUT,42,2247.39,2436.7,,18.68,1945.0,2475.0,-0.0997,0.08,18.5,1850.0,,WIN,expiration,462.5,925.0,1387.5,1700.0,1810.0,462.5,925.0,1387.5,462.5,925.0,1387.5
2021-10-01,2021-11-12,RUT,42,2206.23,2411.49,,22.91,1900.0,2430.0,-0.0987,0.0804,18.45,1845.0,,WIN,expiration,461.25,922.5,1383.75,1622.0,105.0,461.25,922.5,1383.75,461.25,922.5,1383.75
2021-10-08,2021-11-12,RUT,35,2248.72,2411.49,,18.92,2005.0,2425.0,-0.0984,0.0812,14.35,1435.0,,WIN,expiration,358.75,717.5,1076.25,1130.0,-500.0,358.75,717.5,1076.25,358.75,717.5,1076.25
2021-10-15,2021-11-26,RUT,42,2296.66,2247.22,,15.9,2060.0,2475.0,-0.0986,0.0824,14.15,1415.0,,WIN,expiration,353.75,707.5,1061.25,87.0,1262.0,353.75,87.0,87.0,353.75,707.5,1061.25
2021-10-22,2021-12-03,RUT,42,2293.85,2159.99,,15.06,2050.0,2485.0,-0.0984,0.0819,14.7,1470.0,,WIN,expiration,367.5,735.0,1102.5,945.0,1262.0,367.5,735.0,945.0,367.5,735.0,1102.5
2021-10-29,2021-12-10,RUT,42,2298.79,2212.24,,17.06,2040.0,2495.0,-0.099,0.0818,15.65,1565.0,,WIN,expiration,391.25,782.5,1173.75,995.0,190.0,391.25,782.5,995.0,391.25,782.5,190.0
2021-11-05,2021-12-23,RUT,48,2436.97,2241.37,,15.07,2155.0,2695.0,-0.1004,0.0811,18.25,1825.0,,WIN,expiration,456.25,912.5,1368.75,-43.0,60.0,456.25,-43.0,-43.0,456.25,60.0,60.0
2021-11-12,2021-12-23,RUT,41,2416.11,2241.37,,17.08,2140.0,2650.0,-0.099,0.0799,17.05,1705.0,,WIN,expiration,426.25,852.5,1278.75,80.0,260.0,426.25,80.0,80.0,426.25,260.0,260.0
2021-11-19,2021-12-31,RUT,42,2353.54,2245.3,,17.87,2070.0,2600.0,-0.098,0.0779,17.3,1730.0,,WIN,expiration,432.5,865.0,1297.5,-1163.0,1533.0,432.5,-1163.0,-1163.0,432.5,865.0,1297.5
2021-11-26,2022-01-07,RUT,42,2256.63,2180.1,,25.77,1900.0,2550.0,-0.1009,0.0791,23.0,2300.0,,WIN,expiration,575.0,1150.0,1725.0,2115.0,2253.0,575.0,1150.0,1725.0,575.0,1150.0,1725.0
2021-12-03,2022-01-14,RUT,42,2180.03,2161.78,,28.99,1785.0,2485.0,-0.0993,0.0772,24.8,2480.0,,WIN,expiration,620.0,1240.0,1860.0,2370.0,2427.0,620.0,1240.0,1860.0,620.0,1240.0,1860.0
2021-12-10,2022-01-14,RUT,35,2217.2,2161.78,,20.18,1910.0,2445.0,-0.0997,0.0809,18.85,1885.0,,WIN,expiration,471.25,942.5,1413.75,1675.0,1785.0,471.25,942.5,1413.75,471.25,942.5,1413.75
2021-12-17,2022-01-28,RUT,42,2136.72,1968.28,,22.2,1810.0,2405.0,-0.0995,0.0807,20.8,2080.0,,WIN,expiration,520.0,1040.0,1560.0,1897.0,1765.0,520.0,1040.0,1560.0,520.0,1040.0,1560.0
2021-12-31,2022-02-11,RUT,42,2254.83,2030.32,,17.72,1980.0,2470.0,-0.0993,0.079,16.65,1665.0,,WIN,expiration,416.25,832.5,1248.75,-6593.0,-1407.0,416.25,-6593.0,-6593.0,416.25,-1407.0,-1407.0
2022-01-07,2022-02-11,RUT,35,2219.69,2030.32,,19.15,1945.0,2420.0,-0.099,0.0776,16.15,1615.0,,WIN,expiration,403.75,807.5,1211.25,-4815.0,-387.0,403.75,-4815.0,-4815.0,403.75,-387.0,-387.0
2022-01-14,2022-02-25,RUT,42,2152.79,2040.47,,20.24,1875.0,2370.0,-0.0984,0.0812,16.95,1695.0,,WIN,expiration,423.75,847.5,1271.25,883.0,1318.0,423.75,847.5,1271.25,423.75,847.5,1271.25
2022-01-21,2022-03-04,RUT,42,2008.57,2001.1,,27.11,1700.0,2265.0,-0.0994,0.0796,19.5,1950.0,,WIN,expiration,487.5,975.0,1462.5,1710.0,1800.0,487.5,975.0,1462.5,487.5,975.0,1462.5
2022-01-28,2022-03-11,RUT,42,1910.97,1979.07,,31.85,1590.0,2170.0,-0.1011,0.0812,21.05,2105.0,,WIN,expiration,526.25,1052.5,1578.75,1722.0,1890.0,526.25,1052.5,1578.75,526.25,1052.5,1578.75
2022-02-04,2022-03-11,RUT,35,1980.04,1979.07,,24.54,1700.0,2185.0,-0.0994,0.0819,17.2,1720.0,,WIN,expiration,430.0,860.0,1290.0,1150.0,1510.0,430.0,860.0,1150.0,430.0,860.0,1290.0
2022-02-11,2022-03-25,RUT,42,2056.84,2078.18,,24.25,1750.0,2280.0,-0.1007,0.0813,19.15,1915.0,,WIN,expiration,478.75,957.5,1436.25,1340.0,1820.0,478.75,957.5,1436.25,478.75,957.5,1436.25
2022-02-18,2022-04-01,RUT,42,2036.73,2091.39,,27.85,1720.0,2275.0,-0.0993,0.0802,19.65,1965.0,,WIN,expiration,491.25,982.5,1473.75,1675.0,1903.0,491.25,982.5,1473.75,491.25,982.5,1473.75
2022-02-25,2022-04-08,RUT,42,1995.61,1994.3,,29.85,1675.0,2250.0,-0.0994,0.0809,20.35,2035.0,,WIN,expiration,508.75,1017.5,1526.25,1815.0,1947.0,508.75,1017.5,1526.25,508.75,1017.5,1526.25
2022-03-04,2022-04-08,RUT,35,2008.97,1994.3,,32.94,1690.0,2255.0,-0.1005,0.081,20.35,2035.0,,WIN,expiration,508.75,1017.5,1526.25,1815.0,1952.0,508.75,1017.5,1526.25,508.75,1017.5,1526.25
2022-03-11,2022-04-22,RUT,42,2019.91,1940.98,,29.79,1695.0,2275.0,-0.1,0.0803,20.65,2065.0,,WIN,expiration,516.25,1032.5,1548.75,1908.0,2007.0,516.25,1032.5,1548.75,516.25,1032.5,1548.75
2022-03-18,2022-04-29,RUT,42,2066.12,1863.88,,25.55,1750.0,2300.0,-0.0922,0.0773,17.5,1750.0,,WIN,expiration,437.5,875.0,1312.5,1520.0,1630.0,437.5,875.0,1312.5,437.5,875.0,1312.5
2022-03-25,2022-05-06,RUT,42,2071.13,1839.42,,21.59,1795.0,2275.0,-0.099,0.0806,16.7,1670.0,,WIN,expiration,417.5,835.0,1252.5,1190.0,713.0,417.5,835.0,1252.5,417.5,835.0,1252.5
2022-04-01,2022-05-13,RUT,42,2090.14,1792.29,,20.2,1820.0,2300.0,-0.1006,0.0786,16.65,-1106.0,,LOSS,expiration,416.25,832.5,-1106.0,-613.0,-447.0,416.25,832.5,-613.0,416.25,832.5,-447.0
2022-04-08,2022-05-13,RUT,35,1994.43,1792.29,,22.27,1750.0,2180.0,-0.1,0.0782,14.75,1475.0,,WIN,expiration,368.75,737.5,1106.25,267.0,630.0,368.75,737.5,267.0,368.75,737.5,1106.25
2022-04-22,2022-06-03,RUT,42,1981.45,1883.13,,23.9,1705.0,2195.0,-0.0989,0.0786,16.8,1680.0,,WIN,expiration,420.0,840.0,1260.0,-237.0,1378.0,420.0,-237.0,-237.0,420.0,840.0,1260.0
2022-04-29,2022-06-10,RUT,42,1927.13,1800.87,,28.98,1635.0,2155.0,-0.0988,0.0823,18.3,1830.0,,WIN,expiration,457.5,915.0,1372.5,1472.0,1773.0,457.5,915.0,1372.5,457.5,915.0,1372.5
2022-05-06,2022-06-10,RUT,35,1824.59,1800.87,,35.09,1545.0,2060.0,-0.1011,0.0812,18.35,1835.0,,WIN,expiration,458.75,917.5,1376.25,1623.0,1773.0,458.75,917.5,1376.25,458.75,917.5,1376.25
2022-05-13,2022-06-24,RUT,42,1779.1,1764.82,,29.71,1495.0,2025.0,-0.1,0.0808,18.6,1860.0,,WIN,expiration,465.0,930.0,1395.0,1570.0,1590.0,465.0,930.0,1395.0,465.0,930.0,1395.0
2022-05-20,2022-07-01,RUT,42,1785.74,1727.19,,28.22,1510.0,2015.0,-0.0992,0.0797,17.45,1745.0,,WIN,expiration,436.25,872.5,1308.75,945.0,1585.0,436.25,872.5,1308.75,436.25,872.5,1308.75
2022-05-27,2022-07-08,RUT,42,1863.25,1768.83,,26.13,1605.0,2090.0,-0.1023,0.082,17.25,1725.0,,WIN,expiration,431.25,862.5,1293.75,357.0,1217.0,431.25,862.5,357.0,431.25,862.5,1293.75
2022-06-03,2022-07-08,RUT,35,1887.2,1768.83,,25.29,1640.0,2115.0,-0.0984,0.0791,15.65,1565.0,,WIN,expiration,391.25,782.5,1173.75,-533.0,538.0,391.25,-533.0,-533.0,391.25,782.5,1173.75
2022-06-10,2022-07-22,RUT,42,1822.42,1806.92,,27.92,1550.0,2050.0,-0.1009,0.0853,18.2,1820.0,,WIN,expiration,455.0,910.0,1365.0,1550.0,1725.0,455.0,910.0,1365.0,455.0,910.0,1365.0
2022-06-17,2022-07-29,RUT,42,1682.94,1885.19,,31.44,1400.0,1940.0,-0.0989,0.076,18.15,1815.0,,WIN,expiration,453.75,907.5,1361.25,1705.0,1610.0,453.75,907.5,1361.25,453.75,907.5,1361.25
2022-06-24,2022-08-05,RUT,42,1740.13,1921.67,,28.4,1475.0,1980.0,-0.1008,0.079,17.5,1750.0,,WIN,expiration,437.5,875.0,1312.5,1492.0,1602.0,437.5,875.0,1312.5,437.5,875.0,1312.5
2022-07-01,2022-08-12,RUT,42,1721.95,2015.58,,27.94,1450.0,1975.0,-0.1015,0.0809,18.5,-2208.0,,LOSS,expiration,462.5,925.0,1387.5,1310.0,1433.0,462.5,925.0,1387.5,462.5,925.0,1387.5
2022-07-08,2022-08-12,RUT,35,1754.25,2015.58,,25.76,1525.0,1950.0,-0.1003,0.081,14.7,-5088.0,,LOSS,expiration,367.5,735.0,1102.5,538.0,568.0,367.5,735.0,1102.5,367.5,735.0,1102.5
2022-07-15,2022-08-26,RUT,42,1710.83,1900.62,,25.31,1470.0,1900.0,-0.1009,0.0835,15.55,1492.0,,WIN,expiration,388.75,777.5,1166.25,-7687.0,-5528.0,-7687.0,-7687.0,-7687.0,-5528.0,-5528.0,-5528.0
2022-07-22,2022-09-02,RUT,42,1825.87,1810.06,,23.25,1585.0,2035.0,-0.1007,0.0795,15.5,1550.0,,WIN,expiration,387.5,775.0,1162.5,615.0,1083.0,387.5,775.0,615.0,387.5,775.0,1162.5
2022-07-29,2022-09-09,RUT,42,1869.39,1882.82,,21.72,1640.0,2085.0,-0.1022,0.0837,15.7,1570.0,,WIN,expiration,392.5,785.0,1177.5,1230.0,1465.0,392.5,785.0,1177.5,392.5,785.0,1177.5
2022-08-05,2022-09-09,RUT,35,1902.05,1882.82,,21.7,1695.0,2090.0,-0.101,0.0776,13.2,1320.0,,WIN,expiration,330.0,660.0,990.0,947.0,1047.0,330.0,660.0,990.0,330.0,660.0,990.0
2022-08-12,2022-09-23,RUT,42,1988.23,1680.09,,19.84,1745.0,2205.0,-0.0991,0.0811,15.55,-4936.0,,LOSS,expiration,388.75,777.5,1166.25,470.0,-798.0,388.75,777.5,470.0,388.75,777.5,1166.25
2022-08-19,2022-09-30,RUT,42,1964.84,1664.97,,20.72,1720.0,2180.0,-0.1018,0.0826,16.25,-3878.0,,LOSS,expiration,406.25,812.5,-3878.0,-1082.0,-1513.0,406.25,812.5,-1082.0,406.25,812.5,-1513.0
2022-08-26,2022-10-07,RUT,42,1955.93,1702.26,,22.06,1705.0,2180.0,-0.0998,0.0775,15.9,1316.0,,WIN,expiration,397.5,795.0,1192.5,-1910.0,-3698.0,397.5,795.0,-1910.0,397.5,795.0,-3698.0
2022-09-02,2022-10-14,RUT,42,1825.33,1682.3,,24.16,1585.0,2040.0,-0.1002,0.0781,15.4,1540.0,,WIN,expiration,385.0,770.0,1155.0,-470.0,1245.0,385.0,-470.0,-470.0,385.0,770.0,1155.0
2022-09-09,2022-10-14,RUT,35,1870.29,1682.3,,22.91,1655.0,2065.0,-0.0989,0.0814,13.75,1375.0,,WIN,expiration,343.75,687.5,1031.25,-2728.0,452.0,-2728.0,-2728.0,-2728.0,343.75,452.0,452.0
2022-09-16,2022-10-28,RUT,42,1783.43,1846.46,,28.34,1520.0,2025.0,-0.1,0.0794,17.25,1725.0,,WIN,expiration,431.25,862.5,1293.75,1320.0,1670.0,431.25,862.5,1293.75,431.25,862.5,1293.75
2022-09-23,2022-11-04,RUT,42,1679.81,1800.12,,29.13,1440.0,1925.0,-0.0995,0.0789,16.05,1605.0,,WIN,expiration,401.25,802.5,1203.75,1358.0,1208.0,401.25,802.5,1203.75,401.25,802.5,1203.75
2022-09-30,2022-11-11,RUT,42,1688.29,1882.88,,31.01,1420.0,1960.0,-0.0983,0.0793,17.9,1790.0,,WIN,expiration,447.5,895.0,1342.5,1152.0,1680.0,447.5,895.0,1342.5,447.5,895.0,1342.5
2022-10-07,2022-11-11,RUT,35,1714.96,1882.88,,31.61,1465.0,1955.0,-0.1017,0.0815,17.15,1715.0,,WIN,expiration,428.75,857.5,1286.25,993.0,1595.0,428.75,857.5,993.0,428.75,857.5,1286.25
2022-10-14,2022-11-25,RUT,42,1730.79,1869.23,,31.65,1475.0,2000.0,-0.1013,0.0786,17.7,1770.0,,WIN,expiration,442.5,885.0,1327.5,1312.0,1495.0,442.5,885.0,1327.5,442.5,885.0,1327.5
2022-10-21,2022-12-02,RUT,42,1713.86,1892.74,,29.38,1475.0,1975.0,-0.1013,0.0787,16.6,1660.0,,WIN,expiration,415.0,830.0,1245.0,1105.0,1568.0,415.0,830.0,1245.0,415.0,830.0,1245.0
2022-10-28,2022-12-09,RUT,42,1819.74,1796.93,,27.39,1580.0,2100.0,-0.1013,0.08,17.1,1710.0,,WIN,expiration,427.5,855.0,1282.5,1645.0,1685.0,427.5,855.0,1282.5,427.5,855.0,1282.5
2022-11-04,2022-12-09,RUT,35,1791.99,1796.93,,24.72,1590.0,2025.0,-0.1021,0.0787,14.22,1422.0,,WIN,expiration,355.5,711.0,1066.5,1297.0,1389.0,355.5,711.0,1066.5,355.5,711.0,1066.5
2022-11-11,2022-12-23,RUT,42,1885.98,1761.08,,23.43,1650.0,2170.0,-0.0996,0.0812,16.8,1680.0,,WIN,expiration,420.0,840.0,1260.0,1383.0,1510.0,420.0,840.0,1260.0,420.0,840.0,1260.0
2022-11-18,2022-12-30,RUT,42,1859.22,1760.83,,23.6,1630.0,2130.0,-0.0985,0.07,14.8,1480.0,,WIN,expiration,370.0,740.0,1110.0,1187.0,1360.0,370.0,740.0,1110.0,370.0,740.0,1110.0
2022-11-25,2023-01-06,RUT,42,1867.21,1792.32,,20.97,1655.0,2070.0,-0.0981,0.0822,13.8,1380.0,,WIN,expiration,345.0,690.0,1035.0,773.0,1222.0,345.0,690.0,773.0,345.0,690.0,1035.0
2022-12-02,2023-01-13,RUT,42,1867.3,1887.33,,19.88,1665.0,2070.0,-0.1018,0.0828,13.95,1395.0,,WIN,expiration,348.75,697.5,1046.25,698.0,862.0,348.75,697.5,698.0,348.75,697.5,1046.25
2022-12-09,2023-01-13,RUT,35,1812.8,1887.33,,22.86,1610.0,1995.0,-0.1067,0.0813,14.15,1415.0,,WIN,expiration,353.75,707.5,1061.25,1130.0,1263.0,353.75,707.5,1061.25,353.75,707.5,1061.25
2022-12-16,2023-01-27,RUT,42,1764.66,1911.56,,22.41,1565.0,1965.0,-0.0987,0.0804,13.15,1315.0,,WIN,expiration,328.75,657.5,986.25,870.0,1048.0,328.75,657.5,986.25,328.75,657.5,986.25
2022-12-23,2023-02-03,RUT,42,1743.74,1985.69,,22.49,1545.0,1950.0,-0.1016,0.0867,14.25,-2144.0,,LOSS,expiration,356.25,712.5,-2144.0,753.0,482.0,356.25,712.5,753.0,356.25,712.5,482.0
2022-12-30,2023-02-10,RUT,42,1752.61,1919.15,,22.03,1560.0,1960.0,-0.1014,0.0804,13.35,1335.0,,WIN,expiration,333.75,667.5,1001.25,182.0,-3550.0,333.75,667.5,182.0,333.75,667.5,-3550.0
2023-01-06,2023-02-10,RUT,35,1760.73,1919.15,,21.85,1600.0,1940.0,-0.1004,0.0818,11.15,1115.0,,WIN,expiration,278.75,557.5,836.25,-658.0,-5382.0,278.75,-658.0,-658.0,278.75,-5382.0,-5382.0
2023-01-13,2023-02-24,RUT,42,1867.65,1890.44,,18.7,1650.0,2060.0,-0.1011,0.0768,13.9,1390.0,,WIN,expiration,347.5,695.0,1042.5,1140.0,1345.0,347.5,695.0,1042.5,347.5,695.0,1042.5
2023-01-20,2023-03-03,RUT,42,1849.0,1928.58,,20.23,1630.0,2015.0,-0.0966,0.0786,12.85,1285.0,,WIN,expiration,321.25,642.5,963.75,715.0,1203.0,321.25,642.5,715.0,321.25,642.5,963.75
2023-01-27,2023-03-10,RUT,42,1906.11,1773.03,,18.38,1705.0,2080.0,-0.1068,0.083,14.05,1405.0,,WIN,expiration,351.25,702.5,1053.75,1202.0,1365.0,351.25,702.5,1053.75,351.25,702.5,1053.75
2023-02-03,2023-03-10,RUT,35,1992.12,1773.03,,18.46,1785.0,2160.0,-0.1054,0.0844,14.05,208.0,,WIN,expiration,351.25,702.5,1053.75,898.0,1277.0,351.25,702.5,898.0,351.25,702.5,1053.75
2023-02-10,2023-03-24,RUT,42,1908.29,1734.83,,21.31,1680.0,2140.0,-0.0971,0.0792,14.75,1475.0,,WIN,expiration,368.75,737.5,1106.25,928.0,-187.0,368.75,737.5,1106.25,368.75,737.5,1106.25
2023-02-17,2023-03-31,RUT,42,1929.21,1802.44,,21.02,1710.0,2120.0,-0.101,0.084,14.5,1450.0,,WIN,expiration,362.5,725.0,1087.5,-1443.0,-1280.0,362.5,725.0,-1443.0,362.5,725.0,-1280.0
2023-02-24,2023-04-06,RUT,41,1880.85,1754.39,,22.76,1660.0,2075.0,-0.1004,0.0801,14.25,1425.0,,WIN,expiration,356.25,712.5,1068.75,247.0,1302.0,356.25,712.5,247.0,356.25,712.5,1068.75
2023-03-03,2023-04-14,RUT,42,1908.64,1781.28,,19.21,1695.0,2095.0,-0.1026,0.0822,14.25,1425.0,,WIN,expiration,356.25,712.5,1068.75,287.0,827.0,356.25,712.5,287.0,356.25,712.5,1068.75
2023-03-10,2023-04-14,RUT,35,1794.73,1781.28,,23.36,1600.0,1985.0,-0.1012,0.0789,12.9,1290.0,,WIN,expiration,322.5,645.0,967.5,1020.0,1235.0,322.5,645.0,967.5,322.5,645.0,967.5
2023-03-17,2023-04-28,RUT,42,1747.8,1768.79,,24.02,1510.0,1950.0,-0.097,0.0722,14.1,1410.0,,WIN,expiration,352.5,705.0,1057.5,1310.0,1385.0,352.5,705.0,1057.5,352.5,705.0,1057.5
2023-03-24,2023-05-05,RUT,42,1702.52,1759.23,,24.09,1465.0,1910.0,-0.1005,0.0825,15.75,1575.0,,WIN,expiration,393.75,787.5,1181.25,1447.0,1545.0,393.75,787.5,1181.25,393.75,787.5,1181.25
2023-03-31,2023-05-12,RUT,42,1784.44,1740.95,,18.88,1560.0,1980.0,-0.0991,0.0764,14.0,1400.0,,WIN,expiration,350.0,700.0,1050.0,1240.0,1235.0,350.0,700.0,1050.0,350.0,700.0,1050.0
2023-04-14,2023-05-26,RUT,42,1805.02,1772.82,,17.55,1600.0,1980.0,-0.1049,0.0778,13.65,1365.0,,WIN,expiration,341.25,682.5,1023.75,1067.0,1325.0,341.25,682.5,1023.75,341.25,682.5,1023.75
2023-04-21,2023-06-02,RUT,42,1785.73,1830.86,,17.35,1595.0,1935.0,-0.0997,0.083,11.95,1195.0,,WIN,expiration,298.75,597.5,896.25,1050.0,1070.0,298.75,597.5,896.25,298.75,597.5,896.25
2023-04-28,2023-06-09,RUT,42,1757.56,1865.85,,16.54,1575.0,1900.0,-0.101,0.0811,11.47,1147.0,,WIN,expiration,286.75,573.5,860.25,774.0,1087.0,286.75,573.5,860.25,286.75,573.5,860.25
2023-05-05,2023-06-09,RUT,35,1749.07,1865.85,,17.97,1560.0,1895.0,-0.0981,0.077,11.18,1118.0,,WIN,expiration,279.5,559.0,838.5,780.0,1056.0,279.5,559.0,838.5,279.5,559.0,838.5
2023-05-12,2023-06-23,RUT,42,1752.29,1821.37,,16.54,1555.0,1905.0,-0.0994,0.0789,12.05,1205.0,,WIN,expiration,301.25,602.5,903.75,-800.0,-198.0,301.25,602.5,-800.0,301.25,602.5,-198.0
2023-05-19,2023-06-30,RUT,42,1792.76,1888.74,,16.03,1610.0,1940.0,-0.1016,0.0847,11.9,1190.0,,WIN,expiration,297.5,595.0,892.5,-53.0,1060.0,297.5,595.0,-53.0,297.5,595.0,892.5
2023-05-26,2023-07-07,RUT,42,1757.89,1864.71,,18.23,1565.0,1905.0,-0.1052,0.0778,12.5,1250.0,,WIN,expiration,312.5,625.0,937.5,558.0,250.0,312.5,625.0,937.5,312.5,625.0,937.5
2023-06-02,2023-07-14,RUT,42,1789.41,1930.71,,15.13,1610.0,1945.0,-0.0993,0.081,11.35,1135.0,,WIN,expiration,283.75,567.5,851.25,452.0,1028.0,283.75,567.5,452.0,283.75,567.5,851.25
2023-06-09,2023-07-14,RUT,35,1877.39,1930.71,,13.56,1715.0,2035.0,-0.1008,0.0826,10.85,1085.0,,WIN,expiration,271.25,542.5,813.75,890.0,957.0,271.25,542.5,813.75,271.25,542.5,813.75
2023-06-16,2023-07-28,RUT,42,1883.96,1981.43,,14.39,1725.0,2050.0,-0.0976,0.0791,10.3,1030.0,,WIN,expiration,257.5,515.0,772.5,640.0,840.0,257.5,515.0,772.5,257.5,515.0,772.5
2023-06-23,2023-08-04,RUT,42,1835.05,1957.53,,13.44,1660.0,2005.0,-0.1002,0.0815,11.6,1160.0,,WIN,expiration,290.0,580.0,870.0,-225.0,672.0,290.0,-225.0,-225.0,290.0,580.0,672.0
2023-06-30,2023-08-11,RUT,42,1895.76,1924.79,,13.47,1735.0,2095.0,-0.1012,0.0792,11.5,1150.0,,WIN,expiration,287.5,575.0,862.5,962.0,1100.0,287.5,575.0,862.5,287.5,575.0,862.5
2023-07-07,2023-08-11,RUT,35,1860.11,1924.79,,14.98,1700.0,2015.0,-0.1,0.0783,10.3,1030.0,,WIN,expiration,257.5,515.0,772.5,172.0,525.0,172.0,172.0,172.0,257.5,515.0,525.0
2023-07-14,2023-08-25,RUT,42,1937.34,1853.48,,13.69,1785.0,2105.0,-0.102,0.0855,11.0,1100.0,,WIN,expiration,275.0,550.0,825.0,733.0,635.0,275.0,550.0,825.0,275.0,550.0,825.0
2023-07-21,2023-09-01,RUT,42,1965.41,1920.31,,13.79,1790.0,2145.0,-0.0998,0.0825,11.85,1185.0,,WIN,expiration,296.25,592.5,888.75,60.0,633.0,296.25,592.5,60.0,296.25,592.5,888.75
2023-07-28,2023-09-08,RUT,42,1978.28,1851.84,,13.53,1815.0,2180.0,-0.0993,0.081,11.6,1160.0,,WIN,expiration,290.0,580.0,870.0,-420.0,1060.0,290.0,-420.0,-420.0,290.0,580.0,870.0
2023-08-04,2023-09-08,RUT,35,1959.96,1851.84,,15.27,1790.0,2115.0,-0.0995,0.0776,10.65,1065.0,,WIN,expiration,266.25,532.5,798.75,58.0,1005.0,266.25,532.5,58.0,266.25,532.5,798.75
2023-08-11,2023-09-22,RUT,42,1918.21,1776.96,,16.15,1720.0,2090.0,-0.1,0.0804,12.65,1265.0,,WIN,expiration,316.25,632.5,948.75,1010.0,777.0,316.25,632.5,948.75,316.25,632.5,948.75
2023-08-18,2023-09-29,RUT,42,1851.48,1785.16,,18.58,1650.0,2030.0,-0.097,0.0791,12.4,1240.0,,WIN,expiration,310.0,620.0,930.0,752.0,1140.0,310.0,620.0,930.0,310.0,620.0,930.0
2023-08-25,2023-10-06,RUT,42,1850.78,1745.49,,16.64,1680.0,2015.0,-0.0956,0.0813,10.7,1070.0,,WIN,expiration,267.5,535.0,802.5,600.0,940.0,267.5,535.0,802.5,267.5,535.0,802.5
2023-09-01,2023-10-13,RUT,42,1917.35,1719.62,,13.27,1735.0,2080.0,-0.0942,0.0785,10.77,-461.0,,LOSS,expiration,269.25,538.5,807.75,115.0,-1366.0,269.25,538.5,115.0,269.25,538.5,-1366.0
2023-09-08,2023-10-13,RUT,35,1849.69,1719.62,,14.03,1700.0,1990.0,-0.1,0.0828,9.8,980.0,,WIN,expiration,245.0,490.0,735.0,463.0,-140.0,245.0,490.0,463.0,245.0,490.0,-140.0
2023-09-15,2023-10-27,RUT,42,1856.69,1637.61,,13.15,1715.0,2000.0,-0.1007,0.0793,9.4,-6799.0,,LOSS,expiration,235.0,-6799.0,-6799.0,-878.0,-2217.0,-878.0,-878.0,-878.0,235.0,-2217.0,-2217.0
2023-09-22,2023-11-03,RUT,42,1785.3,1760.53,,16.79,1615.0,1945.0,-0.0977,0.0791,10.7,1070.0,,WIN,expiration,267.5,535.0,802.5,163.0,42.0,267.5,535.0,802.5,267.5,535.0,802.5
2023-09-29,2023-11-10,RUT,42,1805.9,1705.17,,15.9,1615.0,1960.0,-0.1097,0.0786,13.3,1330.0,,WIN,expiration,332.5,665.0,997.5,-337.0,1173.0,332.5,665.0,-337.0,332.5,665.0,997.5
2023-10-06,2023-11-10,RUT,35,1720.05,1705.17,,19.23,1555.0,1875.0,-0.098,0.0786,10.35,1035.0,,WIN,expiration,258.75,517.5,776.25,400.0,970.0,258.75,517.5,400.0,258.75,517.5,776.25
2023-10-13,2023-11-24,RUT,42,1734.36,1807.29,,16.94,1560.0,1955.0,-0.0933,0.0828,11.95,1195.0,,WIN,expiration,298.75,597.5,896.25,972.0,1172.0,298.75,597.5,896.25,298.75,597.5,896.25
2023-10-20,2023-12-01,RUT,42,1699.86,1862.5,,20.74,1505.0,1870.0,-0.1002,0.0824,12.7,1270.0,,WIN,expiration,317.5,635.0,952.5,800.0,1093.0,317.5,635.0,952.5,317.5,635.0,952.5
2023-10-27,2023-12-08,RUT,42,1646.11,1880.66,,20.09,1430.0,1880.0,-0.103,0.0807,15.5,1484.0,,WIN,expiration,387.5,775.0,1162.5,1175.0,1270.0,387.5,775.0,1162.5,387.5,775.0,1162.5
2023-11-03,2023-12-08,RUT,35,1764.64,1880.66,,15.18,1615.0,2000.0,-0.1008,0.0796,11.7,1170.0,,WIN,expiration,292.5,585.0,877.5,1052.0,1130.0,292.5,585.0,877.5,292.5,585.0,877.5
2023-11-10,2023-12-22,RUT,42,1694.16,2033.8,,14.85,1545.0,1990.0,-0.0984,0.0699,11.5,-3230.0,,LOSS,expiration,287.5,575.0,862.5,735.0,-1770.0,287.5,575.0,862.5,287.5,575.0,862.5
2023-11-17,2023-12-29,RUT,42,1788.28,2027.75,,13.93,1630.0,1970.0,-0.0967,0.0763,10.3,-4745.0,,LOSS,expiration,257.5,515.0,-4745.0,-3820.0,-4835.0,257.5,515.0,-3820.0,257.5,515.0,-4835.0
2023-11-24,2024-01-05,RUT,42,1803.13,1951.43,,13.07,1650.0,1970.0,-0.0978,0.0826,10.35,1035.0,,WIN,expiration,258.75,517.5,776.25,-5700.0,-8373.0,-5700.0,-5700.0,-5700.0,-8373.0,-8373.0,-8373.0
2023-12-01,2024-01-12,RUT,42,1812.19,1950.99,,12.82,1660.0,2040.0,-0.1026,0.0827,12.2,1220.0,,WIN,expiration,305.0,610.0,915.0,-3650.0,620.0,305.0,610.0,-3650.0,305.0,610.0,915.0
2023-12-08,2024-01-12,RUT,35,1875.52,1950.99,,12.78,1730.0,2115.0,-0.1011,0.0801,11.68,1168.0,,WIN,expiration,292.0,584.0,876.0,-459.0,1041.0,292.0,584.0,-459.0,292.0,584.0,876.0
2023-12-15,2024-01-26,RUT,42,1994.7,1978.44,,12.28,1835.0,2240.0,-0.1015,0.0792,12.45,1245.0,,WIN,expiration,311.25,622.5,933.75,978.0,152.0,311.25,622.5,933.75,311.25,622.5,933.75
2023-12-22,2024-02-02,RUT,42,2040.24,1963.13,,13.83,1840.0,2295.0,-0.0981,0.0778,13.9,1390.0,,WIN,expiration,347.5,695.0,1042.5,68.0,1228.0,347.5,695.0,68.0,347.5,695.0,1042.5
2023-12-29,2024-02-09,RUT,42,2053.33,2010.17,,12.65,1865.0,2285.0,-0.1017,0.0784,13.45,1345.0,,WIN,expiration,336.25,672.5,1008.75,802.0,1040.0,336.25,672.5,802.0,336.25,672.5,1008.75
2024-01-05,2024-02-09,RUT,35,1955.11,2010.17,,13.56,1785.0,2185.0,-0.0975,0.0805,12.2,1220.0,,WIN,expiration,305.0,610.0,915.0,930.0,1108.0,305.0,610.0,915.0,305.0,610.0,915.0
2024-01-12,2024-02-23,RUT,42,1976.58,2016.91,,12.66,1805.0,2180.0,-0.1014,0.0782,12.05,1205.0,,WIN,expiration,301.25,602.5,903.75,967.0,677.0,301.25,602.5,903.75,301.25,602.5,903.75
2024-01-19,2024-03-01,RUT,42,1921.41,2076.51,,13.76,1725.0,2155.0,-0.0984,0.0797,13.55,1355.0,,WIN,expiration,338.75,677.5,1016.25,570.0,1253.0,338.75,677.5,1016.25,338.75,677.5,1016.25
2024-01-26,2024-03-08,RUT,42,1986.61,2082.95,,13.56,1805.0,2270.0,-0.0998,0.0812,14.25,1425.0,,WIN,expiration,356.25,712.5,1068.75,1208.0,1372.0,356.25,712.5,1068.75,356.25,712.5,1068.75
2024-02-02,2024-03-08,RUT,35,1950.2,2082.95,,13.95,1775.0,2180.0,-0.1021,0.08,12.95,1295.0,,WIN,expiration,323.75,647.5,971.25,948.0,1143.0,323.75,647.5,971.25,323.75,647.5,971.25
2024-02-09,2024-03-22,RUT,42,1988.38,2071.87,,12.83,1810.0,2220.0,-0.0979,0.0805,12.7,1270.0,,WIN,expiration,317.5,635.0,952.5,665.0,773.0,317.5,635.0,665.0,317.5,635.0,952.5
2024-02-16,2024-03-28,RUT,41,2035.48,2124.23,,14.54,1830.0,2350.0,-0.0993,0.0665,14.1,1410.0,,WIN,expiration,352.5,705.0,1057.5,1290.0,1363.0,352.5,705.0,1057.5,352.5,705.0,1057.5
2024-02-23,2024-04-05,RUT,42,2006.75,2063.58,,14.19,1810.0,2250.0,-0.1006,0.0791,14.05,1405.0,,WIN,expiration,351.25,702.5,1053.75,1180.0,1365.0,351.25,702.5,1053.75,351.25,702.5,1053.75
2024-03-01,2024-04-12,RUT,42,2054.62,2003.36,,13.28,1860.0,2300.0,-0.1003,0.0781,13.8,1380.0,,WIN,expiration,345.0,690.0,1035.0,1235.0,1285.0,345.0,690.0,1035.0,345.0,690.0,1035.0
2024-03-08,2024-04-12,RUT,35,2112.72,2003.36,,14.05,1935.0,2345.0,-0.1001,0.0802,12.9,1290.0,,WIN,expiration,322.5,645.0,967.5,1120.0,1035.0,322.5,645.0,967.5,322.5,645.0,967.5
2024-03-15,2024-04-26,RUT,42,2035.63,2001.89,,14.91,1840.0,2265.0,-0.0981,0.081,13.5,1350.0,,WIN,expiration,337.5,675.0,1012.5,1185.0,1170.0,337.5,675.0,1012.5,337.5,675.0,1012.5
2024-03-22,2024-05-03,RUT,42,2089.95,2035.49,,12.91,1915.0,2315.0,-0.1,0.0782,12.45,1245.0,,WIN,expiration,311.25,622.5,933.75,-695.0,493.0,311.25,-695.0,-695.0,311.25,622.5,933.75
2024-04-05,2024-05-10,RUT,35,2057.63,2059.59,,16.15,1875.0,2255.0,-0.1002,0.0815,12.5,1250.0,,WIN,expiration,312.5,625.0,937.5,638.0,1180.0,312.5,625.0,937.5,312.5,625.0,937.5
2024-04-12,2024-05-24,RUT,42,2027.64,2069.44,,16.8,1825.0,2265.0,-0.1001,0.0793,14.1,1410.0,,WIN,expiration,352.5,705.0,1057.5,1300.0,1390.0,352.5,705.0,1057.5,352.5,705.0,1057.5
2024-04-19,2024-05-31,RUT,42,1954.56,2070.08,,18.34,1750.0,2170.0,-0.0966,0.0811,13.4,1340.0,,WIN,expiration,335.0,670.0,1005.0,967.0,1297.0,335.0,670.0,1005.0,335.0,670.0,1005.0
2024-04-26,2024-06-07,RUT,42,1999.2,2026.56,,15.27,1820.0,2240.0,-0.1006,0.0796,13.2,1320.0,,WIN,expiration,330.0,660.0,990.0,1220.0,1275.0,330.0,660.0,990.0,330.0,660.0,990.0
2024-05-03,2024-06-14,RUT,42,2053.32,2006.07,,13.82,1865.0,2315.0,-0.1053,0.0793,14.7,1470.0,,WIN,expiration,367.5,735.0,1102.5,1262.0,1400.0,367.5,735.0,1102.5,367.5,735.0,1102.5
2024-05-10,2024-06-14,RUT,35,2076.71,2006.07,,12.89,1915.0,2310.0,-0.0999,0.0796,12.1,1210.0,,WIN,expiration,302.5,605.0,907.5,822.0,1065.0,302.5,605.0,907.5,302.5,605.0,907.5
2024-05-17,2024-06-28,RUT,42,2097.78,2047.13,,12.36,1940.0,2300.0,-0.1044,0.0692,11.0,1100.0,,WIN,expiration,275.0,550.0,825.0,703.0,792.0,275.0,550.0,825.0,275.0,550.0,825.0
2024-05-24,2024-07-05,RUT,42,2057.01,2026.44,,12.59,1895.0,2300.0,-0.099,0.0806,12.35,1235.0,,WIN,expiration,308.75,617.5,926.25,947.0,1185.0,308.75,617.5,926.25,308.75,617.5,926.25
2024-05-31,2024-07-12,RUT,42,2068.66,2147.56,,13.69,1895.0,2290.0,-0.1,0.0791,12.4,1240.0,,WIN,expiration,310.0,620.0,930.0,1042.0,1165.0,310.0,620.0,930.0,310.0,620.0,930.0
2024-06-07,2024-07-12,RUT,35,2034.39,2147.56,,12.58,1880.0,2210.0,-0.1001,0.0792,10.55,1055.0,,WIN,expiration,263.75,527.5,791.25,840.0,985.0,263.75,527.5,791.25,263.75,527.5,791.25
2024-06-14,2024-07-26,RUT,42,2013.65,2259.88,,12.52,1855.0,2240.0,-0.1044,0.0817,12.6,-728.0,,LOSS,expiration,315.0,630.0,945.0,625.0,-438.0,315.0,630.0,945.0,315.0,630.0,945.0
2024-06-21,2024-08-02,RUT,42,2009.14,2109.21,,13.61,1835.0,2210.0,-0.0978,0.0782,11.65,1165.0,,WIN,expiration,291.25,582.5,873.75,-3080.0,-3965.0,291.25,582.5,-3080.0,291.25,582.5,-3965.0
2024-06-28,2024-08-09,RUT,42,2047.94,2081.03,,12.3,1885.0,2285.0,-0.0986,0.0788,12.05,1205.0,,WIN,expiration,301.25,602.5,903.75,-1650.0,493.0,301.25,602.5,-1650.0,301.25,602.5,903.75
2024-07-05,2024-08-09,RUT,35,2026.67,2081.03,,12.17,1890.0,2190.0,-0.1019,0.0802,9.75,975.0,,WIN,expiration,243.75,487.5,731.25,-6377.0,-2715.0,-6377.0,-6377.0,-6377.0,-2715.0,-2715.0,-2715.0
2024-07-12,2024-08-23,RUT,42,2148.73,2219.01,,12.33,1995.0,2395.0,-0.1031,0.0783,12.3,1230.0,,WIN,expiration,307.5,615.0,922.5,-678.0,725.0,-678.0,-678.0,-678.0,307.5,615.0,922.5
2024-07-19,2024-08-30,RUT,42,2198.35,2218.0,,15.96,1990.0,2500.0,-0.1016,0.0703,14.8,1480.0,,WIN,expiration,370.0,740.0,1110.0,333.0,1365.0,370.0,740.0,1110.0,370.0,740.0,1110.0
2024-07-26,2024-09-06,RUT,42,2263.4,2091.53,,17.38,2040.0,2580.0,-0.1003,0.0791,16.7,1670.0,,WIN,expiration,417.5,835.0,1252.5,905.0,1567.0,417.5,835.0,1252.5,417.5,835.0,1252.5
2024-08-02,2024-09-13,RUT,42,2113.37,2182.25,,21.55,1865.0,2410.0,-0.0989,0.0768,17.0,1700.0,,WIN,expiration,425.0,850.0,1275.0,1465.0,1582.0,425.0,850.0,1275.0,425.0,850.0,1275.0
2024-08-09,2024-09-13,RUT,35,2078.15,2182.25,,24.06,1830.0,2330.0,-0.1002,0.0797,16.65,1665.0,,WIN,expiration,416.25,832.5,1248.75,1000.0,1515.0,416.25,832.5,1000.0,416.25,832.5,1248.75
2024-08-16,2024-09-27,RUT,42,2145.89,2224.66,,15.38,1935.0,2410.0,-0.0991,0.0832,15.3,1530.0,,WIN,expiration,382.5,765.0,1147.5,1242.0,1460.0,382.5,765.0,1147.5,382.5,765.0,1147.5
2024-08-23,2024-10-04,RUT,42,2167.48,2212.87,,16.86,1945.0,2420.0,-0.1004,0.0761,15.1,1510.0,,WIN,expiration,377.5,755.0,1132.5,1192.0,1428.0,377.5,755.0,1132.5,377.5,755.0,1132.5
2024-08-30,2024-10-11,RUT,42,2210.31,2233.93,,15.1,1985.0,2465.0,-0.1003,0.0786,15.5,1550.0,,WIN,expiration,387.5,775.0,1162.5,1320.0,1390.0,387.5,775.0,1162.5,387.5,775.0,1162.5
2024-09-06,2024-10-11,RUT,35,2134.78,2233.93,,20.17,1915.0,2360.0,-0.0984,0.0818,14.6,1460.0,,WIN,expiration,365.0,730.0,1095.0,1055.0,1317.0,365.0,730.0,1055.0,365.0,730.0,1095.0
2024-09-13,2024-10-25,RUT,42,2164.84,2208.34,,16.83,1920.0,2355.0,-0.0994,0.1258,19.6,1960.0,,WIN,expiration,490.0,980.0,1470.0,1698.0,1585.0,490.0,980.0,1470.0,490.0,980.0,1470.0
2024-09-20,2024-11-01,RUT,42,2236.3,2210.27,,16.32,2015.0,2425.0,-0.0987,0.1518,21.55,2155.0,,WIN,expiration,538.75,1077.5,1616.25,1730.0,2062.0,538.75,1077.5,1616.25,538.75,1077.5,1616.25
2024-09-27,2024-11-08,RUT,42,2225.68,2399.23,,15.48,1990.0,2415.0,-0.1026,0.1707,26.0,2600.0,,WIN,expiration,650.0,1300.0,1950.0,1905.0,2140.0,650.0,1300.0,1905.0,650.0,1300.0,1950.0
2024-10-04,2024-11-08,RUT,35,2206.13,2399.23,,19.69,1980.0,2415.0,-0.1114,0.127,21.8,2180.0,,WIN,expiration,545.0,1090.0,1635.0,1513.0,1755.0,545.0,1090.0,1513.0,545.0,1090.0,1635.0
2024-10-11,2024-11-22,RUT,42,2205.3,2406.23,,20.6,1960.0,2420.0,-0.0983,0.1401,22.5,2250.0,,WIN,expiration,562.5,1125.0,1687.5,-703.0,1822.0,562.5,1125.0,-703.0,562.5,1125.0,1687.5
2024-10-18,2024-11-29,RUT,42,2284.35,2436.28,,18.85,2040.0,2550.0,-0.1012,0.0862,17.65,1765.0,,WIN,expiration,441.25,882.5,1323.75,1627.0,1718.0,441.25,882.5,1323.75,441.25,882.5,1323.75
2024-10-25,2024-12-06,RUT,42,2229.01,2409.38,,18.36,2000.0,2435.0,-0.1005,0.139,21.5,2150.0,,WIN,expiration,537.5,1075.0,1612.5,588.0,-1020.0,537.5,1075.0,588.0,537.5,1075.0,-1020.0
2024-11-01,2024-12-13,RUT,42,2223.08,2346.77,,21.61,2010.0,2455.0,-0.1305,0.1276,26.0,2600.0,,WIN,expiration,650.0,1300.0,1950.0,-952.0,1565.0,650.0,1300.0,-952.0,650.0,1300.0,1565.0
2024-11-08,2024-12-20,RUT,42,2384.8,2243.11,,14.79,2160.0,2650.0,-0.0979,0.089,16.45,1645.0,,WIN,expiration,411.25,822.5,1233.75,1320.0,1540.0,411.25,822.5,1233.75,411.25,822.5,1233.75
2024-11-15,2024-12-27,RUT,42,2327.15,2244.8,,14.96,2100.0,2585.0,-0.1011,0.0816,16.1,1610.0,,WIN,expiration,402.5,805.0,1207.5,1387.0,898.0,402.5,805.0,1207.5,402.5,805.0,1207.5
2024-11-22,2025-01-03,RUT,42,2387.37,2268.09,,16.1,2155.0,2555.0,-0.1003,0.1963,27.9,2790.0,,WIN,expiration,697.5,1395.0,2092.5,375.0,2615.0,697.5,1395.0,2092.5,697.5,1395.0,2092.5
2024-11-29,2025-01-10,RUT,42,2439.67,2189.39,,13.67,2200.0,2665.0,-0.1004,0.1273,21.25,1064.0,,WIN,expiration,531.25,1062.5,1593.75,1087.0,635.0,531.25,1062.5,1087.0,531.25,1062.5,1593.75
2024-12-06,2025-01-17,RUT,42,2407.54,2275.73,,13.07,2190.0,2700.0,-0.0999,0.0685,14.62,1462.0,,WIN,expiration,365.5,731.0,1096.5,-685.0,-48.0,365.5,-685.0,-685.0,365.5,731.0,-48.0
2024-12-13,2025-01-24,RUT,42,2354.17,2307.76,,13.46,2140.0,2625.0,-0.1013,0.0795,15.5,1550.0,,WIN,expiration,387.5,775.0,1162.5,412.0,1380.0,387.5,775.0,412.0,387.5,775.0,1162.5
2024-12-20,2025-01-31,RUT,42,2227.76,2288.09,,22.35,1950.0,2530.0,-0.1013,0.0808,19.52,1952.0,,WIN,expiration,488.0,976.0,1464.0,1819.0,1884.0,488.0,976.0,1464.0,488.0,976.0,1464.0
2024-12-27,2025-02-07,RUT,42,2268.88,2279.89,,16.47,2035.0,2535.0,-0.099,0.0805,16.05,1605.0,,WIN,expiration,401.25,802.5,1203.75,1400.0,1523.0,401.25,802.5,1203.75,401.25,802.5,1203.75
2025-01-03,2025-02-14,RUT,42,2238.88,2279.93,,17.44,2030.0,2475.0,-0.1164,0.0885,18.05,1805.0,,WIN,expiration,451.25,902.5,1353.75,1475.0,1720.0,451.25,902.5,1353.75,451.25,902.5,1353.75
2025-01-10,2025-02-21,RUT,42,2200.22,2195.31,,19.22,1950.0,2455.0,-0.0987,0.0757,16.1,1610.0,,WIN,expiration,402.5,805.0,1207.5,1375.0,1568.0,402.5,805.0,1207.5,402.5,805.0,1207.5
2025-01-17,2025-02-28,RUT,42,2284.95,2162.76,,15.82,2080.0,2510.0,-0.098,0.0759,13.3,1330.0,,WIN,expiration,332.5,665.0,997.5,1162.0,1232.0,332.5,665.0,997.5,332.5,665.0,997.5
2025-01-24,2025-02-28,RUT,35,2306.41,2162.76,,14.75,2115.0,2510.0,-0.0995,0.0842,13.1,1310.0,,WIN,expiration,327.5,655.0,982.5,1090.0,1178.0,327.5,655.0,982.5,327.5,655.0,982.5
2025-01-31,2025-03-14,RUT,42,2307.26,2043.67,,15.31,2100.0,2510.0,-0.1003,0.0987,15.4,-4093.0,,LOSS,expiration,385.0,770.0,-4093.0,-1230.0,-4068.0,385.0,770.0,-1230.0,385.0,770.0,-4068.0
2025-02-07,2025-03-21,RUT,42,2310.45,2056.94,,14.85,2100.0,2550.0,-0.1014,0.0674,13.55,-2951.0,,LOSS,expiration,338.75,-2951.0,-2951.0,-5165.0,-8992.0,338.75,-5165.0,-5165.0,338.75,-8992.0,-8992.0
2025-02-14,2025-03-28,RUT,42,2294.2,2023.24,,14.99,2095.0,2510.0,-0.1001,0.0785,13.4,-5836.0,,LOSS,expiration,-5836.0,-5836.0,-5836.0,-9083.0,-3172.0,-9083.0,-9083.0,-9083.0,-3172.0,-3172.0,-3172.0
2025-02-21,2025-04-04,RUT,42,2256.53,1827.52,,15.7,2030.0,2475.0,-0.0991,0.0855,15.2,-18728.0,,LOSS,expiration,380.0,-18728.0,-18728.0,-1513.0,-223.0,-1513.0,-1513.0,-1513.0,380.0,-223.0,-223.0
2025-02-28,2025-04-11,RUT,42,2137.23,1859.32,,20.95,1960.0,2375.0,-0.1528,0.0811,22.25,-7843.0,,LOSS,expiration,556.25,1112.5,-7843.0,1265.0,-4792.0,556.25,1112.5,1265.0,556.25,1112.5,-4792.0
2025-03-07,2025-04-17,RUT,41,2074.0,1880.25,,24.11,1800.0,2320.0,-0.0872,0.0808,15.4,1540.0,,WIN,expiration,385.0,770.0,1155.0,1235.0,-267.0,385.0,770.0,1155.0,385.0,770.0,1155.0
2025-03-14,2025-04-25,RUT,42,2023.36,1957.58,,23.38,1785.0,2265.0,-0.1013,0.0814,16.4,1640.0,,WIN,expiration,410.0,820.0,1230.0,-3138.0,798.0,410.0,820.0,-3138.0,410.0,820.0,798.0
2025-03-21,2025-05-02,RUT,42,2047.88,2020.57,,20.54,1830.0,2275.0,-0.1012,0.081,15.0,1500.0,,WIN,expiration,375.0,750.0,1125.0,-1293.0,930.0,375.0,-1293.0,-1293.0,375.0,750.0,1125.0
2025-03-28,2025-05-09,RUT,42,2048.09,2023.0,,19.46,1880.0,2280.0,-0.1354,0.0814,17.9,1790.0,,WIN,expiration,447.5,895.0,1342.5,-277.0,968.0,-277.0,-277.0,-277.0,447.5,895.0,1342.5
2025-04-04,2025-05-16,RUT,42,1834.97,2113.39,,35.84,1500.0,2125.0,-0.0907,0.0801,19.95,1995.0,,WIN,expiration,498.75,997.5,1496.25,1653.0,1578.0,498.75,997.5,1496.25,498.75,997.5,1496.25
2025-04-11,2025-05-23,RUT,42,1829.53,2039.52,,42.42,1460.0,2245.0,-0.1029,0.0903,29.6,2960.0,,WIN,expiration,740.0,1480.0,2220.0,2782.0,2885.0,740.0,1480.0,2220.0,740.0,1480.0,2220.0
2025-04-25,2025-06-06,RUT,42,1940.13,2131.83,,27.1,1730.0,2110.0,-0.1417,0.1645,30.2,837.0,,WIN,expiration,755.0,1510.0,2265.0,1658.0,1808.0,755.0,1510.0,1658.0,755.0,1510.0,2265.0
2025-05-02,2025-06-13,RUT,42,2000.65,2100.42,,23.04,1780.0,2160.0,-0.1183,0.1586,24.3,2430.0,,WIN,expiration,607.5,1215.0,1822.5,1570.0,1532.0,607.5,1215.0,1822.5,607.5,1215.0,1822.5
2025-05-09,2025-06-20,RUT,42,2035.39,2109.15,,21.95,1800.0,2300.0,-0.1008,0.0624,14.7,1470.0,,WIN,expiration,367.5,735.0,1102.5,1173.0,1375.0,367.5,735.0,1102.5,367.5,735.0,1102.5
2025-05-16,2025-06-27,RUT,42,2102.85,2172.8,,17.48,1895.0,2290.0,-0.0986,0.1037,15.2,1520.0,,WIN,expiration,380.0,760.0,1140.0,1122.0,1338.0,380.0,760.0,1122.0,380.0,760.0,1140.0
2025-05-23,2025-06-30,RUT,38,2027.47,2175.55,,23.2,1790.0,2240.0,-0.1005,0.0837,15.78,1578.0,,WIN,expiration,394.5,789.0,1183.5,1066.0,1428.0,394.5,789.0,1066.0,394.5,789.0,1183.5
2025-05-30,2025-07-11,RUT,42,2053.72,2234.81,,19.7,1815.0,2270.0,-0.1013,0.0838,16.1,1610.0,,WIN,expiration,402.5,805.0,1207.5,955.0,-70.0,402.5,805.0,1207.5,402.5,805.0,1207.5
2025-06-06,2025-07-18,RUT,42,2123.62,2240.03,,17.2,1900.0,2350.0,-0.0976,0.0845,14.95,1495.0,,WIN,expiration,373.75,747.5,1121.25,760.0,1150.0,373.75,747.5,1121.25,373.75,747.5,1121.25
2025-06-13,2025-07-25,RUT,42,2105.76,2261.02,,20.48,1865.0,2335.0,-0.1004,0.081,16.0,1600.0,,WIN,expiration,400.0,800.0,1200.0,418.0,1273.0,400.0,800.0,418.0,400.0,800.0,1200.0
2025-06-20,2025-08-01,RUT,42,2122.7,2166.4,,19.64,1880.0,2350.0,-0.0985,0.0817,15.8,1580.0,,WIN,expiration,395.0,790.0,1185.0,577.0,1235.0,395.0,790.0,577.0,395.0,790.0,1185.0
2025-06-27,2025-08-08,RUT,42,2175.36,2218.52,,16.28,1955.0,2360.0,-0.1004,0.1314,19.0,1900.0,,WIN,expiration,475.0,950.0,1425.0,1170.0,1770.0,475.0,950.0,1170.0,475.0,950.0,1425.0
2025-07-11,2025-08-22,RUT,42,2246.78,2361.94,,16.62,2015.0,2475.0,-0.1012,0.0959,17.2,1720.0,,WIN,expiration,430.0,860.0,1290.0,1305.0,1652.0,430.0,860.0,1290.0,430.0,860.0,1290.0
2025-07-18,2025-08-29,RUT,42,2261.94,2366.11,,16.38,2020.0,2570.0,-0.0974,0.0819,17.2,1720.0,,WIN,expiration,430.0,860.0,1290.0,1572.0,1650.0,430.0,860.0,1290.0,430.0,860.0,1290.0
2025-07-25,2025-09-05,RUT,42,2249.53,2391.14,,15.25,2055.0,2485.0,-0.1305,0.079,18.75,1875.0,,WIN,expiration,468.75,937.5,1406.25,1545.0,1687.0,468.75,937.5,1406.25,468.75,937.5,1406.25
2025-08-01,2025-09-12,RUT,42,2151.37,2396.71,,20.89,2010.0,2390.0,-0.2199,0.0789,34.55,2784.0,,WIN,expiration,863.75,1727.5,2784.0,-20.0,603.0,863.75,1727.5,-20.0,863.75,1727.5,603.0
2025-08-08,2025-09-19,RUT,42,2220.06,2448.43,,15.89,1975.0,2450.0,-0.0989,0.0885,16.7,1670.0,,WIN,expiration,417.5,835.0,1252.5,-133.0,-218.0,417.5,-133.0,-133.0,417.5,-218.0,-218.0
2025-08-15,2025-09-26,RUT,42,2294.67,2433.83,,14.93,2080.0,2535.0,-0.1011,0.078,14.7,1470.0,,WIN,expiration,367.5,735.0,1102.5,720.0,715.0,367.5,735.0,720.0,367.5,735.0,1102.5
2025-08-22,2025-10-03,RUT,42,2289.23,2476.24,,16.45,2045.0,2495.0,-0.1001,0.1293,20.8,2080.0,,WIN,expiration,520.0,1040.0,1560.0,-972.0,1582.0,520.0,-972.0,-972.0,520.0,1040.0,1560.0
2025-08-29,2025-10-10,RUT,42,2375.74,2394.07,,15.29,2150.0,2610.0,-0.0991,0.0957,16.65,1665.0,,WIN,expiration,416.25,832.5,1248.75,1385.0,1580.0,416.25,832.5,1248.75,416.25,832.5,1248.75
2025-09-05,2025-10-17,RUT,42,2405.14,2451.89,,14.99,2170.0,2650.0,-0.1002,0.0902,16.95,1695.0,,WIN,expiration,423.75,847.5,1271.25,1460.0,1620.0,423.75,847.5,1271.25,423.75,847.5,1271.25
2025-09-12,2025-10-24,RUT,42,2411.82,2513.12,,14.65,2195.0,2615.0,-0.103,0.1317,20.15,2015.0,,WIN,expiration,503.75,1007.5,1511.25,1645.0,1632.0,503.75,1007.5,1511.25,503.75,1007.5,1511.25
2025-09-19,2025-10-31,RUT,42,2465.2,2479.66,,15.68,2225.0,2750.0,-0.0996,0.0685,15.45,1545.0,,WIN,expiration,386.25,772.5,1158.75,648.0,1385.0,386.25,772.5,648.0,386.25,772.5,1158.75
2025-09-26,2025-11-07,RUT,42,2430.71,2432.67,,16.17,2200.0,2675.0,-0.1112,0.0894,18.68,1868.0,,WIN,expiration,467.0,934.0,1401.0,1465.0,1780.0,467.0,934.0,1401.0,467.0,934.0,1401.0
2025-10-03,2025-11-14,RUT,42,2484.25,2387.94,,16.49,2245.0,2685.0,-0.1029,0.1502,23.65,2365.0,,WIN,expiration,591.25,1182.5,1773.75,2008.0,2108.0,591.25,1182.5,1773.75,591.25,1182.5,1773.75
2025-10-10,2025-11-21,RUT,42,2479.69,2368.92,,16.32,2230.0,2750.0,-0.1006,0.0759,16.7,1670.0,,WIN,expiration,417.5,835.0,1252.5,1070.0,1235.0,417.5,835.0,1252.5,417.5,835.0,1252.5
2025-10-17,2025-11-28,RUT,42,2460.83,2499.73,,24.23,2150.0,2740.0,-0.1,0.0788,20.1,2010.0,,WIN,expiration,502.5,1005.0,1507.5,1648.0,1493.0,502.5,1005.0,1507.5,502.5,1005.0,1507.5
2025-10-24,2025-12-05,RUT,42,2523.17,2521.64,,16.47,2280.0,2695.0,-0.1004,0.1802,26.0,2600.0,,WIN,expiration,650.0,1300.0,1950.0,-1408.0,2498.0,650.0,1300.0,-1408.0,650.0,1300.0,1950.0
2025-10-31,2025-12-12,RUT,42,2476.82,2551.67,,16.75,2240.0,2730.0,-0.1185,0.1027,22.35,2235.0,,WIN,expiration,558.75,1117.5,1676.25,1933.0,2142.0,558.75,1117.5,1676.25,558.75,1117.5,1676.25
2025-11-07,2025-12-19,RUT,42,2406.79,2529.02,,20.84,2120.0,2690.0,-0.1011,0.0832,19.75,1975.0,,WIN,expiration,493.75,987.5,1481.25,1505.0,1585.0,493.75,987.5,1481.25,493.75,987.5,1481.25
2025-11-14,2025-12-26,RUT,42,2379.8,2534.06,,21.56,2095.0,2650.0,-0.0992,0.0818,18.8,1880.0,,WIN,expiration,470.0,940.0,1410.0,380.0,1833.0,470.0,940.0,380.0,470.0,940.0,1410.0
2025-11-21,2026-01-02,RUT,42,2320.7,2508.1,,25.91,2025.0,2585.0,-0.0999,0.0801,19.23,1923.0,,WIN,expiration,480.75,961.5,1442.25,1131.0,1188.0,480.75,961.5,1131.0,480.75,961.5,1442.25
2025-11-28,2026-01-09,RUT,42,2495.19,2624.16,,16.91,2245.0,2710.0,-0.1011,0.1138,19.65,1965.0,,WIN,expiration,491.25,982.5,1473.75,1767.0,1903.0,491.25,982.5,1473.75,491.25,982.5,1473.75
2025-12-05,2026-01-16,RUT,42,2526.13,2677.91,,15.85,2280.0,2850.0,-0.1024,0.0656,16.6,1660.0,,WIN,expiration,415.0,830.0,1245.0,1503.0,1595.0,415.0,830.0,1245.0,415.0,830.0,1245.0
2025-12-12,2026-01-23,RUT,42,2588.58,2668.95,,15.06,2350.0,2815.0,-0.1007,0.1016,17.9,1790.0,,WIN,expiration,447.5,895.0,1342.5,1585.0,1715.0,447.5,895.0,1342.5,447.5,895.0,1342.5
2025-12-19,2026-01-30,RUT,42,2528.16,2614.42,,15.48,2290.0,2765.0,-0.0999,0.079,15.6,1560.0,,WIN,expiration,390.0,780.0,1170.0,620.0,170.0,390.0,780.0,620.0,390.0,780.0,1170.0
2025-12-26,2026-02-06,RUT,42,2534.23,2670.92,,14.17,2300.0,2765.0,-0.0988,0.0798,15.2,1520.0,,WIN,expiration,380.0,760.0,1140.0,-978.0,1268.0,380.0,-978.0,-978.0,380.0,760.0,1140.0
2026-01-02,2026-02-13,RUT,42,2494.44,2646.75,,14.68,2270.0,2725.0,-0.1006,0.0773,14.8,1480.0,,WIN,expiration,370.0,740.0,1110.0,-208.0,1010.0,370.0,-208.0,-208.0,370.0,740.0,1010.0
2026-01-09,2026-02-20,RUT,42,2625.72,2663.85,,15.47,2390.0,2900.0,-0.1034,0.066,15.53,1553.0,,WIN,expiration,388.25,776.5,1164.75,583.0,1281.0,388.25,776.5,1164.75,388.25,776.5,1164.75
2026-01-16,2026-02-27,RUT,42,2677.74,2632.9,,15.9,2430.0,2925.0,-0.1012,0.0783,16.4,1640.0,,WIN,expiration,410.0,820.0,1230.0,658.0,1385.0,410.0,820.0,1230.0,410.0,820.0,1230.0
2026-01-23,2026-03-06,RUT,42,2702.32,2525.35,,15.85,2455.0,2960.0,-0.0996,0.0834,16.88,1688.0,,WIN,expiration,422.0,844.0,1266.0,788.0,1476.0,422.0,844.0,788.0,422.0,844.0,1266.0
2026-01-30,2026-03-13,RUT,42,2624.88,2480.09,,17.49,2390.0,2890.0,-0.1312,0.079,22.55,2255.0,,WIN,expiration,563.75,1127.5,1691.25,1863.0,1665.0,563.75,1127.5,1691.25,563.75,1127.5,1691.25
2026-02-06,2026-03-20,RUT,42,2631.43,2438.03,,19.14,2325.0,2910.0,-0.0993,0.0797,19.7,1970.0,,WIN,expiration,492.5,985.0,1477.5,1198.0,785.0,492.5,985.0,1477.5,492.5,985.0,1477.5
2026-02-13,2026-03-27,RUT,42,2624.07,2450.15,,21.95,2305.0,2905.0,-0.1012,0.0812,21.05,2105.0,,WIN,expiration,526.25,1052.5,1578.75,170.0,1638.0,526.25,1052.5,170.0,526.25,1052.5,1578.75
2026-02-20,2026-03-31,RUT,39,2655.17,2496.36,,20.2,2345.0,2900.0,-0.1011,0.0855,20.18,2018.0,,WIN,expiration,504.5,1009.0,1513.5,313.0,811.0,504.5,1009.0,313.0,504.5,1009.0,811.0
2026-02-27,2026-04-10,RUT,42,2621.73,2630.64,,21.37,2290.0,2895.0,-0.0993,0.078,20.65,2065.0,,WIN,expiration,516.25,1032.5,1548.75,755.0,1885.0,516.25,755.0,755.0,516.25,1032.5,1548.75
2026-03-06,2026-04-17,RUT,42,2520.89,2777.0,,27.9,2150.0,2815.0,-0.1005,0.0811,24.0,2400.0,,WIN,expiration,600.0,1200.0,1800.0,2157.0,2345.0,600.0,1200.0,1800.0,600.0,1200.0,1800.0
2026-03-13,2026-04-24,RUT,42,2512.24,2786.96,,25.28,2160.0,2810.0,-0.1011,0.0817,23.2,2320.0,,WIN,expiration,580.0,1160.0,1740.0,2030.0,1892.0,580.0,1160.0,1740.0,580.0,1160.0,1740.0
2026-03-20,2026-05-01,RUT,42,2473.37,2812.79,,25.81,2115.0,2770.0,-0.0992,0.0779,22.55,-2024.0,,LOSS,expiration,563.75,1127.5,-2024.0,-323.0,-1755.0,563.75,1127.5,-323.0,563.75,1127.5,-1755.0
2026-03-27,2026-05-08,RUT,42,2464.32,2860.96,,30.01,2075.0,2790.0,-0.0999,0.0808,25.5,-4546.0,,LOSS,expiration,637.5,1275.0,-4546.0,-1818.0,-1595.0,637.5,1275.0,-1818.0,637.5,1275.0,-1595.0
2026-04-10,2026-05-22,RUT,42,2639.74,2869.01,,18.99,2345.0,2875.0,-0.1001,0.1076,21.55,2155.0,,WIN,expiration,538.75,1077.5,1616.25,-1290.0,-643.0,538.75,-1290.0,-1290.0,538.75,1077.5,-643.0
2026-04-17,2026-05-29,RUT,42,2758.17,2919.91,,17.64,2465.0,3035.0,-0.1004,0.0812,19.4,1940.0,,WIN,expiration,485.0,970.0,1455.0,1548.0,1822.0,485.0,970.0,1455.0,485.0,970.0,1455.0
