trade_date,exp_date,underlying,dte_entry,spot_entry,spot_exit,vix_entry,long_put,short_put,short_call,long_call,put_width,call_width,delta_put,delta_call,total_credit,credit_pts,max_risk_usd,pnl_usd,pnl_usd_at_exp,effective_close_date,result,exit_method,in_range,pnl_reiner,pnl_hold,pnl_tp25,pnl_tp40,pnl_tp50,pnl_tp75,pnl_dte5,pnl_dte2,pnl_sm15,pnl_sm20,pnl_sm25,pnl_sm30,pnl_ls300,pnl_ls750,pnl_ls1500,pnl_ls3000,pnl_tested,spot_close_reiner,close_date_reiner,spot_close_hold,close_date_hold,spot_close_tp25,close_date_tp25,spot_close_tp40,close_date_tp40,spot_close_tp50,close_date_tp50,spot_close_tp75,close_date_tp75,spot_close_dte5,close_date_dte5,spot_close_dte2,close_date_dte2,spot_close_sm15,close_date_sm15,spot_close_sm20,close_date_sm20,spot_close_sm25,close_date_sm25,spot_close_sm30,close_date_sm30,spot_close_ls300,close_date_ls300,spot_close_ls750,close_date_ls750,spot_close_ls1500,close_date_ls1500,spot_close_ls3000,close_date_ls3000,spot_close_tested,close_date_tested
2021-06-07,2021-07-23,RUT,46,2304.12,2209.28,16.84,2025,2110,2225,2245,85,20,-0.1619,0.6839,2205.0,22.05,6295.0,2205.0,2205.0,2021-07-23,WIN,hold,1,1105.0,2205.0,565.0,885.0,1105.0,1765.0,-325.0,965.0,2205.0,2205.0,2205.0,2205.0,-955.0,-955.0,2205.0,2205.0,2205.0,2200.12,2021-07-16,2209.28,2021-07-23,2282.12,2021-07-06,2230.12,2021-07-14,2200.12,2021-07-16,2204.12,2021-07-22,2114.12,2021-07-19,2230.12,2021-07-21,2209.28,2021-07-23,2209.28,2021-07-23,2209.28,2021-07-23,2209.28,2021-07-23,2237.12,2021-06-18,2237.12,2021-06-18,2209.28,2021-07-23,2209.28,2021-07-23,2209.28,2021-07-23
2021-06-14,2021-07-30,RUT,46,2339.4,2225.84,16.35,2065,2145,2265,2280,80,15,-0.1588,0.6774,1770.0,17.7,6230.0,1770.0,1770.0,2021-07-30,WIN,hold,1,960.0,1770.0,470.0,750.0,960.0,1410.0,960.0,1320.0,-1790.0,-1790.0,1770.0,1770.0,-310.0,-1790.0,-1790.0,1770.0,-1790.0,2225.4,2021-07-26,2225.84,2021-07-30,2282.4,2021-07-06,2205.4,2021-07-23,2225.4,2021-07-26,2212.4,2021-07-28,2225.4,2021-07-26,2209.4,2021-07-28,2113.4,2021-07-19,2113.4,2021-07-19,2225.84,2021-07-30,2225.84,2021-07-30,2261.4,2021-06-18,2113.4,2021-07-19,2113.4,2021-07-19,2225.84,2021-07-30,2113.4,2021-07-19
2021-06-28,2021-07-30,RUT,32,2327.57,2225.84,15.74,2065,2145,2265,2280,80,15,-0.1289,0.6851,1580.0,15.8,6420.0,1580.0,1580.0,2021-07-30,WIN,hold,1,770.0,1580.0,400.0,770.0,820.0,1220.0,770.0,1130.0,-840.0,-1980.0,1580.0,1580.0,-490.0,-840.0,-1980.0,1580.0,-1980.0,2225.57,2021-07-26,2225.84,2021-07-30,2206.57,2021-07-22,2225.57,2021-07-26,2212.57,2021-07-26,2212.57,2021-07-28,2225.57,2021-07-26,2209.57,2021-07-28,2166.57,2021-07-15,2113.57,2021-07-19,2225.84,2021-07-30,2225.84,2021-07-30,2206.57,2021-07-08,2166.57,2021-07-15,2113.57,2021-07-19,2225.84,2021-07-30,2113.57,2021-07-19
2021-07-12,2021-08-27,RUT,46,2267.24,2276.41,16.54,1985,2070,2190,2205,85,15,-0.1623,0.6767,1865.0,18.65,6635.0,365.0,365.0,2021-08-27,WIN,hold,1,965.0,365.0,485.0,775.0,965.0,365.0,925.0,555.0,-1025.0,365.0,365.0,365.0,-555.0,-1025.0,365.0,365.0,365.0,2167.24,2021-08-20,2276.41,2021-08-27,2231.24,2021-08-11,2178.24,2021-08-17,2167.24,2021-08-20,2276.41,2021-08-27,2198.24,2021-08-23,2236.24,2021-08-25,2113.24,2021-07-19,2276.41,2021-08-27,2276.41,2021-08-27,2276.41,2021-08-27,2202.24,2021-07-14,2113.24,2021-07-19,2276.41,2021-08-27,2276.41,2021-08-27,2276.41,2021-08-27
2021-07-19,2021-08-31,RUT,43,2113.69,2273.63,22.78,1820,1900,2030,2050,80,20,-0.158,0.6766,2200.0,22.0,5800.0,200.0,200.0,2021-08-31,WIN,hold,1,170.0,200.0,200.0,200.0,200.0,200.0,170.0,200.0,200.0,200.0,200.0,200.0,200.0,200.0,200.0,200.0,200.0,2239.69,2021-08-26,2273.63,2021-08-31,2273.63,2021-08-31,2273.63,2021-08-31,2273.63,2021-08-31,2273.63,2021-08-31,2239.69,2021-08-26,2274.69,2021-08-30,2273.63,2021-08-31,2273.63,2021-08-31,2273.63,2021-08-31,2273.63,2021-08-31,2273.63,2021-08-31,2273.63,2021-08-31,2273.63,2021-08-31,2273.63,2021-08-31,2273.63,2021-08-31
2021-08-09,2021-09-24,RUT,46,2236.58,2248.31,17.22,1940,2025,2150,2170,85,20,-0.1598,0.684,2255.0,22.55,6245.0,255.0,255.0,2021-09-24,WIN,hold,1,665.0,255.0,665.0,255.0,255.0,255.0,665.0,545.0,255.0,255.0,255.0,255.0,-305.0,255.0,255.0,255.0,255.0,2194.58,2021-09-20,2248.31,2021-09-24,2194.58,2021-09-20,2248.31,2021-09-24,2248.31,2021-09-24,2248.31,2021-09-24,2194.58,2021-09-20,2211.58,2021-09-22,2248.31,2021-09-24,2248.31,2021-09-24,2248.31,2021-09-24,2248.31,2021-09-24,2129.58,2021-08-19,2248.31,2021-09-24,2248.31,2021-09-24,2248.31,2021-09-24,2248.31,2021-09-24
2021-08-16,2021-09-30,RUT,45,2192.59,2204.92,17.55,1900,2000,2100,2150,100,50,-0.1726,0.6973,4490.0,44.9,5510.0,-510.0,-510.0,2021-09-30,LOSS,hold,0,-410.0,-510.0,-510.0,-510.0,-510.0,-510.0,-410.0,-440.0,-510.0,-510.0,-510.0,-510.0,-310.0,-510.0,-510.0,-510.0,-510.0,2248.59,2021-09-25,2204.92,2021-09-30,2204.92,2021-09-30,2204.92,2021-09-30,2204.92,2021-09-30,2204.92,2021-09-30,2248.59,2021-09-25,2258.59,2021-09-28,2204.92,2021-09-30,2204.92,2021-09-30,2204.92,2021-09-30,2204.92,2021-09-30,2309.59,2021-09-02,2204.92,2021-09-30,2204.92,2021-09-30,2204.92,2021-09-30,2204.92,2021-09-30
2021-09-13,2021-10-29,RUT,46,2228.98,2297.47,19.69,1920,2010,2140,2160,90,20,-0.1621,0.6836,2275.0,22.75,6725.0,275.0,275.0,2021-10-29,WIN,hold,1,265.0,275.0,685.0,275.0,275.0,275.0,265.0,275.0,275.0,275.0,275.0,275.0,275.0,275.0,275.0,275.0,275.0,2299.98,2021-10-25,2297.47,2021-10-29,2241.98,2021-10-13,2297.47,2021-10-29,2297.47,2021-10-29,2297.47,2021-10-29,2299.98,2021-10-25,2287.98,2021-10-27,2297.47,2021-10-29,2297.47,2021-10-29,2297.47,2021-10-29,2297.47,2021-10-29,2297.47,2021-10-29,2297.47,2021-10-29,2297.47,2021-10-29,2297.47,2021-10-29,2297.47,2021-10-29
2021-10-11,2021-11-26,RUT,46,2241.85,2247.22,18.73,1970,2045,2165,2180,75,15,-0.1582,0.6765,1815.0,18.15,5685.0,315.0,315.0,2021-11-26,WIN,hold,1,335.0,315.0,455.0,315.0,315.0,315.0,335.0,325.0,-965.0,315.0,315.0,315.0,-965.0,-965.0,315.0,315.0,315.0,2358.85,2021-11-22,2247.22,2021-11-26,2427.85,2021-11-05,2247.22,2021-11-26,2247.22,2021-11-26,2247.22,2021-11-26,2358.85,2021-11-22,2311.85,2021-11-24,2246.85,2021-11-26,2247.22,2021-11-26,2247.22,2021-11-26,2247.22,2021-11-26,2246.85,2021-11-26,2246.85,2021-11-26,2247.22,2021-11-26,2247.22,2021-11-26,2247.22,2021-11-26
2021-10-18,2021-11-30,RUT,43,2260.27,2199.51,17.2,2010,2080,2190,2200,70,10,-0.1618,0.6755,1395.0,13.95,5605.0,443.6,443.6,2021-11-30,WIN,hold,1,395.0,443.6,365.0,565.0,855.0,1085.0,395.0,565.0,443.6,443.6,443.6,443.6,443.6,443.6,443.6,443.6,443.6,2331.27,2021-11-26,2199.51,2021-11-30,2403.27,2021-11-03,2263.27,2021-11-29,2199.27,2021-11-30,2184.27,2021-11-30,2331.27,2021-11-26,2263.27,2021-11-29,2199.51,2021-11-30,2199.51,2021-11-30,2199.51,2021-11-30,2199.51,2021-11-30,2199.51,2021-11-30,2199.51,2021-11-30,2199.51,2021-11-30,2199.51,2021-11-30,2199.51,2021-11-30
2021-11-08,2021-12-23,RUT,45,2453.68,2241.37,16.96,2165,2245,2370,2385,80,15,-0.1591,0.6785,1805.0,18.05,6195.0,1442.1,1442.1,2021-12-23,WIN,hold,1,-4585.0,1442.1,915.0,915.0,915.0,1615.0,-4585.0,-3495.0,-1315.0,-1935.0,-2725.0,-3735.0,-545.0,-1315.0,-1545.0,-3005.0,-1475.0,2126.68,2021-12-20,2241.37,2021-12-23,2236.68,2021-12-23,2236.68,2021-12-23,2236.68,2021-12-23,2247.68,2021-12-23,2126.68,2021-12-20,2169.68,2021-12-21,2256.68,2021-11-26,2199.68,2021-11-30,2147.68,2021-12-01,2142.68,2021-12-15,2307.68,2021-11-23,2256.68,2021-11-26,2224.68,2021-11-26,2165.68,2021-12-14,2230.68,2021-11-26
2021-11-15,2021-12-31,RUT,46,2414.37,2245.3,16.89,2130,2210,2330,2350,80,20,-0.1606,0.6837,2165.0,21.65,5835.0,2165.0,2165.0,2021-12-31,WIN,hold,1,765.0,2165.0,755.0,885.0,1395.0,1625.0,765.0,1645.0,-1095.0,-2295.0,2165.0,2165.0,-895.0,-895.0,-1675.0,2165.0,-1255.0,2231.37,2021-12-27,2245.3,2021-12-31,2236.37,2021-12-23,2242.37,2021-12-23,2252.37,2021-12-27,2261.37,2021-12-27,2231.37,2021-12-27,2242.37,2021-12-29,2225.37,2021-11-26,2134.37,2021-12-15,2245.3,2021-12-31,2245.3,2021-12-31,2256.37,2021-11-26,2256.37,2021-11-26,2148.37,2021-12-01,2245.3,2021-12-31,2199.37,2021-11-30
2021-12-13,2022-01-28,RUT,46,2197.91,1968.28,20.42,1865,1960,2105,2125,95,20,-0.1583,0.6816,2315.0,23.15,7185.0,2315.0,2315.0,2022-01-28,WIN,hold,1,-1405.0,2315.0,585.0,1035.0,1225.0,2305.0,-1405.0,1035.0,-1405.0,-2615.0,2315.0,2315.0,-335.0,-1405.0,-2615.0,2315.0,-1405.0,1948.91,2022-01-24,1968.28,2022-01-28,2175.91,2022-01-13,2042.91,2022-01-26,1999.91,2022-01-27,1967.91,2022-01-28,1948.91,2022-01-24,2042.91,2022-01-26,1948.91,2022-01-24,1910.91,2022-01-28,1968.28,2022-01-28,1968.28,2022-01-28,2126.91,2021-12-20,1948.91,2022-01-24,1910.91,2022-01-28,1968.28,2022-01-28,1948.91,2022-01-24
2021-12-20,2022-01-31,RUT,42,2126.63,2027.66,25.41,1790,1880,2030,2050,90,20,-0.1584,0.6797,2340.0,23.4,6660.0,2340.0,2340.0,2022-01-31,WIN,hold,1,940.0,2340.0,620.0,940.0,1290.0,2070.0,940.0,1950.0,2340.0,2340.0,2340.0,2340.0,2340.0,2340.0,2340.0,2340.0,2340.0,2042.63,2022-01-26,2027.66,2022-01-31,2120.63,2022-01-18,2042.63,2022-01-26,1999.63,2022-01-27,1968.63,2022-01-28,2042.63,2022-01-26,1968.63,2022-01-29,2027.66,2022-01-31,2027.66,2022-01-31,2027.66,2022-01-31,2027.66,2022-01-31,2027.66,2022-01-31,2027.66,2022-01-31,2027.66,2022-01-31,2027.66,2022-01-31,2027.66,2022-01-31
2022-01-10,2022-02-25,RUT,46,2143.19,2040.47,22.23,1830,1920,2055,2075,90,20,-0.1615,0.6792,2325.0,23.25,6675.0,2325.0,2325.0,2022-02-25,WIN,hold,1,1305.0,2325.0,605.0,945.0,1305.0,1755.0,1305.0,1755.0,-1275.0,2325.0,2325.0,2325.0,-525.0,-795.0,-1505.0,2325.0,-1505.0,2008.19,2022-02-22,2040.47,2022-02-25,2070.19,2022-02-09,2016.19,2022-02-18,2008.19,2022-02-22,1993.19,2022-02-23,2008.19,2022-02-22,1993.19,2022-02-23,1949.19,2022-01-24,2040.47,2022-02-25,2040.47,2022-02-25,2040.47,2022-02-25,2008.19,2022-01-21,1989.19,2022-01-21,1911.19,2022-01-28,2040.47,2022-02-25,1911.19,2022-01-28
2022-02-07,2022-03-25,RUT,46,2021.07,2078.18,23.07,1710,1800,1935,1950,90,15,-0.1621,0.6762,2010.0,20.1,6990.0,510.0,510.0,2022-03-25,WIN,hold,1,570.0,510.0,590.0,860.0,510.0,510.0,570.0,550.0,510.0,510.0,510.0,510.0,-300.0,510.0,510.0,510.0,510.0,2077.07,2022-03-21,2078.18,2022-03-25,2015.07,2022-03-09,2012.07,2022-03-16,2078.18,2022-03-25,2078.18,2022-03-25,2077.07,2022-03-21,2064.07,2022-03-23,2078.18,2022-03-25,2078.18,2022-03-25,2078.18,2022-03-25,2078.18,2022-03-25,1944.07,2022-02-23,2078.18,2022-03-25,2078.18,2022-03-25,2078.18,2022-03-25,2078.18,2022-03-25
2022-02-14,2022-03-31,RUT,45,2041.93,2070.28,29.42,1700,1800,1940,1960,100,20,-0.1696,0.6815,2580.0,25.8,7420.0,580.0,580.0,2022-03-31,WIN,hold,1,600.0,580.0,730.0,580.0,580.0,580.0,600.0,590.0,580.0,580.0,580.0,580.0,-340.0,580.0,580.0,580.0,580.0,2077.93,2022-03-26,2070.28,2022-03-31,2004.93,2022-03-16,2070.28,2022-03-31,2070.28,2022-03-31,2070.28,2022-03-31,2077.93,2022-03-26,2113.93,2022-03-29,2070.28,2022-03-31,2070.28,2022-03-31,2070.28,2022-03-31,2070.28,2022-03-31,1922.93,2022-02-24,2070.28,2022-03-31,2070.28,2022-03-31,2070.28,2022-03-31,2070.28,2022-03-31
2022-03-07,2022-04-22,RUT,46,1997.51,1940.98,33.79,1640,1735,1895,1915,95,20,-0.1587,0.678,2455.0,24.55,7045.0,455.0,455.0,2022-04-22,WIN,hold,1,615.0,455.0,635.0,455.0,455.0,455.0,615.0,405.0,455.0,455.0,455.0,455.0,455.0,455.0,455.0,455.0,455.0,1995.51,2022-04-18,1940.98,2022-04-22,2052.51,2022-03-23,1940.98,2022-04-22,1940.98,2022-04-22,1940.98,2022-04-22,1995.51,2022-04-18,2035.51,2022-04-20,1940.98,2022-04-22,1940.98,2022-04-22,1940.98,2022-04-22,1940.98,2022-04-22,1940.98,2022-04-22,1940.98,2022-04-22,1940.98,2022-04-22,1940.98,2022-04-22,1940.98,2022-04-22
2022-03-14,2022-04-29,RUT,46,1970.07,1863.88,31.09,1600,1700,1870,1890,100,20,-0.145,0.6806,2375.0,23.75,7625.0,2375.0,2375.0,2022-04-29,WIN,hold,1,955.0,2375.0,615.0,955.0,1205.0,2375.0,955.0,1005.0,2375.0,2375.0,2375.0,2375.0,2375.0,2375.0,2375.0,2375.0,2375.0,1915.07,2022-04-25,1863.88,2022-04-29,2090.07,2022-04-01,1915.07,2022-04-25,1889.07,2022-04-27,1863.88,2022-04-29,1915.07,2022-04-25,1906.07,2022-04-27,1863.88,2022-04-29,1863.88,2022-04-29,1863.88,2022-04-29,1863.88,2022-04-29,1863.88,2022-04-29,1863.88,2022-04-29,1863.88,2022-04-29,1863.88,2022-04-29,1863.88,2022-04-29
2022-04-11,2022-05-27,RUT,46,1994.79,1887.36,22.88,1715,1795,1915,1930,80,15,-0.162,0.6782,1895.0,18.95,6105.0,1895.0,1895.0,2022-05-27,WIN,hold,1,-1135.0,1895.0,615.0,1495.0,1495.0,1495.0,-1135.0,-905.0,-955.0,-2195.0,-2885.0,1895.0,-435.0,-775.0,-1585.0,-3025.0,-1585.0,1777.79,2022-05-23,1887.36,2022-05-27,2038.79,2022-04-20,1827.79,2022-05-26,1827.79,2022-05-26,1827.79,2022-05-26,1777.79,2022-05-23,1775.79,2022-05-25,1824.79,2022-05-06,1742.79,2022-05-10,1710.79,2022-05-12,1887.36,2022-05-27,1940.79,2022-04-22,1858.79,2022-05-02,1780.79,2022-05-09,1706.79,2022-05-12,1780.79,2022-05-09
2022-04-18,2022-05-31,RUT,43,1995.79,1872.37,23.68,1750,1800,1915,1935,50,20,-0.1593,0.6836,1985.0,19.85,3015.0,1985.0,1985.0,2022-05-31,WIN,hold,1,1015.0,1985.0,1015.0,1015.0,1015.0,1705.0,1015.0,1665.0,-1005.0,1985.0,1985.0,1985.0,-495.0,-755.0,1985.0,1985.0,-625.0,1827.79,2022-05-26,1872.37,2022-05-31,1827.79,2022-05-26,1827.79,2022-05-26,1827.79,2022-05-26,1862.79,2022-05-27,1827.79,2022-05-26,1887.79,2022-05-31,1731.79,2022-05-10,1872.37,2022-05-31,1872.37,2022-05-31,1872.37,2022-05-31,1863.79,2022-04-29,1762.79,2022-05-09,1872.37,2022-05-31,1872.37,2022-05-31,1780.79,2022-05-09
2022-05-09,2022-06-24,RUT,46,1807.79,1764.82,33.14,1505,1585,1720,1740,80,20,-0.1588,0.6771,2275.0,22.75,5725.0,275.0,275.0,2022-06-24,WIN,hold,1,1165.0,275.0,675.0,925.0,1165.0,1725.0,1675.0,1725.0,275.0,275.0,275.0,275.0,-315.0,275.0,275.0,275.0,275.0,1664.79,2022-06-17,1764.82,2022-06-24,1864.79,2022-06-01,1727.79,2022-06-15,1664.79,2022-06-17,1682.79,2022-06-22,1696.79,2022-06-21,1682.79,2022-06-22,1764.82,2022-06-24,1764.82,2022-06-24,1764.82,2022-06-24,1764.82,2022-06-24,1742.79,2022-05-10,1764.82,2022-06-24,1764.82,2022-06-24,1764.82,2022-06-24,1764.82,2022-06-24
2022-06-06,2022-07-22,RUT,46,1888.37,1806.92,24.99,1610,1685,1805,1825,75,20,-0.1611,0.6823,2245.0,22.45,5255.0,2052.7,2052.7,2022-07-22,WIN,hold,1,1155.0,2052.7,565.0,1155.0,1155.0,2055.0,1495.0,1495.0,-1275.0,2052.7,2052.7,2052.7,-305.0,-885.0,-1525.0,2052.7,-1275.0,1723.37,2022-07-15,1806.92,2022-07-22,1769.37,2022-07-07,1723.37,2022-07-15,1723.37,2022-07-15,1799.37,2022-07-22,1771.37,2022-07-18,1802.37,2022-07-20,1670.37,2022-06-16,1806.92,2022-07-22,1806.92,2022-07-22,1806.92,2022-07-22,1799.37,2022-06-10,1714.37,2022-06-13,1651.37,2022-06-16,1806.92,2022-07-22,1670.37,2022-06-16
2022-06-13,2022-07-29,RUT,46,1737.27,1885.19,32.7,1450,1500,1650,1670,50,20,-0.1453,0.6774,1960.0,19.6,3040.0,-40.0,-40.0,2022-07-29,LOSS,hold,0,1130.0,-40.0,1130.0,1130.0,1130.0,-40.0,0.0,-40.0,-40.0,-40.0,-40.0,-40.0,-40.0,-40.0,-40.0,-40.0,-40.0,1707.27,2022-06-30,1885.19,2022-07-29,1707.27,2022-06-30,1707.27,2022-06-30,1707.27,2022-06-30,1885.19,2022-07-29,1809.27,2022-07-25,1816.27,2022-07-27,1885.19,2022-07-29,1885.19,2022-07-29,1885.19,2022-07-29,1885.19,2022-07-29,1885.19,2022-07-29,1885.19,2022-07-29,1885.19,2022-07-29,1885.19,2022-07-29,1885.19,2022-07-29
2022-07-11,2022-08-26,RUT,46,1743.53,1900.62,26.43,1480,1550,1665,1685,70,20,-0.1604,0.6816,2175.0,21.75,4825.0,175.0,175.0,2022-08-26,WIN,hold,1,175.0,175.0,575.0,175.0,175.0,175.0,175.0,175.0,175.0,175.0,175.0,175.0,175.0,175.0,175.0,175.0,175.0,1929.53,2022-08-22,1900.62,2022-08-26,1827.53,2022-07-20,1900.62,2022-08-26,1900.62,2022-08-26,1900.62,2022-08-26,1929.53,2022-08-22,1927.53,2022-08-24,1900.62,2022-08-26,1900.62,2022-08-26,1900.62,2022-08-26,1900.62,2022-08-26,1900.62,2022-08-26,1900.62,2022-08-26,1900.62,2022-08-26,1900.62,2022-08-26,1900.62,2022-08-26
2022-07-18,2022-08-31,RUT,44,1771.51,1844.59,24.75,1520,1590,1700,1710,70,10,-0.1629,0.6771,1490.0,14.9,5510.0,490.0,490.0,2022-08-31,WIN,hold,1,500.0,490.0,420.0,600.0,490.0,490.0,500.0,490.0,490.0,490.0,490.0,490.0,490.0,490.0,490.0,490.0,490.0,1964.51,2022-08-26,1844.59,2022-08-31,1822.51,2022-07-27,1898.51,2022-08-03,1844.59,2022-08-31,1844.59,2022-08-31,1964.51,2022-08-26,1889.51,2022-08-29,1844.59,2022-08-31,1844.59,2022-08-31,1844.59,2022-08-31,1844.59,2022-08-31,1844.59,2022-08-31,1844.59,2022-08-31,1844.59,2022-08-31,1844.59,2022-08-31,1844.59,2022-08-31
2022-08-08,2022-09-23,RUT,46,1952.97,1680.09,21.32,1695,1765,1880,1895,70,15,-0.1612,0.6787,1810.0,18.1,5190.0,-5190.0,-5190.0,2022-09-23,LOSS,hold,0,250.0,-5190.0,500.0,1160.0,1160.0,-5190.0,250.0,590.0,-1430.0,-1980.0,-4800.0,-4800.0,-320.0,-1430.0,-1980.0,-4800.0,-330.0,1797.97,2022-09-19,1680.09,2022-09-23,1869.97,2022-09-09,1808.97,2022-09-21,1808.97,2022-09-21,1680.09,2022-09-23,1797.97,2022-09-19,1795.97,2022-09-21,1735.97,2022-09-22,1724.97,2022-09-22,1679.97,2022-09-23,1679.97,2022-09-23,1811.97,2022-09-01,1735.97,2022-09-22,1724.97,2022-09-22,1679.97,2022-09-23,1762.97,2022-09-21
2022-08-15,2022-09-30,RUT,46,2002.8,1664.97,20.57,1750,1820,1930,1950,70,20,-0.163,0.6814,2145.0,21.45,4855.0,-4855.0,-4855.0,2022-09-30,LOSS,hold,0,-3995.0,-4855.0,-4855.0,-4855.0,-4855.0,-4855.0,-3995.0,-4505.0,-1075.0,-2745.0,-3245.0,-4355.0,-335.0,-865.0,-1895.0,-3025.0,-965.0,1688.8,2022-09-26,1664.97,2022-09-30,1664.97,2022-09-30,1664.97,2022-09-30,1664.97,2022-09-30,1664.97,2022-09-30,1688.8,2022-09-26,1681.8,2022-09-28,1801.8,2022-09-01,1735.8,2022-09-22,1721.8,2022-09-22,1658.8,2022-09-23,1914.8,2022-08-22,1844.8,2022-08-31,1762.8,2022-09-21,1724.8,2022-09-22,1811.8,2022-09-01
2022-09-12,2022-10-28,RUT,46,1903.26,1846.46,23.23,1660,1725,1830,1850,65,20,-0.1603,0.6842,2105.0,21.05,4395.0,459.2,459.2,2022-10-28,WIN,hold,1,435.0,459.2,555.0,1065.0,1065.0,1695.0,435.0,1455.0,-1495.0,459.2,459.2,459.2,-305.0,-855.0,-1565.0,459.2,-975.0,1747.26,2022-10-24,1846.46,2022-10-28,1746.26,2022-10-24,1777.26,2022-10-25,1777.26,2022-10-25,1812.26,2022-10-27,1747.26,2022-10-24,1801.26,2022-10-26,1680.26,2022-09-23,1846.46,2022-10-28,1846.46,2022-10-28,1846.46,2022-10-28,1830.26,2022-09-14,1735.26,2022-09-22,1674.26,2022-09-23,1846.46,2022-10-28,1724.26,2022-09-22
2022-09-19,2022-10-31,RUT,42,1797.67,1847.41,26.98,1550,1620,1730,1740,70,10,-0.1612,0.6709,1475.0,14.75,5525.0,475.0,475.0,2022-10-31,WIN,hold,1,735.0,475.0,575.0,605.0,735.0,475.0,615.0,475.0,-765.0,475.0,475.0,475.0,-325.0,-765.0,475.0,475.0,475.0,1741.67,2022-10-24,1847.41,2022-10-31,1796.67,2022-09-21,1713.67,2022-10-21,1741.67,2022-10-24,1847.41,2022-10-31,1801.67,2022-10-26,1846.67,2022-10-29,1679.67,2022-09-23,1847.41,2022-10-31,1847.41,2022-10-31,1847.41,2022-10-31,1735.67,2022-09-22,1679.67,2022-09-23,1847.41,2022-10-31,1847.41,2022-10-31,1847.41,2022-10-31
2022-10-10,2022-11-25,RUT,46,1697.31,1869.23,32.77,1415,1490,1615,1635,75,20,-0.1579,0.6833,2220.0,22.2,5280.0,220.0,220.0,2022-11-25,WIN,hold,1,230.0,220.0,220.0,220.0,220.0,220.0,230.0,220.0,220.0,220.0,220.0,220.0,220.0,220.0,220.0,220.0,220.0,1839.31,2022-11-21,1869.23,2022-11-25,1869.23,2022-11-25,1869.23,2022-11-25,1869.23,2022-11-25,1869.23,2022-11-25,1839.31,2022-11-21,1863.31,2022-11-23,1869.23,2022-11-25,1869.23,2022-11-25,1869.23,2022-11-25,1869.23,2022-11-25,1869.23,2022-11-25,1869.23,2022-11-25,1869.23,2022-11-25,1869.23,2022-11-25,1869.23,2022-11-25
2022-10-17,2022-11-30,RUT,44,1729.23,1885.86,31.49,1470,1540,1650,1670,70,20,-0.1644,0.6844,2215.0,22.15,4785.0,215.0,215.0,2022-11-30,WIN,hold,1,225.0,215.0,655.0,215.0,215.0,215.0,225.0,215.0,215.0,215.0,215.0,215.0,215.0,215.0,215.0,215.0,215.0,1863.23,2022-11-25,1885.86,2022-11-30,1806.23,2022-10-27,1885.86,2022-11-30,1885.86,2022-11-30,1885.86,2022-11-30,1863.23,2022-11-25,1854.23,2022-11-28,1885.86,2022-11-30,1885.86,2022-11-30,1885.86,2022-11-30,1885.86,2022-11-30,1885.86,2022-11-30,1885.86,2022-11-30,1885.86,2022-11-30,1885.86,2022-11-30,1885.86,2022-11-30
2022-11-07,2022-12-23,RUT,46,1794.6,1761.08,25.37,1550,1615,1720,1740,65,20,-0.1606,0.6843,2115.0,21.15,4385.0,115.0,115.0,2022-12-23,WIN,hold,1,725.0,115.0,595.0,935.0,1075.0,115.0,725.0,275.0,115.0,115.0,115.0,115.0,115.0,115.0,115.0,115.0,115.0,1749.6,2022-12-19,1761.08,2022-12-23,1859.6,2022-11-18,1738.6,2022-12-19,1730.6,2022-12-22,1761.08,2022-12-23,1749.6,2022-12-19,1762.6,2022-12-21,1761.08,2022-12-23,1761.08,2022-12-23,1761.08,2022-12-23,1761.08,2022-12-23,1761.08,2022-12-23,1761.08,2022-12-23,1761.08,2022-12-23,1761.08,2022-12-23,1761.08,2022-12-23
2022-11-14,2022-12-30,RUT,46,1867.59,1760.83,23.27,1630,1690,1800,1820,60,20,-0.1562,0.68,2010.0,20.1,3990.0,2010.0,2010.0,2022-12-30,WIN,hold,1,1010.0,2010.0,510.0,810.0,1010.0,1520.0,1660.0,1900.0,2010.0,2010.0,2010.0,2010.0,2010.0,2010.0,2010.0,2010.0,2010.0,1750.59,2022-12-19,1760.83,2022-12-30,1842.59,2022-12-13,1783.59,2022-12-15,1750.59,2022-12-19,1762.59,2022-12-21,1750.59,2022-12-27,1749.59,2022-12-28,1760.83,2022-12-30,1760.83,2022-12-30,1760.83,2022-12-30,1760.83,2022-12-30,1760.83,2022-12-30,1760.83,2022-12-30,1760.83,2022-12-30,1760.83,2022-12-30,1760.83,2022-12-30
2022-11-28,2022-12-30,RUT,32,1854.45,1760.83,22.04,1630,1690,1800,1820,60,20,-0.1315,0.6827,1875.0,18.75,4125.0,1875.0,1875.0,2022-12-30,WIN,hold,1,945.0,1875.0,605.0,755.0,945.0,1415.0,1525.0,1765.0,1875.0,1875.0,1875.0,1875.0,1875.0,1875.0,1875.0,1875.0,1875.0,1752.45,2022-12-20,1760.83,2022-12-30,1832.45,2022-12-13,1756.45,2022-12-16,1752.45,2022-12-20,1758.45,2022-12-23,1750.45,2022-12-27,1749.45,2022-12-28,1760.83,2022-12-30,1760.83,2022-12-30,1760.83,2022-12-30,1760.83,2022-12-30,1760.83,2022-12-30,1760.83,2022-12-30,1760.83,2022-12-30,1760.83,2022-12-30,1760.83,2022-12-30
2022-12-12,2023-01-27,RUT,46,1799.12,1911.56,24.41,1580,1640,1735,1750,60,15,-0.163,0.6807,1730.0,17.3,4270.0,230.0,230.0,2023-01-27,WIN,hold,1,240.0,230.0,450.0,230.0,230.0,230.0,240.0,350.0,230.0,230.0,230.0,230.0,230.0,230.0,230.0,230.0,230.0,1873.12,2023-01-23,1911.56,2023-01-27,1785.12,2023-01-06,1911.56,2023-01-27,1911.56,2023-01-27,1911.56,2023-01-27,1873.12,2023-01-23,1859.12,2023-01-25,1911.56,2023-01-27,1911.56,2023-01-27,1911.56,2023-01-27,1911.56,2023-01-27,1911.56,2023-01-27,1911.56,2023-01-27,1911.56,2023-01-27,1911.56,2023-01-27,1911.56,2023-01-27
2022-12-19,2023-01-31,RUT,43,1750.05,1931.77,22.47,1550,1600,1690,1710,50,20,-0.1558,0.6866,1910.0,19.1,3090.0,-90.0,-90.0,2023-01-31,LOSS,hold,0,10.0,-90.0,510.0,-90.0,-90.0,-90.0,10.0,-80.0,-90.0,-90.0,-90.0,-90.0,-90.0,-90.0,-90.0,-90.0,-90.0,1892.05,2023-01-26,1931.77,2023-01-31,1761.05,2023-01-06,1931.77,2023-01-31,1931.77,2023-01-31,1931.77,2023-01-31,1892.05,2023-01-26,1901.05,2023-01-30,1931.77,2023-01-31,1931.77,2023-01-31,1931.77,2023-01-31,1931.77,2023-01-31,1931.77,2023-01-31,1931.77,2023-01-31,1931.77,2023-01-31,1931.77,2023-01-31,1931.77,2023-01-31
2023-01-09,2023-02-24,RUT,46,1808.49,1890.44,21.62,1605,1660,1750,1765,55,15,-0.1601,0.6807,1655.0,16.55,3845.0,155.0,155.0,2023-02-24,WIN,hold,1,145.0,155.0,155.0,155.0,155.0,155.0,145.0,155.0,155.0,155.0,155.0,155.0,155.0,155.0,155.0,155.0,155.0,1915.49,2023-02-21,1890.44,2023-02-24,1890.44,2023-02-24,1890.44,2023-02-24,1890.44,2023-02-24,1890.44,2023-02-24,1915.49,2023-02-21,1900.49,2023-02-22,1890.44,2023-02-24,1890.44,2023-02-24,1890.44,2023-02-24,1890.44,2023-02-24,1890.44,2023-02-24,1890.44,2023-02-24,1890.44,2023-02-24,1890.44,2023-02-24,1890.44,2023-02-24
2023-02-06,2023-03-24,RUT,46,1970.73,1734.83,19.32,1745,1810,1910,1925,65,15,-0.1607,0.6838,1725.0,17.25,4775.0,-4775.0,-4775.0,2023-03-24,LOSS,hold,0,-2055.0,-4775.0,555.0,-4775.0,-4775.0,-4775.0,-2055.0,-1625.0,-1015.0,-1735.0,-2595.0,-3645.0,-325.0,-1015.0,-1735.0,-3645.0,-1015.0,1748.73,2023-03-20,1734.83,2023-03-24,1901.73,2023-03-07,1734.83,2023-03-24,1734.83,2023-03-24,1734.83,2023-03-24,1748.73,2023-03-20,1769.73,2023-03-22,1794.73,2023-03-10,1758.73,2023-03-10,1726.73,2023-03-17,1727.73,2023-03-22,1838.73,2023-03-09,1794.73,2023-03-10,1758.73,2023-03-10,1727.73,2023-03-22,1794.73,2023-03-10
2023-02-13,2023-03-31,RUT,46,1923.55,1802.44,21.09,1700,1760,1860,1880,60,20,-0.1607,0.6844,2085.0,20.85,3915.0,2085.0,2085.0,2023-03-31,WIN,hold,1,45.0,2085.0,1245.0,1245.0,1245.0,1835.0,45.0,1245.0,-1065.0,2085.0,2085.0,2085.0,-505.0,-825.0,2085.0,2085.0,-505.0,1750.55,2023-03-27,1802.44,2023-03-31,1769.55,2023-03-29,1769.55,2023-03-29,1769.55,2023-03-29,1786.55,2023-03-30,1750.55,2023-03-27,1769.55,2023-03-29,1710.55,2023-03-23,1802.44,2023-03-31,1802.44,2023-03-31,1802.44,2023-03-31,1758.55,2023-03-10,1717.55,2023-03-15,1802.44,2023-03-31,1802.44,2023-03-31,1758.55,2023-03-10
2023-02-27,2023-03-31,RUT,32,1909.47,1802.44,20.83,1700,1760,1860,1880,60,20,-0.1434,0.6776,1880.0,18.8,4120.0,1880.0,1880.0,2023-03-31,WIN,hold,1,-160.0,1880.0,1040.0,1040.0,1040.0,1630.0,-160.0,1040.0,-1030.0,1880.0,1880.0,1880.0,-500.0,-780.0,-1510.0,1880.0,-710.0,1750.47,2023-03-27,1802.44,2023-03-31,1769.47,2023-03-29,1769.47,2023-03-29,1769.47,2023-03-29,1786.47,2023-03-30,1750.47,2023-03-27,1769.47,2023-03-29,1718.47,2023-03-15,1802.44,2023-03-31,1802.44,2023-03-31,1802.44,2023-03-31,1777.47,2023-03-10,1744.47,2023-03-13,1702.47,2023-03-24,1802.44,2023-03-31,1758.47,2023-03-10
2023-03-13,2023-04-28,RUT,46,1748.2,1768.79,27.65,1490,1560,1680,1700,70,20,-0.1552,0.6802,2120.0,21.2,4880.0,120.0,120.0,2023-04-28,WIN,hold,1,170.0,120.0,760.0,120.0,120.0,120.0,170.0,310.0,120.0,120.0,120.0,120.0,120.0,120.0,120.0,120.0,120.0,1794.2,2023-04-24,1768.79,2023-04-28,1784.2,2023-03-31,1768.79,2023-04-28,1768.79,2023-04-28,1768.79,2023-04-28,1794.2,2023-04-24,1740.2,2023-04-26,1768.79,2023-04-28,1768.79,2023-04-28,1768.79,2023-04-28,1768.79,2023-04-28,1768.79,2023-04-28,1768.79,2023-04-28,1768.79,2023-04-28,1768.79,2023-04-28,1768.79,2023-04-28
2023-03-20,2023-04-28,RUT,39,1748.36,1768.79,25.46,1490,1560,1680,1700,70,20,-0.145,0.688,2060.0,20.6,4940.0,60.0,60.0,2023-04-28,WIN,hold,1,110.0,60.0,700.0,60.0,60.0,60.0,110.0,250.0,60.0,60.0,60.0,60.0,60.0,60.0,60.0,60.0,60.0,1794.36,2023-04-24,1768.79,2023-04-28,1784.36,2023-03-31,1768.79,2023-04-28,1768.79,2023-04-28,1768.79,2023-04-28,1794.36,2023-04-24,1740.36,2023-04-26,1768.79,2023-04-28,1768.79,2023-04-28,1768.79,2023-04-28,1768.79,2023-04-28,1768.79,2023-04-28,1768.79,2023-04-28,1768.79,2023-04-28,1768.79,2023-04-28,1768.79,2023-04-28
2023-04-10,2023-05-26,RUT,46,1759.26,1772.82,19.9,1545,1605,1700,1715,60,15,-0.1627,0.6839,1730.0,17.3,4270.0,230.0,230.0,2023-05-26,WIN,hold,1,300.0,230.0,490.0,230.0,230.0,230.0,300.0,360.0,230.0,230.0,230.0,230.0,230.0,230.0,230.0,230.0,230.0,1782.26,2023-05-22,1772.82,2023-05-26,1759.26,2023-05-03,1772.82,2023-05-26,1772.82,2023-05-26,1772.82,2023-05-26,1782.26,2023-05-22,1787.26,2023-05-24,1772.82,2023-05-26,1772.82,2023-05-26,1772.82,2023-05-26,1772.82,2023-05-26,1772.82,2023-05-26,1772.82,2023-05-26,1772.82,2023-05-26,1772.82,2023-05-26,1772.82,2023-05-26
2023-04-17,2023-05-31,RUT,44,1791.84,1749.39,17.5,1600,1660,1740,1760,60,20,-0.1627,0.6889,2005.0,20.05,3995.0,1065.8,1065.8,2023-05-31,WIN,hold,1,785.0,1065.8,555.0,945.0,1505.0,1505.0,785.0,405.0,1065.8,1065.8,1065.8,1065.8,1065.8,1065.8,1065.8,1065.8,1065.8,1754.84,2023-05-26,1749.39,2023-05-31,1742.84,2023-05-16,1767.84,2023-05-18,1741.84,2023-05-31,1741.84,2023-05-31,1754.84,2023-05-26,1775.84,2023-05-30,1749.39,2023-05-31,1749.39,2023-05-31,1749.39,2023-05-31,1749.39,2023-05-31,1749.39,2023-05-31,1749.39,2023-05-31,1749.39,2023-05-31,1749.39,2023-05-31,1749.39,2023-05-31
2023-05-08,2023-06-23,RUT,46,1757.7,1821.37,17.8,1540,1605,1705,1720,65,15,-0.1586,0.6779,1685.0,16.85,4815.0,185.0,185.0,2023-06-23,WIN,hold,1,195.0,185.0,525.0,185.0,185.0,185.0,195.0,195.0,185.0,185.0,185.0,185.0,185.0,185.0,185.0,185.0,185.0,1864.7,2023-06-20,1821.37,2023-06-23,1744.7,2023-06-01,1821.37,2023-06-23,1821.37,2023-06-23,1821.37,2023-06-23,1864.7,2023-06-20,1858.7,2023-06-21,1821.37,2023-06-23,1821.37,2023-06-23,1821.37,2023-06-23,1821.37,2023-06-23,1821.37,2023-06-23,1821.37,2023-06-23,1821.37,2023-06-23,1821.37,2023-06-23,1821.37,2023-06-23
2023-05-15,2023-06-30,RUT,46,1749.68,1888.74,18.01,1540,1610,1700,1710,70,10,-0.1658,0.678,1385.0,13.85,5615.0,385.0,385.0,2023-06-30,WIN,hold,1,395.0,385.0,385.0,615.0,385.0,385.0,395.0,325.0,385.0,385.0,385.0,385.0,385.0,385.0,385.0,385.0,385.0,1839.68,2023-06-26,1888.74,2023-06-30,1789.68,2023-06-02,1825.68,2023-06-27,1888.74,2023-06-30,1888.74,2023-06-30,1839.68,2023-06-26,1848.68,2023-06-28,1888.74,2023-06-30,1888.74,2023-06-30,1888.74,2023-06-30,1888.74,2023-06-30,1888.74,2023-06-30,1888.74,2023-06-30,1888.74,2023-06-30,1888.74,2023-06-30,1888.74,2023-06-30
2023-06-12,2023-07-28,RUT,46,1875.92,1981.43,14.7,1685,1745,1830,1840,60,10,-0.1608,0.68,1235.0,12.35,4765.0,235.0,235.0,2023-07-28,WIN,hold,1,245.0,235.0,475.0,235.0,235.0,235.0,245.0,235.0,235.0,235.0,235.0,235.0,235.0,235.0,235.0,235.0,235.0,1961.92,2023-07-24,1981.43,2023-07-28,1893.92,2023-07-03,1981.43,2023-07-28,1981.43,2023-07-28,1981.43,2023-07-28,1961.92,2023-07-24,1977.92,2023-07-26,1981.43,2023-07-28,1981.43,2023-07-28,1981.43,2023-07-28,1981.43,2023-07-28,1981.43,2023-07-28,1981.43,2023-07-28,1981.43,2023-07-28,1981.43,2023-07-28,1981.43,2023-07-28
2023-07-10,2023-08-25,RUT,46,1880.73,1853.48,15.32,1695,1750,1835,1845,55,10,-0.1585,0.6803,1200.0,12.0,4300.0,200.0,200.0,2023-08-25,WIN,hold,1,480.0,200.0,330.0,490.0,890.0,200.0,480.0,260.0,200.0,200.0,200.0,200.0,200.0,200.0,200.0,200.0,200.0,1859.73,2023-08-21,1853.48,2023-08-25,1965.73,2023-07-24,1855.73,2023-08-21,1833.73,2023-08-25,1853.48,2023-08-25,1859.73,2023-08-21,1855.73,2023-08-23,1853.48,2023-08-25,1853.48,2023-08-25,1853.48,2023-08-25,1853.48,2023-08-25,1853.48,2023-08-25,1853.48,2023-08-25,1853.48,2023-08-25,1853.48,2023-08-25,1853.48,2023-08-25
2023-07-17,2023-08-31,RUT,45,1942.63,1900.12,13.68,1760,1820,1900,1910,60,10,-0.1618,0.6778,1240.0,12.4,4760.0,1227.9,1227.9,2023-08-31,WIN,hold,1,640.0,1227.9,320.0,510.0,640.0,950.0,710.0,1050.0,1227.9,1227.9,1227.9,1227.9,1227.9,1227.9,1227.9,1227.9,1227.9,1870.63,2023-08-24,1900.12,2023-08-31,1978.63,2023-07-28,1868.63,2023-08-23,1870.63,2023-08-24,1872.63,2023-08-28,1853.63,2023-08-26,1871.63,2023-08-29,1900.12,2023-08-31,1900.12,2023-08-31,1900.12,2023-08-31,1900.12,2023-08-31,1900.12,2023-08-31,1900.12,2023-08-31,1900.12,2023-08-31,1900.12,2023-08-31,1900.12,2023-08-31
2023-08-07,2023-09-22,RUT,46,1947.59,1776.96,16.84,1740,1800,1895,1910,60,15,-0.1573,0.6852,1620.0,16.2,4380.0,-684.1,-684.1,2023-09-22,LOSS,hold,0,850.0,-684.1,410.0,850.0,850.0,1500.0,1240.0,1420.0,-684.1,-684.1,-684.1,-684.1,-340.0,-684.1,-684.1,-684.1,10.0,1869.59,2023-09-06,1776.96,2023-09-22,1902.59,2023-08-30,1869.59,2023-09-06,1869.59,2023-09-06,1856.59,2023-09-15,1839.59,2023-09-18,1842.59,2023-09-20,1776.96,2023-09-22,1776.96,2023-09-22,1776.96,2023-09-22,1776.96,2023-09-22,1781.59,2023-09-21,1776.96,2023-09-22,1776.96,2023-09-22,1776.96,2023-09-22,1785.59,2023-09-21
2023-08-14,2023-09-29,RUT,46,1904.23,1785.16,15.83,1710,1770,1860,1870,60,10,-0.161,0.6718,1250.0,12.5,4750.0,1250.0,1250.0,2023-09-29,WIN,hold,1,800.0,1250.0,440.0,520.0,800.0,1090.0,220.0,520.0,1250.0,1250.0,1250.0,1250.0,-370.0,1250.0,1250.0,1250.0,-120.0,1856.23,2023-09-15,1785.16,2023-09-29,1917.23,2023-09-01,1863.23,2023-09-14,1856.23,2023-09-15,1836.23,2023-09-20,1780.23,2023-09-25,1783.23,2023-09-27,1785.16,2023-09-29,1785.16,2023-09-29,1785.16,2023-09-29,1785.16,2023-09-29,1762.23,2023-09-26,1785.16,2023-09-29,1785.16,2023-09-29,1785.16,2023-09-29,1768.23,2023-09-26
2023-09-11,2023-10-27,RUT,46,1857.51,1637.61,14.29,1690,1740,1815,1825,50,10,-0.1606,0.6841,1180.0,11.8,3820.0,-3820.0,-3820.0,2023-10-27,LOSS,hold,0,-2540.0,-3820.0,-3820.0,-3820.0,-3820.0,-3820.0,-2540.0,-3400.0,-910.0,-1200.0,-1960.0,-2540.0,-350.0,-910.0,-1510.0,-3400.0,-910.0,1674.51,2023-10-23,1637.61,2023-10-27,1637.61,2023-10-27,1637.61,2023-10-27,1637.61,2023-10-27,1637.61,2023-10-27,1674.51,2023-10-23,1659.51,2023-10-25,1729.51,2023-10-03,1710.51,2023-10-04,1689.51,2023-10-20,1674.51,2023-10-23,1856.51,2023-09-15,1729.51,2023-10-03,1703.51,2023-10-19,1659.51,2023-10-25,1729.51,2023-10-03
2023-09-18,2023-10-31,RUT,43,1839.77,1661.94,14.58,1690,1730,1800,1810,40,10,-0.154,0.6869,1095.0,10.95,2905.0,-2905.0,-2905.0,2023-10-31,LOSS,hold,0,-2315.0,-2905.0,295.0,-2905.0,-2905.0,-2905.0,-2315.0,-2805.0,-615.0,-1245.0,-1885.0,-2225.0,-485.0,-815.0,-1615.0,-3095.0,-615.0,1656.77,2023-10-26,1661.94,2023-10-31,1772.77,2023-10-02,1661.94,2023-10-31,1661.94,2023-10-31,1661.94,2023-10-31,1656.77,2023-10-26,1648.77,2023-10-30,1729.77,2023-10-03,1689.77,2023-10-20,1666.77,2023-10-23,1659.77,2023-10-25,1781.77,2023-09-26,1720.77,2023-10-04,1674.77,2023-10-23,1637.77,2023-10-27,1729.77,2023-10-03
2023-10-09,2023-11-24,RUT,46,1738.55,1807.29,18.51,1560,1610,1695,1705,50,10,-0.1578,0.6744,1190.0,11.9,3810.0,190.0,190.0,2023-11-24,WIN,hold,1,200.0,190.0,300.0,480.0,190.0,190.0,200.0,190.0,190.0,190.0,190.0,190.0,-310.0,190.0,190.0,190.0,190.0,1800.55,2023-11-20,1807.29,2023-11-24,1742.55,2023-11-06,1688.55,2023-11-10,1807.29,2023-11-24,1807.29,2023-11-24,1800.55,2023-11-20,1797.55,2023-11-22,1807.29,2023-11-24,1807.29,2023-11-24,1807.29,2023-11-24,1807.29,2023-11-24,1654.55,2023-10-25,1807.29,2023-11-24,1807.29,2023-11-24,1807.29,2023-11-24,1807.29,2023-11-24
2023-10-16,2023-11-30,RUT,45,1734.22,1809.2,18.3,1550,1600,1690,1700,50,10,-0.1533,0.6773,1145.0,11.45,3855.0,145.0,145.0,2023-11-30,WIN,hold,1,625.0,145.0,305.0,625.0,625.0,145.0,195.0,145.0,145.0,145.0,145.0,145.0,-335.0,145.0,145.0,145.0,145.0,1694.22,2023-11-10,1809.2,2023-11-30,1654.22,2023-11-01,1694.22,2023-11-10,1694.22,2023-11-10,1809.2,2023-11-30,1807.22,2023-11-25,1790.22,2023-11-28,1809.2,2023-11-30,1809.2,2023-11-30,1809.2,2023-11-30,1809.2,2023-11-30,1655.22,2023-10-25,1809.2,2023-11-30,1809.2,2023-11-30,1809.2,2023-11-30,1809.2,2023-11-30
2023-11-06,2023-12-22,RUT,46,1746.73,2033.8,15.34,1575,1625,1705,1715,50,10,-0.1589,0.6753,1165.0,11.65,3835.0,165.0,165.0,2023-12-22,WIN,hold,1,325.0,165.0,375.0,165.0,165.0,165.0,325.0,165.0,165.0,165.0,165.0,165.0,165.0,165.0,165.0,165.0,165.0,1993.73,2023-12-18,2033.8,2023-12-22,1794.73,2023-11-27,2033.8,2023-12-22,2033.8,2023-12-22,2033.8,2023-12-22,1993.73,2023-12-18,2014.73,2023-12-20,2033.8,2023-12-22,2033.8,2023-12-22,2033.8,2023-12-22,2033.8,2023-12-22,2033.8,2023-12-22,2033.8,2023-12-22,2033.8,2023-12-22,2033.8,2023-12-22,2033.8,2023-12-22
2023-11-13,2023-12-29,RUT,46,1692.75,2027.75,14.98,1530,1580,1650,1660,50,10,-0.1633,0.6849,1195.0,11.95,3805.0,195.0,195.0,2023-12-29,WIN,hold,1,205.0,195.0,315.0,195.0,195.0,195.0,205.0,185.0,195.0,195.0,195.0,195.0,195.0,195.0,195.0,195.0,195.0,2041.75,2023-12-26,2027.75,2023-12-29,1811.75,2023-12-01,2027.75,2023-12-29,2027.75,2023-12-29,2027.75,2023-12-29,2041.75,2023-12-26,2065.75,2023-12-27,2027.75,2023-12-29,2027.75,2023-12-29,2027.75,2023-12-29,2027.75,2023-12-29,2027.75,2023-12-29,2027.75,2023-12-29,2027.75,2023-12-29,2027.75,2023-12-29,2027.75,2023-12-29
2023-12-11,2024-01-26,RUT,46,1875.76,1978.44,13.02,1710,1760,1830,1845,50,15,-0.1618,0.6864,1490.0,14.9,3510.0,-10.0,-10.0,2024-01-26,LOSS,hold,0,0.0,-10.0,-10.0,-10.0,-10.0,-10.0,0.0,-20.0,-10.0,-10.0,-10.0,-10.0,-10.0,-10.0,-10.0,-10.0,-10.0,1978.76,2024-01-22,1978.44,2024-01-26,1978.44,2024-01-26,1978.44,2024-01-26,1978.44,2024-01-26,1978.44,2024-01-26,1978.76,2024-01-22,1984.76,2024-01-24,1978.44,2024-01-26,1978.44,2024-01-26,1978.44,2024-01-26,1978.44,2024-01-26,1978.44,2024-01-26,1978.44,2024-01-26,1978.44,2024-01-26,1978.44,2024-01-26,1978.44,2024-01-26
2023-12-18,2024-01-31,RUT,44,1993.69,1947.87,12.55,1820,1870,1950,1960,50,10,-0.1538,0.6801,1155.0,11.55,3845.0,1155.0,1155.0,2024-01-31,WIN,hold,1,415.0,1155.0,365.0,465.0,995.0,995.0,415.0,435.0,1155.0,1155.0,1155.0,1155.0,1155.0,1155.0,1155.0,1155.0,1155.0,1975.69,2024-01-26,1947.87,2024-01-31,2063.69,2023-12-28,1965.69,2024-01-25,1947.69,2024-01-31,1947.69,2024-01-31,1975.69,2024-01-26,1976.69,2024-01-29,1947.87,2024-01-31,1947.87,2024-01-31,1947.87,2024-01-31,1947.87,2024-01-31,1947.87,2024-01-31,1947.87,2024-01-31,1947.87,2024-01-31,1947.87,2024-01-31,1947.87,2024-01-31
2024-01-08,2024-02-23,RUT,46,1952.93,2016.91,13.66,1770,1820,1905,1915,50,10,-0.1601,0.677,1230.0,12.3,3770.0,230.0,230.0,2024-02-23,WIN,hold,1,780.0,230.0,390.0,600.0,780.0,230.0,270.0,260.0,230.0,230.0,230.0,230.0,230.0,230.0,230.0,230.0,230.0,1953.93,2024-02-01,2016.91,2024-02-23,1983.93,2024-01-25,2004.93,2024-01-30,1953.93,2024-02-01,2016.91,2024-02-23,2008.93,2024-02-20,1994.93,2024-02-21,2016.91,2024-02-23,2016.91,2024-02-23,2016.91,2024-02-23,2016.91,2024-02-23,2016.91,2024-02-23,2016.91,2024-02-23,2016.91,2024-02-23,2016.91,2024-02-23,2016.91,2024-02-23
2024-02-05,2024-03-22,RUT,46,1935.15,2071.87,13.91,1690,1785,1880,1895,95,15,-0.1623,0.6836,1575.0,15.75,7925.0,75.0,75.0,2024-03-22,WIN,hold,1,75.0,75.0,75.0,75.0,75.0,75.0,75.0,85.0,75.0,75.0,75.0,75.0,-475.0,75.0,75.0,75.0,75.0,2032.15,2024-03-18,2071.87,2024-03-22,2071.87,2024-03-22,2071.87,2024-03-22,2071.87,2024-03-22,2071.87,2024-03-22,2032.15,2024-03-18,2030.15,2024-03-20,2071.87,2024-03-22,2071.87,2024-03-22,2071.87,2024-03-22,2071.87,2024-03-22,1937.15,2024-02-05,2071.87,2024-03-22,2071.87,2024-03-22,2071.87,2024-03-22,2071.87,2024-03-22
2024-02-12,2024-03-28,RUT,45,2033.96,2124.23,13.54,1840,1900,1980,2000,60,20,-0.1648,0.6858,1930.0,19.3,4070.0,-70.0,-70.0,2024-03-28,LOSS,hold,0,-10.0,-70.0,-70.0,-70.0,-70.0,-70.0,-10.0,-160.0,-70.0,-70.0,-70.0,-70.0,-410.0,-70.0,-70.0,-70.0,-70.0,2071.96,2024-03-23,2124.23,2024-03-28,2124.23,2024-03-28,2124.23,2024-03-28,2124.23,2024-03-28,2124.23,2024-03-28,2071.96,2024-03-23,2087.96,2024-03-26,2124.23,2024-03-28,2124.23,2024-03-28,2124.23,2024-03-28,2124.23,2024-03-28,1958.96,2024-02-13,2124.23,2024-03-28,2124.23,2024-03-28,2124.23,2024-03-28,2124.23,2024-03-28
2024-02-26,2024-03-28,RUT,31,2030.25,2124.23,13.93,1840,1900,1980,2000,60,20,-0.1522,0.6874,1990.0,19.9,4010.0,-10.0,-10.0,2024-03-28,LOSS,hold,0,50.0,-10.0,520.0,-10.0,-10.0,-10.0,50.0,-100.0,-10.0,-10.0,-10.0,-10.0,-10.0,-10.0,-10.0,-10.0,-10.0,2072.25,2024-03-23,2124.23,2024-03-28,2025.25,2024-03-18,2124.23,2024-03-28,2124.23,2024-03-28,2124.23,2024-03-28,2072.25,2024-03-23,2088.25,2024-03-26,2124.23,2024-03-28,2124.23,2024-03-28,2124.23,2024-03-28,2124.23,2024-03-28,2124.23,2024-03-28,2124.23,2024-03-28,2124.23,2024-03-28,2124.23,2024-03-28,2124.23,2024-03-28
2024-03-11,2024-04-26,RUT,46,2068.54,2001.89,15.87,1860,1920,2015,2025,60,10,-0.1609,0.675,1290.0,12.9,4710.0,1290.0,1290.0,2024-04-26,WIN,hold,1,700.0,1290.0,700.0,700.0,700.0,1350.0,510.0,910.0,1290.0,1290.0,1290.0,1290.0,1290.0,1290.0,1290.0,1290.0,1290.0,2094.54,2024-03-21,2001.89,2024-04-26,2094.54,2024-03-21,2094.54,2024-03-21,2094.54,2024-03-21,2002.54,2024-04-23,1954.54,2024-04-22,2003.54,2024-04-24,2001.89,2024-04-26,2001.89,2024-04-26,2001.89,2024-04-26,2001.89,2024-04-26,2001.89,2024-04-26,2001.89,2024-04-26,2001.89,2024-04-26,2001.89,2024-04-26,2001.89,2024-04-26
2024-03-18,2024-04-30,RUT,43,2031.96,1973.9,14.56,1850,1910,1970,2000,60,30,-0.166,0.7166,2670.0,26.7,3330.0,2279.8,2279.8,2024-04-30,WIN,hold,1,1310.0,2279.8,680.0,1310.0,1350.0,2170.0,1310.0,80.0,2279.8,2279.8,2279.8,2279.8,-360.0,2279.8,2279.8,2279.8,2279.8,1961.96,2024-04-25,1973.9,2024-04-30,1954.96,2024-04-19,1961.96,2024-04-25,1983.96,2024-04-30,1973.96,2024-04-30,1961.96,2024-04-25,2011.96,2024-04-29,1973.9,2024-04-30,1973.9,2024-04-30,1973.9,2024-04-30,1973.9,2024-04-30,2073.96,2024-04-08,1973.9,2024-04-30,1973.9,2024-04-30,1973.9,2024-04-30,1973.9,2024-04-30
2024-04-08,2024-05-24,RUT,46,2072.81,2069.44,15.94,1860,1925,2020,2030,65,10,-0.1623,0.6763,1330.0,13.3,5170.0,330.0,330.0,2024-05-24,WIN,hold,1,340.0,330.0,430.0,530.0,930.0,330.0,340.0,420.0,-780.0,330.0,330.0,330.0,-370.0,-780.0,330.0,330.0,330.0,2099.81,2024-05-20,2069.44,2024-05-24,2053.81,2024-05-03,2059.81,2024-05-10,2056.81,2024-05-24,2069.44,2024-05-24,2099.81,2024-05-20,2094.81,2024-05-22,1956.81,2024-04-16,2069.44,2024-05-24,2069.44,2024-05-24,2069.44,2024-05-24,2023.81,2024-04-10,1956.81,2024-04-16,2069.44,2024-05-24,2069.44,2024-05-24,2069.44,2024-05-24
2024-04-15,2024-05-31,RUT,46,2013.22,2070.08,16.3,1800,1860,1960,1970,60,10,-0.1561,0.678,1280.0,12.8,4720.0,280.0,280.0,2024-05-31,WIN,hold,1,570.0,280.0,340.0,570.0,280.0,280.0,570.0,300.0,280.0,280.0,280.0,280.0,-350.0,280.0,280.0,280.0,280.0,2076.22,2024-05-28,2070.08,2024-05-31,1974.22,2024-04-30,2076.22,2024-05-28,2070.08,2024-05-31,2070.08,2024-05-31,2076.22,2024-05-28,2041.22,2024-05-29,2070.08,2024-05-31,2070.08,2024-05-31,2070.08,2024-05-31,2070.08,2024-05-31,1964.22,2024-04-17,2070.08,2024-05-31,2070.08,2024-05-31,2070.08,2024-05-31,2070.08,2024-05-31
2024-05-13,2024-06-28,RUT,46,2079.54,2047.13,13.39,1900,1950,2030,2040,50,10,-0.164,0.6821,1235.0,12.35,3765.0,235.0,235.0,2024-06-28,WIN,hold,1,1125.0,235.0,355.0,1125.0,1125.0,1125.0,635.0,775.0,235.0,235.0,235.0,235.0,235.0,235.0,235.0,235.0,235.0,2039.54,2024-06-05,2047.13,2024-06-28,2076.54,2024-05-28,2039.54,2024-06-05,2039.54,2024-06-05,2039.54,2024-06-05,2037.54,2024-06-24,2014.54,2024-06-26,2047.13,2024-06-28,2047.13,2024-06-28,2047.13,2024-06-28,2047.13,2024-06-28,2047.13,2024-06-28,2047.13,2024-06-28,2047.13,2024-06-28,2047.13,2024-06-28,2047.13,2024-06-28
2024-06-10,2024-07-26,RUT,46,2012.08,2259.88,13.11,1840,1890,1970,1980,50,10,-0.16,0.6742,1205.0,12.05,3795.0,205.0,205.0,2024-07-26,WIN,hold,1,205.0,205.0,305.0,205.0,205.0,205.0,205.0,125.0,205.0,205.0,205.0,205.0,205.0,205.0,205.0,205.0,205.0,2182.08,2024-07-22,2259.88,2024-07-26,2034.08,2024-07-02,2259.88,2024-07-26,2259.88,2024-07-26,2259.88,2024-07-26,2182.08,2024-07-22,2226.08,2024-07-24,2259.88,2024-07-26,2259.88,2024-07-26,2259.88,2024-07-26,2259.88,2024-07-26,2259.88,2024-07-26,2259.88,2024-07-26,2259.88,2024-07-26,2259.88,2024-07-26,2259.88,2024-07-26
2024-06-17,2024-07-31,RUT,44,2001.1,2255.17,13.19,1820,1870,1960,1970,50,10,-0.153,0.6681,1165.0,11.65,3835.0,165.0,165.0,2024-07-31,WIN,hold,1,165.0,165.0,305.0,485.0,165.0,165.0,165.0,165.0,165.0,165.0,165.0,165.0,-315.0,165.0,165.0,165.0,165.0,2223.1,2024-07-26,2255.17,2024-07-31,2036.1,2024-07-02,2220.1,2024-07-23,2255.17,2024-07-31,2255.17,2024-07-31,2223.1,2024-07-26,2264.1,2024-07-29,2255.17,2024-07-31,2255.17,2024-07-31,2255.17,2024-07-31,2255.17,2024-07-31,2243.1,2024-07-23,2255.17,2024-07-31,2255.17,2024-07-31,2255.17,2024-07-31,2255.17,2024-07-31
2024-07-08,2024-08-23,RUT,46,2047.37,2219.01,12.55,1885,1935,2005,2020,50,15,-0.1617,0.6857,1520.0,15.2,3480.0,20.0,20.0,2024-08-23,WIN,hold,1,20.0,20.0,20.0,20.0,20.0,20.0,20.0,-60.0,20.0,20.0,20.0,20.0,-480.0,20.0,20.0,20.0,20.0,2147.37,2024-08-19,2219.01,2024-08-23,2219.01,2024-08-23,2219.01,2024-08-23,2219.01,2024-08-23,2219.01,2024-08-23,2147.37,2024-08-19,2154.37,2024-08-21,2219.01,2024-08-23,2219.01,2024-08-23,2219.01,2024-08-23,2219.01,2024-08-23,2007.37,2024-08-05,2219.01,2024-08-23,2219.01,2024-08-23,2219.01,2024-08-23,2219.01,2024-08-23
2024-07-15,2024-08-30,RUT,46,2171.3,2218.0,12.87,1990,2040,2120,2140,50,20,-0.1575,0.6876,1840.0,18.4,3160.0,-160.0,-160.0,2024-08-30,LOSS,hold,0,-100.0,-160.0,650.0,-160.0,-160.0,-160.0,-100.0,-60.0,-960.0,-160.0,-160.0,-160.0,-410.0,-960.0,-160.0,-160.0,-960.0,2234.3,2024-08-26,2218.0,2024-08-30,2146.3,2024-08-16,2218.0,2024-08-30,2218.0,2024-08-30,2218.0,2024-08-30,2234.3,2024-08-26,2197.3,2024-08-28,2007.3,2024-08-05,2218.0,2024-08-30,2218.0,2024-08-30,2218.0,2024-08-30,2113.3,2024-08-02,2007.3,2024-08-05,2218.0,2024-08-30,2218.0,2024-08-30,2007.3,2024-08-05
2024-08-12,2024-09-27,RUT,46,2066.86,2224.66,20.99,1810,1885,2000,2015,75,15,-0.1617,0.6768,1775.0,17.75,5725.0,275.0,275.0,2024-09-27,WIN,hold,1,265.0,275.0,475.0,275.0,275.0,275.0,265.0,475.0,275.0,275.0,275.0,275.0,275.0,275.0,275.0,275.0,275.0,2233.86,2024-09-23,2224.66,2024-09-27,2164.86,2024-08-21,2224.66,2024-09-27,2224.66,2024-09-27,2224.66,2024-09-27,2233.86,2024-09-23,2215.86,2024-09-25,2224.66,2024-09-27,2224.66,2024-09-27,2224.66,2024-09-27,2224.66,2024-09-27,2224.66,2024-09-27,2224.66,2024-09-27,2224.66,2024-09-27,2224.66,2024-09-27,2224.66,2024-09-27
2024-08-19,2024-09-30,RUT,42,2147.62,2229.33,15.2,1950,2000,2090,2110,50,20,-0.1553,0.6871,1870.0,18.7,3130.0,-130.0,-130.0,2024-09-30,LOSS,hold,0,170.0,-130.0,480.0,-130.0,-130.0,-130.0,170.0,-130.0,-130.0,-130.0,-130.0,-130.0,-320.0,-130.0,-130.0,-130.0,-130.0,2215.62,2024-09-25,2229.33,2024-09-30,2210.62,2024-08-30,2229.33,2024-09-30,2229.33,2024-09-30,2229.33,2024-09-30,2215.62,2024-09-25,2224.62,2024-09-28,2229.33,2024-09-30,2229.33,2024-09-30,2229.33,2024-09-30,2229.33,2024-09-30,2165.62,2024-08-22,2229.33,2024-09-30,2229.33,2024-09-30,2229.33,2024-09-30,2229.33,2024-09-30
2024-09-16,2024-10-31,RUT,45,2188.56,2197.38,17.22,1950,2020,2130,2140,70,10,-0.1594,0.6728,1405.0,14.05,5595.0,405.0,405.0,2024-10-31,WIN,hold,1,385.0,405.0,425.0,665.0,405.0,405.0,385.0,405.0,405.0,405.0,405.0,405.0,405.0,405.0,405.0,405.0,405.0,2239.56,2024-10-28,2197.38,2024-10-31,2242.56,2024-09-19,2195.56,2024-10-08,2197.38,2024-10-31,2197.38,2024-10-31,2239.56,2024-10-28,2227.56,2024-10-29,2197.38,2024-10-31,2197.38,2024-10-31,2197.38,2024-10-31,2197.38,2024-10-31,2197.38,2024-10-31,2197.38,2024-10-31,2197.38,2024-10-31,2197.38,2024-10-31,2197.38,2024-10-31
2024-10-07,2024-11-22,RUT,46,2197.32,2406.23,21.13,1930,2005,2125,2145,75,20,-0.1607,0.6806,2135.0,21.35,5365.0,135.0,135.0,2024-11-22,WIN,hold,1,155.0,135.0,555.0,135.0,135.0,135.0,155.0,135.0,135.0,135.0,135.0,135.0,135.0,135.0,135.0,135.0,135.0,2302.32,2024-11-18,2406.23,2024-11-22,2224.32,2024-10-23,2406.23,2024-11-22,2406.23,2024-11-22,2406.23,2024-11-22,2302.32,2024-11-18,2315.32,2024-11-20,2406.23,2024-11-22,2406.23,2024-11-22,2406.23,2024-11-22,2406.23,2024-11-22,2406.23,2024-11-22,2406.23,2024-11-22,2406.23,2024-11-22,2406.23,2024-11-22,2406.23,2024-11-22
2024-10-14,2024-11-29,RUT,46,2232.32,2436.28,20.37,1970,2050,2165,2180,80,15,-0.1609,0.6798,1810.0,18.1,6190.0,310.0,310.0,2024-11-29,WIN,hold,1,320.0,310.0,510.0,310.0,310.0,310.0,320.0,310.0,310.0,310.0,310.0,310.0,310.0,310.0,310.0,310.0,310.0,2441.32,2024-11-25,2436.28,2024-11-29,2384.32,2024-11-08,2436.28,2024-11-29,2436.28,2024-11-29,2436.28,2024-11-29,2441.32,2024-11-25,2444.32,2024-11-27,2436.28,2024-11-29,2436.28,2024-11-29,2436.28,2024-11-29,2436.28,2024-11-29,2436.28,2024-11-29,2436.28,2024-11-29,2436.28,2024-11-29,2436.28,2024-11-29,2436.28,2024-11-29
2024-11-04,2024-12-20,RUT,46,2212.23,2243.11,22.35,1950,2010,2140,2160,60,20,-0.1568,0.6777,1920.0,19.2,4080.0,-80.0,-80.0,2024-12-20,LOSS,hold,0,-130.0,-80.0,-80.0,-80.0,-80.0,-80.0,-130.0,-110.0,-80.0,-80.0,-80.0,-80.0,-80.0,-80.0,-80.0,-80.0,-80.0,2356.23,2024-12-16,2243.11,2024-12-20,2243.11,2024-12-20,2243.11,2024-12-20,2243.11,2024-12-20,2243.11,2024-12-20,2356.23,2024-12-16,2342.23,2024-12-18,2243.11,2024-12-20,2243.11,2024-12-20,2243.11,2024-12-20,2243.11,2024-12-20,2243.11,2024-12-20,2243.11,2024-12-20,2243.11,2024-12-20,2243.11,2024-12-20,2243.11,2024-12-20
2024-11-11,2024-12-27,RUT,46,2426.04,2244.8,15.42,2190,2255,2360,2380,65,20,-0.1582,0.6844,1995.0,19.95,4505.0,975.2,975.2,2024-12-27,WIN,hold,1,-545.0,975.2,665.0,805.0,1415.0,1665.0,-545.0,705.0,-1085.0,975.2,975.2,975.2,-385.0,-805.0,975.2,975.2,-805.0,2232.04,2024-12-23,2244.8,2024-12-27,2408.04,2024-12-06,2342.04,2024-12-13,2265.04,2024-12-26,2274.04,2024-12-26,2232.04,2024-12-23,2248.04,2024-12-26,2221.04,2024-12-19,2244.8,2024-12-27,2244.8,2024-12-27,2244.8,2024-12-27,2308.04,2024-11-15,2232.04,2024-12-18,2244.8,2024-12-27,2244.8,2024-12-27,2232.04,2024-12-18
2024-11-18,2024-12-31,RUT,43,2302.29,2230.57,16.44,2075,2140,2240,2255,65,15,-0.1595,0.6843,1680.0,16.8,4820.0,1680.0,1680.0,2024-12-31,WIN,hold,1,1040.0,1680.0,500.0,740.0,1040.0,1530.0,790.0,1530.0,1680.0,1680.0,1680.0,1680.0,1680.0,1680.0,1680.0,1680.0,1680.0,2235.29,2024-12-24,2230.57,2024-12-31,2442.29,2024-11-25,2231.29,2024-12-23,2235.29,2024-12-24,2204.29,2024-12-30,2248.29,2024-12-26,2204.29,2024-12-30,2230.57,2024-12-31,2230.57,2024-12-31,2230.57,2024-12-31,2230.57,2024-12-31,2230.57,2024-12-31,2230.57,2024-12-31,2230.57,2024-12-31,2230.57,2024-12-31,2230.57,2024-12-31
2024-12-02,2025-01-17,RUT,46,2422.84,2275.73,13.85,2175,2245,2355,2375,70,20,-0.1606,0.6836,2085.0,20.85,4915.0,2085.0,2085.0,2025-01-17,WIN,hold,1,-2425.0,2085.0,535.0,1385.0,1385.0,1705.0,-2425.0,1385.0,-1055.0,-2335.0,2085.0,2085.0,-395.0,-935.0,-1575.0,-3015.0,-935.0,2171.84,2025-01-13,2275.73,2025-01-17,2287.84,2025-01-06,2272.84,2025-01-15,2272.84,2025-01-15,2266.84,2025-01-16,2171.84,2025-01-13,2272.84,2025-01-15,2221.84,2024-12-20,2180.84,2025-01-10,2275.73,2025-01-17,2275.73,2025-01-17,2272.84,2024-12-18,2231.84,2024-12-18,2204.84,2024-12-30,2162.84,2025-01-13,2231.84,2024-12-18
2024-12-09,2025-01-24,RUT,46,2426.23,2307.76,13.45,2195,2265,2365,2380,70,15,-0.1606,0.6841,1705.0,17.05,5295.0,1705.0,1705.0,2025-01-24,WIN,hold,1,925.0,1705.0,445.0,925.0,925.0,1305.0,925.0,1405.0,-1015.0,-1715.0,-2675.0,-3455.0,-365.0,-1015.0,-1715.0,-3035.0,-1715.0,2298.23,2025-01-21,2307.76,2025-01-24,2285.23,2025-01-17,2298.23,2025-01-21,2298.23,2025-01-21,2315.23,2025-01-21,2298.23,2025-01-21,2315.23,2025-01-22,2273.23,2024-12-18,2232.23,2024-12-18,2191.23,2025-01-10,2162.23,2025-01-13,2342.23,2024-12-13,2273.23,2024-12-18,2232.23,2024-12-18,2171.23,2025-01-13,2232.23,2024-12-18
2024-12-16,2025-01-31,RUT,46,2355.78,2288.09,14.29,2120,2190,2295,2310,70,15,-0.1599,0.6808,1675.0,16.75,5325.0,1675.0,1675.0,2025-01-31,WIN,hold,1,695.0,1675.0,485.0,675.0,835.0,1385.0,695.0,895.0,-845.0,1675.0,1675.0,1675.0,-465.0,-845.0,-1545.0,1675.0,-1245.0,2309.78,2025-01-27,2288.09,2025-01-31,2284.78,2025-01-17,2317.78,2025-01-21,2288.78,2025-01-27,2282.78,2025-01-29,2309.78,2025-01-27,2290.78,2025-01-29,2231.78,2024-12-18,2288.09,2025-01-31,2288.09,2025-01-31,2288.09,2025-01-31,2272.78,2024-12-18,2231.78,2024-12-18,2162.78,2025-01-13,2288.09,2025-01-31,2180.78,2025-01-10
2025-01-06,2025-02-21,RUT,46,2287.75,2195.31,16.09,2050,2125,2230,2245,75,15,-0.1592,0.6746,1930.0,19.3,5570.0,1930.0,1930.0,2025-02-21,WIN,hold,1,580.0,1930.0,490.0,810.0,1310.0,1850.0,580.0,530.0,1930.0,1930.0,1930.0,1930.0,-360.0,1930.0,1930.0,1930.0,1930.0,2283.75,2025-02-18,2195.31,2025-02-21,2310.75,2025-01-21,2311.75,2025-02-05,2234.75,2025-02-21,2213.75,2025-02-21,2283.75,2025-02-18,2276.75,2025-02-19,2195.31,2025-02-21,2195.31,2025-02-21,2195.31,2025-02-21,2195.31,2025-02-21,2199.75,2025-01-10,2195.31,2025-02-21,2195.31,2025-02-21,2195.31,2025-02-21,2195.31,2025-02-21
2025-01-13,2025-02-28,RUT,46,2171.66,2162.76,20.48,1920,1990,2105,2120,70,15,-0.1564,0.682,1745.0,17.45,5255.0,245.0,245.0,2025-02-28,WIN,hold,1,335.0,245.0,435.0,245.0,245.0,245.0,335.0,245.0,245.0,245.0,245.0,245.0,245.0,245.0,245.0,245.0,245.0,2179.66,2025-02-24,2162.76,2025-02-28,2317.66,2025-01-21,2162.76,2025-02-28,2162.76,2025-02-28,2162.76,2025-02-28,2179.66,2025-02-24,2195.66,2025-02-26,2162.76,2025-02-28,2162.76,2025-02-28,2162.76,2025-02-28,2162.76,2025-02-28,2162.76,2025-02-28,2162.76,2025-02-28,2162.76,2025-02-28,2162.76,2025-02-28,2162.76,2025-02-28
2025-02-03,2025-03-21,RUT,46,2235.96,2056.94,19.27,1980,2060,2170,2190,80,20,-0.1633,0.6798,2155.0,21.55,5845.0,1849.1,1849.1,2025-03-21,WIN,hold,1,-405.0,1849.1,715.0,1375.0,1375.0,1735.0,-405.0,165.0,-1305.0,-2325.0,1849.1,1849.1,-355.0,-985.0,-1695.0,1849.1,-985.0,2053.96,2025-03-17,2056.94,2025-03-21,2281.96,2025-02-07,2085.96,2025-03-19,2085.96,2025-03-19,2086.96,2025-03-20,2053.96,2025-03-17,2057.96,2025-03-19,2036.96,2025-03-07,1998.96,2025-03-13,2056.94,2025-03-21,2056.94,2025-03-21,2264.96,2025-02-03,2058.96,2025-03-04,2020.96,2025-03-10,2056.94,2025-03-21,2058.96,2025-03-04
2025-02-10,2025-03-28,RUT,46,2282.59,2023.24,16.26,2050,2120,2225,2240,70,15,-0.1612,0.6755,1715.0,17.15,5285.0,-5285.0,-5285.0,2025-03-28,LOSS,hold,0,-1075.0,-5285.0,-5285.0,-5285.0,-5285.0,-5285.0,-1075.0,-1055.0,-1165.0,-1985.0,-2755.0,-3655.0,-395.0,-1165.0,-1985.0,-3065.0,-1035.0,2094.59,2025-03-24,2023.24,2025-03-28,2023.24,2025-03-28,2023.24,2025-03-28,2023.24,2025-03-28,2023.24,2025-03-28,2094.59,2025-03-24,2093.59,2025-03-26,2139.59,2025-02-27,2059.59,2025-03-04,2021.59,2025-03-10,1985.59,2025-03-13,2179.59,2025-02-24,2139.59,2025-02-27,2059.59,2025-03-04,2014.59,2025-03-13,2119.59,2025-03-03
2025-02-24,2025-04-17,RUT,52,2179.76,1880.25,19.27,1935,2000,2115,2135,65,20,-0.1576,0.6829,2045.0,20.45,4455.0,-4455.0,-4455.0,2025-04-17,LOSS,hold,0,-3715.0,-4455.0,-4455.0,-4455.0,-4455.0,-4455.0,-3715.0,-3775.0,-1035.0,-2075.0,-3235.0,-4615.0,-505.0,-785.0,-2075.0,-3235.0,-885.0,1874.76,2025-04-14,1880.25,2025-04-17,1880.25,2025-04-17,1880.25,2025-04-17,1880.25,2025-04-17,1880.25,2025-04-17,1874.76,2025-04-14,1895.76,2025-04-15,1985.76,2025-03-13,1909.76,2025-04-03,1834.76,2025-04-04,1761.76,2025-04-08,2058.76,2025-03-04,2020.76,2025-03-10,1909.76,2025-04-03,1834.76,2025-04-04,1998.76,2025-03-13
2025-03-03,2025-04-17,RUT,45,2154.17,1880.25,20.53,1900,1975,2090,2105,75,15,-0.1588,0.6781,1755.0,17.55,5745.0,-5745.0,-5745.0,2025-04-17,LOSS,hold,0,-4055.0,-5745.0,-5745.0,-5745.0,-5745.0,-5745.0,-4055.0,-3825.0,-945.0,-2285.0,-3675.0,-3675.0,-395.0,-765.0,-1635.0,-3675.0,-1635.0,1874.17,2025-04-14,1880.25,2025-04-17,1880.25,2025-04-17,1880.25,2025-04-17,1880.25,2025-04-17,1880.25,2025-04-17,1874.17,2025-04-14,1896.17,2025-04-15,2021.17,2025-03-10,1910.17,2025-04-03,1835.17,2025-04-04,1835.17,2025-04-04,2102.17,2025-03-03,2042.17,2025-03-10,1945.17,2025-04-03,1835.17,2025-04-04,1945.17,2025-04-03
2025-03-10,2025-04-25,RUT,46,2050.48,1957.58,26.28,1785,1855,1980,1995,70,15,-0.1584,0.6765,1820.0,18.2,5180.0,1820.0,1820.0,2025-04-25,WIN,hold,1,-500.0,1820.0,540.0,810.0,1290.0,1410.0,-500.0,620.0,-1150.0,-1920.0,1820.0,1820.0,-390.0,-1150.0,-1520.0,1820.0,-1150.0,1853.48,2025-04-21,1957.58,2025-04-25,2059.48,2025-03-19,2048.48,2025-03-28,1949.48,2025-04-23,1928.48,2025-04-23,1853.48,2025-04-21,1961.48,2025-04-23,1834.48,2025-04-04,1774.48,2025-04-08,1957.58,2025-04-25,1957.58,2025-04-25,1910.48,2025-04-03,1834.48,2025-04-04,1810.48,2025-04-04,1957.58,2025-04-25,1834.48,2025-04-04
2025-03-17,2025-04-30,RUT,44,2053.48,1976.25,21.01,1820,1890,1990,2010,70,20,-0.1623,0.6816,2095.0,20.95,4905.0,2095.0,2095.0,2025-04-30,WIN,hold,1,995.0,2095.0,695.0,855.0,1175.0,1615.0,995.0,1465.0,-1505.0,-2225.0,2095.0,2095.0,-385.0,-775.0,-1505.0,2095.0,-1505.0,1957.48,2025-04-25,1976.25,2025-04-30,1961.48,2025-04-23,1940.48,2025-04-24,1942.48,2025-04-25,1946.48,2025-04-28,1957.48,2025-04-25,1964.48,2025-04-28,1834.48,2025-04-04,1774.48,2025-04-08,1976.25,2025-04-30,1976.25,2025-04-30,1945.48,2025-04-03,1910.48,2025-04-03,1834.48,2025-04-04,1976.25,2025-04-30,1834.48,2025-04-04
2025-03-31,2025-05-16,RUT,46,1986.8,2113.39,23.82,1745,1815,1920,1935,70,15,-0.1624,0.6827,1780.0,17.8,5220.0,280.0,280.0,2025-05-16,WIN,hold,1,250.0,280.0,450.0,280.0,280.0,280.0,250.0,420.0,-1110.0,-2000.0,280.0,280.0,-550.0,-1110.0,-1630.0,280.0,-1380.0,2097.8,2025-05-12,2113.39,2025-05-16,1978.8,2025-05-06,2113.39,2025-05-16,2113.39,2025-05-16,2113.39,2025-05-16,2097.8,2025-05-12,2089.8,2025-05-14,1834.8,2025-04-04,1733.8,2025-04-09,2113.39,2025-05-16,2113.39,2025-05-16,1909.8,2025-04-03,1834.8,2025-04-04,1779.8,2025-04-07,2113.39,2025-05-16,1807.8,2025-04-04
2025-04-28,2025-05-16,RUT,18,1964.9,2113.39,25.42,1745,1815,1920,1935,70,15,-0.1366,0.6727,1560.0,15.6,5440.0,60.0,60.0,2025-05-16,WIN,hold,1,30.0,60.0,60.0,60.0,60.0,60.0,30.0,200.0,60.0,60.0,60.0,60.0,60.0,60.0,60.0,60.0,60.0,2097.9,2025-05-12,2113.39,2025-05-16,2113.39,2025-05-16,2113.39,2025-05-16,2113.39,2025-05-16,2113.39,2025-05-16,2097.9,2025-05-12,2089.9,2025-05-14,2113.39,2025-05-16,2113.39,2025-05-16,2113.39,2025-05-16,2113.39,2025-05-16,2113.39,2025-05-16,2113.39,2025-05-16,2113.39,2025-05-16,2113.39,2025-05-16,2113.39,2025-05-16
2025-05-05,2025-06-20,RUT,46,2004.16,2109.15,24.03,1740,1820,1940,1950,80,10,-0.1646,0.6723,1580.0,15.8,6420.0,580.0,580.0,2025-06-20,WIN,hold,1,570.0,580.0,460.0,640.0,580.0,580.0,570.0,580.0,580.0,580.0,580.0,580.0,580.0,580.0,580.0,580.0,580.0,2124.16,2025-06-16,2109.15,2025-06-20,2098.16,2025-05-12,2048.16,2025-06-02,2109.15,2025-06-20,2109.15,2025-06-20,2124.16,2025-06-16,2108.16,2025-06-18,2109.15,2025-06-20,2109.15,2025-06-20,2109.15,2025-06-20,2109.15,2025-06-20,2109.15,2025-06-20,2109.15,2025-06-20,2109.15,2025-06-20,2109.15,2025-06-20,2109.15,2025-06-20
2025-05-12,2025-06-27,RUT,46,2098.01,2172.8,19.31,1860,1930,2035,2050,70,15,-0.16,0.6827,1745.0,17.45,5255.0,245.0,245.0,2025-06-27,WIN,hold,1,545.0,245.0,465.0,245.0,245.0,245.0,545.0,245.0,245.0,245.0,245.0,245.0,-535.0,245.0,245.0,245.0,245.0,2110.01,2025-06-23,2172.8,2025-06-27,2106.01,2025-06-04,2172.8,2025-06-27,2172.8,2025-06-27,2172.8,2025-06-27,2110.01,2025-06-23,2151.01,2025-06-25,2172.8,2025-06-27,2172.8,2025-06-27,2172.8,2025-06-27,2172.8,2025-06-27,2027.01,2025-05-23,2172.8,2025-06-27,2172.8,2025-06-27,2172.8,2025-06-27,2172.8,2025-06-27
2025-05-19,2025-06-30,RUT,42,2086.59,2175.55,18.7,1870,1940,2030,2050,70,20,-0.165,0.6846,2045.0,20.45,4955.0,45.0,45.0,2025-06-30,WIN,hold,1,45.0,45.0,45.0,45.0,45.0,45.0,45.0,55.0,45.0,45.0,45.0,45.0,-355.0,45.0,45.0,45.0,45.0,2151.59,2025-06-25,2175.55,2025-06-30,2175.55,2025-06-30,2175.55,2025-06-30,2175.55,2025-06-30,2175.55,2025-06-30,2151.59,2025-06-25,2172.59,2025-06-28,2175.55,2025-06-30,2175.55,2025-06-30,2175.55,2025-06-30,2175.55,2025-06-30,2027.59,2025-05-23,2175.55,2025-06-30,2175.55,2025-06-30,2175.55,2025-06-30,2175.55,2025-06-30
2025-06-02,2025-07-18,RUT,46,2047.75,2240.03,19.53,1800,1875,1990,2000,75,10,-0.1591,0.6725,1385.0,13.85,6115.0,385.0,385.0,2025-07-18,WIN,hold,1,505.0,385.0,425.0,585.0,385.0,385.0,505.0,505.0,385.0,385.0,385.0,385.0,385.0,385.0,385.0,385.0,385.0,2235.75,2025-07-14,2240.03,2025-07-18,2142.75,2025-06-24,2198.75,2025-07-01,2240.03,2025-07-18,2240.03,2025-07-18,2235.75,2025-07-14,2211.75,2025-07-16,2240.03,2025-07-18,2240.03,2025-07-18,2240.03,2025-07-18,2240.03,2025-07-18,2240.03,2025-07-18,2240.03,2025-07-18,2240.03,2025-07-18,2240.03,2025-07-18,2240.03,2025-07-18
2025-06-09,2025-07-25,RUT,46,2140.14,2261.02,17.39,1910,1980,2080,2095,70,15,-0.1625,0.684,1735.0,17.35,5265.0,235.0,235.0,2025-07-25,WIN,hold,1,165.0,235.0,745.0,745.0,235.0,235.0,165.0,235.0,235.0,235.0,235.0,235.0,235.0,235.0,235.0,235.0,235.0,2254.14,2025-07-21,2261.02,2025-07-25,2175.14,2025-06-27,2175.14,2025-06-27,2261.02,2025-07-25,2261.02,2025-07-25,2254.14,2025-07-21,2261.14,2025-07-23,2261.02,2025-07-25,2261.02,2025-07-25,2261.02,2025-07-25,2261.02,2025-07-25,2261.02,2025-07-25,2261.02,2025-07-25,2261.02,2025-07-25,2261.02,2025-07-25,2261.02,2025-07-25
2025-06-16,2025-07-31,RUT,45,2123.7,2211.42,18.91,1890,1960,2060,2080,70,20,-0.164,0.6875,2120.0,21.2,4880.0,120.0,120.0,2025-07-31,WIN,hold,1,140.0,120.0,670.0,120.0,120.0,120.0,140.0,90.0,120.0,120.0,120.0,120.0,120.0,120.0,120.0,120.0,120.0,2260.7,2025-07-26,2211.42,2025-07-31,2151.7,2025-06-25,2211.42,2025-07-31,2211.42,2025-07-31,2211.42,2025-07-31,2260.7,2025-07-26,2262.7,2025-07-29,2211.42,2025-07-31,2211.42,2025-07-31,2211.42,2025-07-31,2211.42,2025-07-31,2211.42,2025-07-31,2211.42,2025-07-31,2211.42,2025-07-31,2211.42,2025-07-31,2211.42,2025-07-31
2025-06-23,2025-08-08,RUT,46,2109.9,2218.52,20.2,1855,1930,2050,2065,75,15,-0.1601,0.675,1800.0,18.0,5700.0,300.0,300.0,2025-08-08,WIN,hold,1,320.0,300.0,780.0,780.0,300.0,300.0,320.0,300.0,300.0,300.0,300.0,300.0,300.0,300.0,300.0,300.0,300.0,2183.9,2025-08-04,2218.52,2025-08-08,2240.9,2025-07-03,2240.9,2025-07-03,2218.52,2025-08-08,2218.52,2025-08-08,2183.9,2025-08-04,2217.9,2025-08-06,2218.52,2025-08-08,2218.52,2025-08-08,2218.52,2025-08-08,2218.52,2025-08-08,2218.52,2025-08-08,2218.52,2025-08-08,2218.52,2025-08-08,2218.52,2025-08-08,2218.52,2025-08-08
2025-06-30,2025-08-15,RUT,46,2179.5,2286.36,17.29,1940,2010,2120,2130,70,10,-0.158,0.678,1375.0,13.75,5625.0,375.0,375.0,2025-08-15,WIN,hold,1,425.0,375.0,455.0,595.0,375.0,375.0,425.0,375.0,375.0,375.0,375.0,375.0,375.0,375.0,375.0,375.0,375.0,2226.5,2025-08-11,2286.36,2025-08-15,2229.5,2025-07-08,2261.5,2025-07-23,2286.36,2025-08-15,2286.36,2025-08-15,2226.5,2025-08-11,2300.5,2025-08-13,2286.36,2025-08-15,2286.36,2025-08-15,2286.36,2025-08-15,2286.36,2025-08-15,2286.36,2025-08-15,2286.36,2025-08-15,2286.36,2025-08-15,2286.36,2025-08-15,2286.36,2025-08-15
2025-07-07,2025-08-22,RUT,46,2237.33,2361.94,17.58,1995,2065,2175,2190,70,15,-0.1592,0.6799,1730.0,17.3,5270.0,230.0,230.0,2025-08-22,WIN,hold,1,130.0,230.0,530.0,710.0,230.0,230.0,130.0,340.0,230.0,230.0,230.0,230.0,-360.0,230.0,230.0,230.0,230.0,2288.33,2025-08-18,2361.94,2025-08-22,2262.33,2025-07-18,2262.33,2025-07-29,2361.94,2025-08-22,2361.94,2025-08-22,2288.33,2025-08-18,2259.33,2025-08-20,2361.94,2025-08-22,2361.94,2025-08-22,2361.94,2025-08-22,2361.94,2025-08-22,2254.33,2025-07-17,2361.94,2025-08-22,2361.94,2025-08-22,2361.94,2025-08-22,2361.94,2025-08-22
2025-07-14,2025-08-29,RUT,46,2235.41,2366.11,17.29,1980,2060,2170,2190,80,20,-0.1646,0.6799,2215.0,22.15,5785.0,215.0,215.0,2025-08-29,WIN,hold,1,335.0,215.0,585.0,215.0,215.0,215.0,335.0,155.0,215.0,215.0,215.0,215.0,215.0,215.0,215.0,215.0,215.0,2355.41,2025-08-25,2366.11,2025-08-29,2254.41,2025-07-30,2366.11,2025-08-29,2366.11,2025-08-29,2366.11,2025-08-29,2355.41,2025-08-25,2368.41,2025-08-27,2366.11,2025-08-29,2366.11,2025-08-29,2366.11,2025-08-29,2366.11,2025-08-29,2366.11,2025-08-29,2366.11,2025-08-29,2366.11,2025-08-29,2366.11,2025-08-29,2366.11,2025-08-29
2025-08-04,2025-09-19,RUT,46,2183.88,2448.43,17.95,1925,2000,2120,2130,75,10,-0.1629,0.6742,1435.0,14.35,6065.0,435.0,435.0,2025-09-19,WIN,hold,1,725.0,435.0,375.0,725.0,725.0,435.0,425.0,485.0,435.0,435.0,435.0,435.0,435.0,435.0,435.0,435.0,435.0,2357.88,2025-09-03,2448.43,2025-09-19,2300.88,2025-08-13,2357.88,2025-09-03,2357.88,2025-09-03,2448.43,2025-09-19,2408.88,2025-09-15,2419.88,2025-09-17,2448.43,2025-09-19,2448.43,2025-09-19,2448.43,2025-09-19,2448.43,2025-09-19,2448.43,2025-09-19,2448.43,2025-09-19,2448.43,2025-09-19,2448.43,2025-09-19,2448.43,2025-09-19
2025-08-11,2025-09-26,RUT,46,2226.47,2433.83,15.86,1975,2045,2160,2180,70,20,-0.1579,0.6836,2090.0,20.9,4910.0,90.0,90.0,2025-09-26,WIN,hold,1,80.0,90.0,90.0,90.0,90.0,90.0,80.0,170.0,90.0,90.0,90.0,90.0,-330.0,90.0,90.0,90.0,90.0,2447.47,2025-09-22,2433.83,2025-09-26,2433.83,2025-09-26,2433.83,2025-09-26,2433.83,2025-09-26,2433.83,2025-09-26,2447.47,2025-09-22,2456.47,2025-09-24,2433.83,2025-09-26,2433.83,2025-09-26,2433.83,2025-09-26,2433.83,2025-09-26,2375.47,2025-09-09,2433.83,2025-09-26,2433.83,2025-09-26,2433.83,2025-09-26,2433.83,2025-09-26
2025-08-18,2025-09-30,RUT,43,2288.26,2436.81,15.59,2050,2120,2230,2240,70,10,-0.1581,0.676,1385.0,13.85,5615.0,385.0,385.0,2025-09-30,WIN,hold,1,415.0,385.0,405.0,635.0,385.0,385.0,415.0,385.0,385.0,385.0,385.0,385.0,-345.0,385.0,385.0,385.0,385.0,2402.26,2025-09-25,2436.81,2025-09-30,2361.26,2025-08-26,2375.26,2025-08-29,2436.81,2025-09-30,2436.81,2025-09-30,2402.26,2025-09-25,2439.26,2025-09-29,2436.81,2025-09-30,2436.81,2025-09-30,2436.81,2025-09-30,2436.81,2025-09-30,2267.26,2025-08-20,2436.81,2025-09-30,2436.81,2025-09-30,2436.81,2025-09-30,2436.81,2025-09-30
2025-09-08,2025-10-24,RUT,46,2384.03,2513.12,15.31,2140,2210,2320,2335,70,15,-0.1608,0.6808,1760.0,17.6,5240.0,260.0,260.0,2025-10-24,WIN,hold,1,80.0,260.0,500.0,260.0,260.0,260.0,80.0,180.0,260.0,260.0,260.0,260.0,260.0,260.0,260.0,260.0,260.0,2489.03,2025-10-20,2513.12,2025-10-24,2403.03,2025-09-25,2513.12,2025-10-24,2513.12,2025-10-24,2513.12,2025-10-24,2489.03,2025-10-20,2479.03,2025-10-22,2513.12,2025-10-24,2513.12,2025-10-24,2513.12,2025-10-24,2513.12,2025-10-24,2513.12,2025-10-24,2513.12,2025-10-24,2513.12,2025-10-24,2513.12,2025-10-24,2513.12,2025-10-24
2025-09-15,2025-10-31,RUT,46,2408.42,2479.66,15.13,2165,2235,2345,2360,70,15,-0.1605,0.6806,1755.0,17.55,5245.0,255.0,255.0,2025-10-31,WIN,hold,1,315.0,255.0,455.0,255.0,255.0,255.0,315.0,155.0,255.0,255.0,255.0,255.0,255.0,255.0,255.0,255.0,255.0,2537.42,2025-10-27,2479.66,2025-10-31,2456.42,2025-09-24,2479.66,2025-10-31,2479.66,2025-10-31,2479.66,2025-10-31,2537.42,2025-10-27,2508.42,2025-10-29,2479.66,2025-10-31,2479.66,2025-10-31,2479.66,2025-10-31,2479.66,2025-10-31,2479.66,2025-10-31,2479.66,2025-10-31,2479.66,2025-10-31,2479.66,2025-10-31,2479.66,2025-10-31
2025-10-06,2025-11-21,RUT,46,2486.62,2368.92,16.98,2220,2300,2420,2440,80,20,-0.1592,0.6785,1975.0,19.75,6025.0,1975.0,1975.0,2025-11-21,WIN,hold,1,855.0,1975.0,605.0,855.0,1215.0,1505.0,855.0,1215.0,1975.0,1975.0,1975.0,1975.0,-425.0,1975.0,1975.0,1975.0,1975.0,2388.62,2025-11-17,2368.92,2025-11-21,2427.62,2025-11-13,2388.62,2025-11-17,2362.62,2025-11-19,2396.62,2025-11-20,2388.62,2025-11-17,2362.62,2025-11-19,2368.92,2025-11-21,2368.92,2025-11-21,2368.92,2025-11-21,2368.92,2025-11-21,2432.62,2025-10-10,2368.92,2025-11-21,2368.92,2025-11-21,2368.92,2025-11-21,2368.92,2025-11-21
2025-10-13,2025-11-28,RUT,46,2445.93,2499.73,19.57,2180,2255,2375,2395,75,20,-0.1611,0.6826,2250.0,22.5,5250.0,250.0,250.0,2025-11-28,WIN,hold,1,920.0,250.0,630.0,930.0,250.0,250.0,920.0,240.0,250.0,250.0,250.0,250.0,250.0,250.0,250.0,250.0,250.0,2391.93,2025-11-24,2499.73,2025-11-28,2466.93,2025-11-03,2320.93,2025-11-21,2499.73,2025-11-28,2499.73,2025-11-28,2391.93,2025-11-24,2473.93,2025-11-26,2499.73,2025-11-28,2499.73,2025-11-28,2499.73,2025-11-28,2499.73,2025-11-28,2499.73,2025-11-28,2499.73,2025-11-28,2499.73,2025-11-28,2499.73,2025-11-28,2499.73,2025-11-28
2025-11-03,2025-12-19,RUT,46,2466.45,2529.02,18.12,2175,2255,2390,2410,80,20,-0.1587,0.6785,2190.0,21.9,5810.0,190.0,190.0,2025-12-19,WIN,hold,1,210.0,190.0,560.0,190.0,190.0,190.0,210.0,200.0,190.0,190.0,190.0,190.0,-310.0,190.0,190.0,190.0,190.0,2546.45,2025-12-15,2529.02,2025-12-19,2519.45,2025-12-16,2529.02,2025-12-19,2529.02,2025-12-19,2529.02,2025-12-19,2546.45,2025-12-15,2535.45,2025-12-17,2529.02,2025-12-19,2529.02,2025-12-19,2529.02,2025-12-19,2529.02,2025-12-19,2381.45,2025-11-07,2529.02,2025-12-19,2529.02,2025-12-19,2529.02,2025-12-19,2529.02,2025-12-19
2025-11-10,2025-12-26,RUT,46,2456.29,2534.06,18.03,2175,2255,2385,2400,80,15,-0.1588,0.6762,1845.0,18.45,6155.0,345.0,345.0,2025-12-26,WIN,hold,1,365.0,345.0,645.0,805.0,345.0,345.0,365.0,345.0,345.0,345.0,345.0,345.0,-315.0,-805.0,345.0,345.0,345.0,2556.29,2025-12-22,2534.06,2025-12-26,2498.29,2025-11-26,2526.29,2025-12-05,2534.06,2025-12-26,2534.06,2025-12-26,2556.29,2025-12-22,2538.29,2025-12-24,2534.06,2025-12-26,2534.06,2025-12-26,2534.06,2025-12-26,2534.06,2025-12-26,2387.29,2025-11-13,2304.29,2025-11-20,2534.06,2025-12-26,2534.06,2025-12-26,2534.06,2025-12-26
2025-11-17,2025-12-31,RUT,44,2388.52,2481.51,20.39,2110,2190,2310,2330,80,20,-0.1608,0.6876,2270.0,22.7,5730.0,270.0,270.0,2025-12-31,WIN,hold,1,290.0,270.0,840.0,270.0,270.0,270.0,290.0,410.0,270.0,270.0,270.0,270.0,-330.0,270.0,270.0,270.0,270.0,2548.52,2025-12-26,2481.51,2025-12-31,2526.52,2025-12-05,2481.51,2025-12-31,2481.51,2025-12-31,2481.51,2025-12-31,2548.52,2025-12-26,2524.52,2025-12-29,2481.51,2025-12-31,2481.51,2025-12-31,2481.51,2025-12-31,2481.51,2025-12-31,2304.52,2025-11-20,2481.51,2025-12-31,2481.51,2025-12-31,2481.51,2025-12-31,2481.51,2025-12-31
2025-12-01,2026-01-16,RUT,46,2486.53,2677.91,17.26,2210,2290,2420,2440,80,20,-0.1585,0.6773,2235.0,22.35,5765.0,235.0,235.0,2026-01-16,WIN,hold,1,235.0,235.0,665.0,235.0,235.0,235.0,235.0,-175.0,235.0,235.0,235.0,235.0,-465.0,235.0,235.0,235.0,235.0,2618.53,2026-01-12,2677.91,2026-01-16,2528.53,2025-12-20,2677.91,2026-01-16,2677.91,2026-01-16,2677.91,2026-01-16,2618.53,2026-01-12,2630.53,2026-01-14,2677.91,2026-01-16,2677.91,2026-01-16,2677.91,2026-01-16,2677.91,2026-01-16,2468.53,2025-12-01,2677.91,2026-01-16,2677.91,2026-01-16,2677.91,2026-01-16,2677.91,2026-01-16
2025-12-08,2026-01-23,RUT,46,2532.9,2668.95,16.54,2270,2345,2465,2485,75,20,-0.158,0.682,2110.0,21.1,5390.0,110.0,110.0,2026-01-23,WIN,hold,1,150.0,110.0,660.0,110.0,110.0,110.0,150.0,300.0,110.0,110.0,110.0,110.0,110.0,110.0,110.0,110.0,110.0,2648.9,2026-01-20,2668.95,2026-01-23,2526.9,2026-01-05,2668.95,2026-01-23,2668.95,2026-01-23,2668.95,2026-01-23,2648.9,2026-01-20,2677.9,2026-01-21,2668.95,2026-01-23,2668.95,2026-01-23,2668.95,2026-01-23,2668.95,2026-01-23,2668.95,2026-01-23,2668.95,2026-01-23,2668.95,2026-01-23,2668.95,2026-01-23,2668.95,2026-01-23
2025-12-15,2026-01-30,RUT,46,2546.94,2614.42,16.51,2290,2365,2485,2500,75,15,-0.1601,0.6758,1780.0,17.8,5720.0,280.0,280.0,2026-01-30,WIN,hold,1,280.0,280.0,480.0,280.0,280.0,280.0,280.0,300.0,280.0,280.0,280.0,280.0,280.0,280.0,280.0,280.0,280.0,2678.94,2026-01-26,2614.42,2026-01-30,2625.94,2026-01-09,2614.42,2026-01-30,2614.42,2026-01-30,2614.42,2026-01-30,2678.94,2026-01-26,2668.94,2026-01-28,2614.42,2026-01-30,2614.42,2026-01-30,2614.42,2026-01-30,2614.42,2026-01-30,2614.42,2026-01-30,2614.42,2026-01-30,2614.42,2026-01-30,2614.42,2026-01-30,2614.42,2026-01-30
2026-01-05,2026-02-20,RUT,46,2526.79,2663.85,14.95,2290,2360,2470,2480,70,10,-0.1587,0.6768,1440.0,14.4,5560.0,440.0,440.0,2026-02-20,WIN,hold,1,350.0,440.0,380.0,600.0,440.0,440.0,350.0,450.0,440.0,440.0,440.0,440.0,440.0,440.0,440.0,440.0,440.0,2623.79,2026-02-17,2663.85,2026-02-20,2634.79,2026-01-09,2677.79,2026-01-16,2663.85,2026-02-20,2663.85,2026-02-20,2623.79,2026-02-17,2674.79,2026-02-18,2663.85,2026-02-20,2663.85,2026-02-20,2663.85,2026-02-20,2663.85,2026-02-20,2663.85,2026-02-20,2663.85,2026-02-20,2663.85,2026-02-20,2663.85,2026-02-20,2663.85,2026-02-20
2026-01-12,2026-02-27,RUT,46,2618.45,2632.9,15.42,2370,2440,2555,2570,70,15,-0.1573,0.68,1705.0,17.05,5295.0,205.0,205.0,2026-02-27,WIN,hold,1,335.0,205.0,455.0,205.0,205.0,205.0,335.0,295.0,205.0,205.0,205.0,205.0,-425.0,205.0,205.0,205.0,205.0,2641.45,2026-02-23,2632.9,2026-02-27,2695.45,2026-02-10,2632.9,2026-02-27,2632.9,2026-02-27,2632.9,2026-02-27,2641.45,2026-02-23,2656.45,2026-02-25,2632.9,2026-02-27,2632.9,2026-02-27,2632.9,2026-02-27,2632.9,2026-02-27,2624.45,2026-02-04,2632.9,2026-02-27,2632.9,2026-02-27,2632.9,2026-02-27,2632.9,2026-02-27
2026-02-02,2026-03-20,RUT,46,2617.17,2438.03,17.54,2325,2410,2540,2560,85,20,-0.1605,0.6825,2340.0,23.4,6160.0,2340.0,2340.0,2026-03-20,WIN,hold,1,780.0,2340.0,780.0,1060.0,1190.0,1870.0,780.0,1310.0,2340.0,2340.0,2340.0,2340.0,-660.0,2340.0,2340.0,2340.0,2340.0,2523.17,2026-03-16,2438.03,2026-03-20,2523.17,2026-03-16,2534.17,2026-03-17,2516.17,2026-03-17,2465.17,2026-03-19,2523.17,2026-03-16,2507.17,2026-03-18,2438.03,2026-03-20,2438.03,2026-03-20,2438.03,2026-03-20,2438.03,2026-03-20,2624.17,2026-02-04,2438.03,2026-03-20,2438.03,2026-03-20,2438.03,2026-03-20,2438.03,2026-03-20
2026-02-09,2026-03-27,RUT,46,2662.38,2450.15,18.17,2350,2440,2580,2600,90,20,-0.1608,0.6812,2345.0,23.45,6655.0,2345.0,2345.0,2026-03-27,WIN,hold,1,805.0,2345.0,805.0,945.0,1345.0,1825.0,805.0,1345.0,2345.0,2345.0,2345.0,2345.0,-335.0,-865.0,2345.0,2345.0,-955.0,2510.38,2026-03-23,2450.15,2026-03-27,2510.38,2026-03-23,2510.38,2026-03-24,2535.38,2026-03-25,2527.38,2026-03-26,2510.38,2026-03-23,2535.38,2026-03-25,2450.15,2026-03-27,2450.15,2026-03-27,2450.15,2026-03-27,2450.15,2026-03-27,2561.38,2026-03-03,2475.38,2026-03-09,2450.15,2026-03-27,2450.15,2026-03-27,2432.38,2026-03-20
2026-02-23,2026-04-10,RUT,46,2641.87,2630.64,20.33,2300,2400,2555,2575,100,20,-0.1614,0.6774,2450.0,24.5,7550.0,450.0,450.0,2026-04-10,WIN,hold,1,1180.0,450.0,690.0,1180.0,450.0,450.0,1180.0,680.0,450.0,450.0,450.0,450.0,-410.0,-890.0,450.0,450.0,450.0,2533.87,2026-04-06,2630.64,2026-04-10,2662.87,2026-02-25,2533.87,2026-04-06,2630.64,2026-04-10,2630.64,2026-04-10,2533.87,2026-04-06,2626.87,2026-04-08,2630.64,2026-04-10,2630.64,2026-04-10,2630.64,2026-04-10,2630.64,2026-04-10,2620.87,2026-02-23,2474.87,2026-03-09,2630.64,2026-04-10,2630.64,2026-04-10,2630.64,2026-04-10
2026-03-02,2026-04-17,RUT,46,2612.07,2777.0,21.84,2275,2370,2525,2545,95,20,-0.1604,0.6797,2430.0,24.3,7070.0,430.0,430.0,2026-04-17,WIN,hold,1,600.0,430.0,620.0,430.0,430.0,430.0,600.0,430.0,430.0,430.0,430.0,430.0,-320.0,-860.0,430.0,430.0,430.0,2638.07,2026-04-13,2777.0,2026-04-17,2534.07,2026-04-06,2777.0,2026-04-17,2777.0,2026-04-17,2777.0,2026-04-17,2638.07,2026-04-13,2710.07,2026-04-15,2777.0,2026-04-17,2777.0,2026-04-17,2777.0,2026-04-17,2777.0,2026-04-17,2608.07,2026-03-03,2433.07,2026-03-20,2777.0,2026-04-17,2777.0,2026-04-17,2777.0,2026-04-17
2026-03-09,2026-04-24,RUT,46,2475.11,2786.96,30.83,2065,2185,2370,2395,120,25,-0.1602,0.6796,2980.0,29.8,9020.0,480.0,480.0,2026-04-24,WIN,hold,1,470.0,480.0,770.0,480.0,480.0,480.0,470.0,420.0,480.0,480.0,480.0,480.0,-450.0,480.0,480.0,480.0,480.0,2780.11,2026-04-20,2786.96,2026-04-24,2496.11,2026-03-31,2786.96,2026-04-24,2786.96,2026-04-24,2786.96,2026-04-24,2780.11,2026-04-20,2793.11,2026-04-22,2786.96,2026-04-24,2786.96,2026-04-24,2786.96,2026-04-24,2786.96,2026-04-24,2543.11,2026-03-11,2786.96,2026-04-24,2786.96,2026-04-24,2786.96,2026-04-24,2786.96,2026-04-24
2026-03-16,2026-04-30,RUT,45,2522.8,2800.45,24.04,2170,2270,2430,2450,100,20,-0.1612,0.6791,2500.0,25.0,7500.0,500.0,500.0,2026-04-30,WIN,hold,1,510.0,500.0,700.0,500.0,500.0,500.0,510.0,560.0,500.0,500.0,500.0,500.0,-320.0,500.0,500.0,500.0,500.0,2786.8,2026-04-25,2800.45,2026-04-30,2524.8,2026-04-01,2800.45,2026-04-30,2800.45,2026-04-30,2800.45,2026-04-30,2786.8,2026-04-25,2770.8,2026-04-28,2800.45,2026-04-30,2800.45,2026-04-30,2800.45,2026-04-30,2800.45,2026-04-30,2452.8,2026-03-20,2800.45,2026-04-30,2800.45,2026-04-30,2800.45,2026-04-30,2800.45,2026-04-30
2026-03-23,2026-05-08,RUT,46,2509.94,2860.96,24.26,2150,2250,2415,2440,100,25,-0.1588,0.6815,2805.0,28.05,7195.0,305.0,305.0,2026-05-08,WIN,hold,1,295.0,305.0,715.0,305.0,305.0,305.0,295.0,305.0,305.0,305.0,305.0,305.0,-645.0,305.0,305.0,305.0,305.0,2815.94,2026-05-04,2860.96,2026-05-08,2632.94,2026-04-09,2860.96,2026-05-08,2860.96,2026-05-08,2860.96,2026-05-08,2815.94,2026-05-04,2858.94,2026-05-06,2860.96,2026-05-08,2860.96,2026-05-08,2860.96,2026-05-08,2860.96,2026-05-08,2463.94,2026-03-27,2860.96,2026-05-08,2860.96,2026-05-08,2860.96,2026-05-08,2860.96,2026-05-08
2026-03-30,2026-05-15,RUT,46,2435.49,2793.14,30.67,2035,2145,2325,2355,110,30,-0.16,0.6827,3315.0,33.15,7685.0,315.0,315.0,2026-05-15,WIN,hold,1,315.0,315.0,315.0,315.0,315.0,315.0,315.0,315.0,315.0,315.0,315.0,315.0,315.0,315.0,315.0,315.0,315.0,2878.49,2026-05-11,2793.14,2026-05-15,2793.14,2026-05-15,2793.14,2026-05-15,2793.14,2026-05-15,2793.14,2026-05-15,2878.49,2026-05-11,2822.49,2026-05-13,2793.14,2026-05-15,2793.14,2026-05-15,2793.14,2026-05-15,2793.14,2026-05-15,2793.14,2026-05-15,2793.14,2026-05-15,2793.14,2026-05-15,2793.14,2026-05-15,2793.14,2026-05-15
2026-04-06,2026-05-22,RUT,46,2533.8,2869.01,24.21,2175,2275,2440,2465,100,25,-0.1581,0.68,2830.0,28.3,7170.0,330.0,330.0,2026-05-22,WIN,hold,1,330.0,330.0,820.0,330.0,330.0,330.0,330.0,330.0,330.0,330.0,330.0,330.0,330.0,330.0,330.0,330.0,330.0,2792.8,2026-05-18,2869.01,2026-05-22,2739.8,2026-04-29,2869.01,2026-05-22,2869.01,2026-05-22,2869.01,2026-05-22,2792.8,2026-05-18,2773.8,2026-05-20,2869.01,2026-05-22,2869.01,2026-05-22,2869.01,2026-05-22,2869.01,2026-05-22,2869.01,2026-05-22,2869.01,2026-05-22,2869.01,2026-05-22,2869.01,2026-05-22,2869.01,2026-05-22
2026-04-13,2026-05-29,RUT,46,2638.44,2919.91,20.1,2320,2410,2555,2580,90,25,-0.1591,0.6829,2705.0,27.05,6295.0,205.0,205.0,2026-05-29,WIN,hold,1,205.0,205.0,205.0,205.0,205.0,205.0,205.0,205.0,205.0,205.0,205.0,205.0,205.0,205.0,205.0,205.0,205.0,2912.44,2026-05-26,2919.91,2026-05-29,2919.91,2026-05-29,2919.91,2026-05-29,2919.91,2026-05-29,2919.91,2026-05-29,2912.44,2026-05-26,2925.44,2026-05-27,2919.91,2026-05-29,2919.91,2026-05-29,2919.91,2026-05-29,2919.91,2026-05-29,2919.91,2026-05-29,2919.91,2026-05-29,2919.91,2026-05-29,2919.91,2026-05-29,2919.91,2026-05-29
